post_id,comment_id,author,body,score,created_utc
1lygpaf,n2tu314,NavHf93,"Good Bait, in fact excellent bait.",693,1752371529.0
1lygpaf,n2truaf,akirakurou,![gif](giphy|y2i2oqWgzh5ioRp4Qa),483,1752370698.0
1lygpaf,n2tthp2,Excellent_Energy_308,didnt expect rage bait in bolehland💀,258,1752371309.0
1lygpaf,n2trlcu,Toumei-ningen-121,yo i downvoted so fast. good thing i saw thar ending. mf u probably arent even married huh?,429,1752370607.0
1lygpaf,n2ttutc,Apocalaxse,"Hmm, board games always have ways to win, cheating is not the way. I always win terraforming mars, don't go for those high cost cards in the beniging, instead try to build those resources generator, and try to hit those bonus with chain reaction. Bring the moons down whenever the opponent have a lot of wood resources, get those cheaper moons down instead deimos and others. Conquer those city tile and ocean. However, I would advise you to focus on 1 objective, meaning that either you play safe ( resources generating and conquer objectives ), or chaotic playstyle ( offensive and conquer). There's also using the victory point farming method, but I don't really like to use that as the criteria for establishing those card vary from card to card, unstable. Goodluck, cheating is not the way.",74,1752371444.0
1lygpaf,n2txscx,AlphaCrystal21,https://preview.redd.it/th5lc79ewjcf1.png?width=960&format=png&auto=webp&s=f614c2afb6751e88bf800c650365c14580b515ed,52,1752372926.0
1lygpaf,n2ttjti,Cloud11092,Skill issues…,32,1752371331.0
1lygpaf,n2trbcb,LittleStarClove,"Mods, perhaps?",30,1752370503.0
1lygpaf,n2tvfqf,Legal_Square_8854,"I'm truly disappointed reading the end.

I was so ready to fight aiyo",22,1752372026.0
1lygpaf,n2u1twv,notimportant4322,"Buy her all sort of beverages during your game session and make her drink them so she has to use the toilet often.

Move the pieces around wheb she’s away.",16,1752374501.0
1lygpaf,n2tubji,chombowombo9909,Ts ragebaitland,14,1752371615.0
1lygpaf,n2tv66u,indahkiat,"Wait. If you want her to feel the pain then why would you want to be discreet? If you are discreet how will she know you are cheating? 

You can't have your cake and eat it /s.

Yes, I read it all the way to the end.",12,1752371928.0
1lygpaf,n2tzupw,49but17,Flip the table before she win,10,1752373732.0
1lygpaf,n2tvzi1,pandancake88,You weak. Accept it.,10,1752372233.0
1lygpaf,n2ulx59,SpecialistAd2332,![gif](giphy|7gr7AW21CxvoLK7uY6|downsized),7,1752383257.0
1lygpaf,n2ts32n,exia-_-,"My faith in humanity was about to be restored when I saw that title, then read your post till the end and now it's lost again.",35,1752370789.0
1lygpaf,n2tvm7b,miaowpitt,"Don’t. 

Trust me, your win won’t feel special. 

Just persevere.",6,1752372094.0
1lygpaf,n2tykqn,FlyingCheeseNaan,You maderfaker i was about to downvote,6,1752373236.0
1lygpaf,n2ttv7b,Cheap-Ad2945,Maybe watch some YouTube ? I think they do teach these and how to hide in YouTube.,5,1752371449.0
1lygpaf,n2ult7z,Extension-Ad-7422,"Shouldn't u proud u got beat up in the games u really good at? 😅 Well idk...good luck bro. My advice dont cheat...if u lose n she noticed u cheat but just be with it... u got even worst ""humiliation"". 

I dont want to hear this in my own game...""main cheat pun kalah...huuuhhh hhhmmppphh""",5,1752383203.0
1lygpaf,n2u0zzp,Open_Boysenberry_955,Lesson: Always ALWAYS read the entire thing.,9,1752374178.0
1lygpaf,n2ttypk,Vegetable-Button1305,Problem is she beats you so often when you win she will know something is up 😅🤣,5,1752371485.0
1lygpaf,n2ujyf5,adamxing90,"LMAOOO you had me in the first half not gonna lie

Your mission isn’t love. It’s not healing. It’s revenge and you shall have it, one suspicious resource token at a time.",4,1752382307.0
1lygpaf,n2trkr5,sharkofhedriz,"https://preview.redd.it/byq89kd7pjcf1.png?width=637&format=png&auto=webp&s=2921ee5574abdcfc361f38d3fbd2d4f9ce4ba681

source : merriam-webster

not to be the 🥸 but the title is wrong.",12,1752370601.0
1iyel6m,metvzsr,NoDifficulty1866,This is satire.,516,1740542551.0
1iyel6m,metv8z6,Acceptable-Aspect-32,"Ask him, what’s the color of his bugatti ?",839,1740542267.0
1iyel6m,metvawt,Low_Somewhere8580,Sounds like some kinds mental illness ngl,392,1740542286.0
1iyel6m,metvzx3,_IcyCube,"Thank you OP, reading this makes me laugh so bad. Why does my bro acting like alpha sigma wolf type 😭😭😭. Pls don't tell me he didn't learn all of that from Andrew Tate too",289,1740542552.0
1iyel6m,metv9j7,Mission_Public_8442,Signiama boy lah him,83,1740542272.0
1iyel6m,metypi2,Acrobatic-Forever-95,Op's other posts tell me this might be a troll post or to farm karma.. idk why I can feel it,66,1740543612.0
1iyel6m,metvbix,jollofrice01,🤣🤣🤣🤣🤣 bruhhh just leave him already. Who does he think he is? 🤡,83,1740542293.0
1iyel6m,metz3rt,Arikoh,"https://preview.redd.it/q0khto69uele1.jpeg?width=1722&format=pjpg&auto=webp&s=669c58a2898a997f42541aff5f6f8864c4e0f4ef

Smegma Male Grindset😎😎😎🥸🥸🥸🥸",36,1740543772.0
1iyel6m,metw45i,BreacherX,"Truly

https://i.redd.it/7cq240erqele1.gif",26,1740542597.0
1iyel6m,metvzsl,Luna2648,Idk if this is troll post or not lmafao but if real him calling your dad a beta provider is a b*tch move and warrant a slap in the face,12,1740542551.0
1iyel6m,metycdn,Acrobatic-Forever-95,![gif](giphy|QlpRTJ2FIIpOmZrNgG),19,1740543466.0
1iyel6m,metvc6v,[deleted],"He is delusional and over in his head. He will make you suffer and you are the one will pay the price 

But knowing sometimes women would still choose boys like this, are you willing to accept this?",22,1740542300.0
1iyel6m,metvit8,xelrix,"Naaah this has got to be fake.  
Sigma nuts",15,1740542369.0
1iyel6m,meuuuxd,xjzsyx,"https://preview.redd.it/nf1u4mvw6gle1.jpeg?width=1220&format=pjpg&auto=webp&s=eade7bfa00e7f0bed63c8eb15a9e2accbe3b9c88

Lol did u copy from another redditer that posted 3 days ago?",7,1740560107.0
1iyel6m,metvow4,NeoKlang,is he one of Tate's groupies?,12,1740542433.0
1iyel6m,metwzpt,wctree,"[https://youtu.be/rduZaIoF--o?si=HV0ahZf4as39r-N-](https://youtu.be/rduZaIoF--o?si=HV0ahZf4as39r-N-)

Play him this",6,1740542936.0
1iyel6m,meu8idz,[deleted],Your bf is cringe. Date me instead.,6,1740547774.0
1iyel6m,metvsi9,Seekret_Asian_Man,"There is a way, leave his sorry ass.",4,1740542471.0
1fjdvoq,lnnhzqm,RandomFish83,Sounds very wholesome dude. I wish him and you much love ♥️,186,1726615606.0
1fjdvoq,lnnuxq0,BabaKambingHitam,"You let him vent.

So you have made his day better.",313,1726620442.0
1fjdvoq,lnnlt69,FFDi,"Some regrets u can never move on. I'm sure everyone has that one moment ""kenapa aku tak fight masa tu eh?"". I hate that feeling the most.

You took your step. Congrats bro, u might not feel it, but you are very brave.",360,1726617015.0
1fjdvoq,lnnkoi6,clip012,"To survive adult life, never put parents on a pedestal, they are just people. Always mengamuk when they don't get what they want.

Thanks for sharing the story. Aside from his sadness, probably the uncle was also happy seeing his dream actually happen to other people in reality.

And kudos to you for being sure and went both legs in for your wife.",106,1726616595.0
1fjdvoq,lnni3h5,[deleted],[deleted],182,1726615643.0
1fjdvoq,lnnte9a,Dumas1108,"Although it seems hard to stand up and do things against the will of our parents, we still have to do it especially if it's for our future and the love of our life. 

Parents should just give their opinions and advise but respect the final decision of their child.",23,1726619861.0
1fjdvoq,lnouqo5,LeoChimaera,"My sister wanted to marry a muslim. Asked my mum and dad, both just said… follow your heart. No drama. Now happily with 3 grown up kids and a few cucu!",19,1726636072.0
1fjdvoq,lnnve4y,[deleted],"Thanks for restoring my faith in love again. As for that uncle, I believe he has been keeping things inside for along time already, and needed to let it out at last. I’m sure he felt better after sharing his story with you. But yea, it may brought up some feelings from the past.",38,1726620616.0
1fjdvoq,lno0xaa,ThisIsNotWhoIAm921,"Not trying to be an ass here but I think it is in our nature to always think that the grass is greener on the other side. Yes he thinks he might be happy with the girl but who knows for sure? Things change, often for the worse, with the passage of time.",28,1726622723.0
1fjdvoq,lnp23p8,Odd-Personality-8925,"I too walked away from my Chinese boyfriend when things get serious between us - simply becoz I dont think both our parents can accept each other. And I was young, I dont want to marry that early and I dont want to hold him to so called ""muslims dating"" till im ready to be married. 

Now im 30, i still cant get over him. 
I cant find anyone that I like more than him.",12,1726640368.0
1fjdvoq,lnnrn01,Alternative_Peace586,"The thing is, people aren't against mixed marriages

People are against the extremely unfair policy of mixed marriage couples being unable to register their marriage unless their spouse converts to Islam

As many have mentioned in this sub, do away with this policy and you will instantly see a surge of mixed marriages in Malaysia

I don't blame OP for giving in, it's his life and his decision, but I actually admire people who hold out against this unfair policy even if it comes at a personal cost to them",69,1726619199.0
1fjdvoq,lnnqanf,derivativescomm,True love exists. Sadge,7,1726618696.0
1fjdvoq,lno2rkm,anf1703,"i love reading your stories, Abang-Cina-Who-Married-Awek-Melayu",8,1726623440.0
1fjdvoq,lno8mjt,Present_Student4891,"Met an old man on an Egyptian train. He lamented that years ago he became friends with US Air Force personnel during WW2. After the war they offered to take him to the U.S., but his uncle told him to stay in Egypt, watch his parents, etc. He was so pissed that he had obeyed his uncle’s advice.",7,1726625730.0
1fjdvoq,lnpiww6,limpek2882,What if his parents actually save him from years of heartache.. Ppl only reminised what they can't have rather than appreciate what they actually have..,6,1726652271.0
1fjdvoq,lnp1muz,isbgd54,为你孩子感到悲哀，一出生就被宗教枷锁着,11,1726640066.0
1fjdvoq,lno7wnh,Time_Foundation_7436,"I think it's a profound moment for him and you didn't make his day bad. If he dwells on it and gives it more thought itll do him some good, insyallah

You're good OP, its in our fitrah to be loved and taken care of",5,1726625444.0
1fjdvoq,lnokidh,wit4witcher,"Ngl when I read the title, I thought I was in for some spicy story.",5,1726630809.0
1fjdvoq,lnnlnh3,Comfortable_Emu9110,If only tiada paksaan dalam Islam. Then the world would be a better place.,52,1726616956.0
1fjdvoq,lnojyy9,shakingleg,"As someone heading in a similar situation, I am really glad you had a happy conclusion OP. Gives me hope one day I can get a good ending too.",5,1726630557.0
1fjdvoq,lnpojls,deedeed111,"people tend to fantasize about the one that “got away” because they never lived through the reality of life with the person. Being cut off at the early highly romantic stage tends to leave that lingering feeling. 
He might not actually feel it was worth it if he actually went down that path, life is full of what ifs, we can’t lament all of them.",4,1726655935.0
1fjdvoq,lnoftqh,odd_savage_,"I just hope that Uncle doesn’t resent his parents.

Maybe at that time his parents were thinking for his best (like all parents are).

I like your way of saying it is all Allah SWT will. 

Stay happy.. Till jannah with your wife bro.",3,1726628710.0
1fjdvoq,lnog03o,SupraPenguin,"Damn, he probably saw what he and his ex gf could've been.",3,1726628787.0
1fjdvoq,lnonmqf,Efficient-Return6071,this very overlooked behind the scene story of our people.,3,1726632315.0
1fjdvoq,lnp41pp,Pabasa,Part of the plot for Talentime. That movie made me cry too.,3,1726641655.0
1fjdvoq,lnp7s83,[deleted],"Hello OP, thought I should chip in here- this is such a wholesome sharing, and having read your other posts, it sounds like you've found not only a good life partner, but also peace in your faith.

Truth to be told, I feel there's a certain aversion and antipathy towards other races by a lot of Chinese boomers on the Peninsula for whatever reason (same can be said for Malay/other boomers), to the point that a Chinese-Indian marriage (where religious conversion is not at play) is seen as inappropriate. I go to Sabah, Sarawak, and in Singapore where I live, interracial marriages are a lot more common and the mixing of cultures is accepted. The concept of 'tainting the bloodline' just reeks of Nazism to me. 

I've had a similar experience, in that I made a lot of Malay friends (and other races/nationalities) in my A Level days and at university and began learning about other cultures and religions and understanding how they view things. You know, I found that the Islamic view of death and the afterlife is way more in line with my own philosophy compared to the Chinese Taoist/Buddhist one. That and other things which mean that the way I view things is not Confucian or Buddhist or Taoist. That said, one sticking point in relationships is religion especially when one has to make significant lifestyle and cultural changes, and bureaucracy (particularly in the Malaysian context). I've a lot of respect for Islam and its ability to unify people of different races and backgrounds, but the changes that one has to make with conversion are not something everyone can do.",3,1726644194.0
1fjdvoq,lnp9ztc,Thanos_your_daddy,"Reading this feels wholesome and sad at the same time wholesome means you showed that uncle it is possible to marry a person who doesn't have the same culture as yours.

Sad is well what he told you about he's Story.

I hope he finds happiness and maybe end up with that malay lady in the future (idk only happens in movies but you'll never know)

I'm sure he appreciated you talking to him OP maybe you helped him let out a feeling he held inside for years",3,1726645797.0
1fjdvoq,lnsdn0b,Kamalarmenal,"As someone who went through the same thing as the uncle (me malay dating a chinese girl. Different race and also difference ""wealth class"" if that counts). I can understand his regret of not standing to your parents about what you think is right or wrong. 

But for me, I have no regret because now, I am able to be myself and say yes or no to my parents. In an adult way of course.",3,1726689968.0
1kv7u6w,mu7dvz8,SpecificLong3351,"I mean yeah when you leave Malaysia you will still be othered by the locals of the land you settle down in. 

In Malaysia with efforts and time there is a good possibility to change the views of the majority.

Malay people I believe are genuinely good and kind hearted people and politicians have abuse that 

They cause fear in them and to retain power they continue to stoke that flame. But with time things will change 

We may not be around to enjoy the change but every effort you make will be the foundation of change that the future generations will enjoy.",593,1748194407.0
1kv7u6w,mu7nuu1,MiniMeowl,"Yes but once you change citizenship and become Singaporean, you are of equal standing vs all other Singaporeans in the eyes of the law.

In Malaysia, you can get a combo of Social discrimination AND Legal discrimination despite being a citizen. Life is still good in Malaysia even with no handouts though. Tbh I rather be 2nd rate citizen and comfortable here vs equal citizen and suffer in Singapore.",242,1748197396.0
1kv7u6w,mu7mcd0,Virion1124,"Sure, Singaporean can hate you for being there to steal their job, but they can't do anything about it because the Singapore government never prohibit you from goin there to study or getting a job. You can show middle finger to those Singaporean and proceed to work there without any problem.

Meanwhile in Malaysia, it's written in the government policy and there's nothing you can do about it. Try apply to become supplier for any GLC and they will tell you in the face you need to be a bumi company. Go apply for public university and they will tell you in the face the quota for non-bumi already finished, maybe you can try apply for unpopular/low demand majors like performing art or forestry, then maaaaybe, just maybe you can get a chance to enter, then hate your job after you graduate. My company even received a bunch of interns who were fully paid by the government to work there and that program was only for bumi students.

Calling you pendatang ain't something if it doesn't affect your life, but this... yes they don't call you pendatang but all the policies are making you to acknowledge you're pendatang.",247,1748196926.0
1kv7u6w,mu90sgy,Motor_Bottle6981,"Honestly a lot of overseas Malaysian or ex Malaysian complaining about their residing countries, talking about how this miss this and that la regret moving here la food is better back home la retire in Malaysia la.. but ahh the magical part is will they come back if their visa is still valid ? No la my family is here, no la my work is too busy, no la I have all my friends here, no la I'm used to this place, noo laaaa wait until I save money first.

At this age one is able to differentiate good and bad, so if it's brainwash one is brainwashing themselves.",27,1748213504.0
1kv7u6w,mu8sqr0,BabaKambingHitam,"In singapore, you are a pendatang, but 1 or 2 generations later, you are not a pendatang anymore.

That's not the case in malaysia.

But if malaysia felt like home to you, then stay in malaysia. No problem one.",107,1748210594.0
1kv7u6w,mubcrur,Warm_Presentation506,"as an  Indian, I was discriminated by Malaysian Chineses, couldnt even land a job with my qualifications all bcuz I dont speak their language or not from the same race. 

Came to Singapore, hoping for recognition and more opportunities. Still the same here.  
Yes Bro I FeeL You.",19,1748251597.0
1kv7u6w,mu7fjye,EuclideanEdge42,"You may face discrimination socially/from individuals in Singapore, but in Malaysia it’s government policy to discriminate based on race & religion. 

At the working level, maybe Malaysian discrimination isn’t really felt, but in GLCs, if you’re not well connected & of the right race, you will not be considered for the top posts. 

If you just want to work in private/MNCs, you should be fine. But I think deep down, Chinese Malaysians fear government policies will go in a “wrong” direction.",188,1748194889.0
1kv7u6w,mu9iv7n,uberschnappen,"Interesting that OP thinks ""xenophobia at its purest"" was while they were in Singapore during elections.

Is that really worse than pure racism that is the Bumiputera rules and policies?

Or how about the outright xenophobic reactions by Malaysians to indians or any dark-skinned ethnicities?

You thoughts are skewed by being fortunate enough to follow thru the Malaysian Chinese ""dream"" to migrate.",16,1748220196.0
1kv7u6w,mu7m75u,Mason0493,"Honestly I feel you, in a way I'm half Chinese and half indian. Sometimes I get stuck in between and don't even know how I feel about myself. Like what am I? when they talk about Chinese or Indians I feel like they are discriminating against me as well. So when both sides happen to discriminate against each other(happened but only a few times) I'm like Yooo stop man.",23,1748196881.0
1kv7u6w,mua7l5m,SpecialAd9016,"Trust your parents. They have seen it all and this is their conclusion. 
Spore is not the utopia, but it is a springboard to better alternatives. More than 50% of Spore consist of foreigners, and even within that 50% so called Sporeans, 40% are from Msia. So why worry?
Always remember, in Msia, racial and religious discrimination is legal and part of the constitution. 

Ppl like your parents and of my age have seen the kind of corruption and power abuse in the country for decades and have given up on real change. We have done all we could to effect change and be a good responsible and accountable citizen, but nothing really changed. 
Trust me when your parents tell you to move to a better place, it's not because they don't love Msia but they love you more. For them, all is too late. Despite the imperfections of Tanah tumpah darahku, the emotional attachment is too strong to leave the country. But for you, it is different. You have a new start. And they are willing to let you go reluctantly and painfully, hoping that you do not suffer the same dillemma like them. Chances are, they were told the same by their parents or older relatives but refused to listen. 

It is not brainwashed, but wisdom over the decades. And the truth pains. 

In 20 years time, the population of Msia will be 80% muslims and only God knows the version of islam that will be used to govern the country. You will be in your middle age with little career flexibility. Change would be very difficult. What option will you have then?

 I have no doubt NEP will still be in force on that day. Do you want to stay on to find out for your children? I have worked on so many government projects to know that  corruption is so endemic, blatant and merciless. Merciless is because these projects are meant to benefit our next generation and yet, they still dip their dirty hands inside to get a share.

Take care and may you make the best decision for yourself and family.",27,1748229735.0
1kv7u6w,mua5x73,Just_a_Malaysian,"""*The truth often lies, unclaimed, in the middle*."" 

Would I say Chinese Malaysians are ""brainwashed"". Probably not, but there's some level of truth to what's being said. 

Are they discriminated against? Yes. Legally speaking, the Nons are LITERALLY locked out of certain opportunities DESPITE being a citizen.   
(E.G. UiTM - which insultingly accepts international students. This implies that you have a better chance entering UiTM as a non if you emigrate, renounce your citizenship, get a different citizenship and apply for it than applying for it as a Malaysian Non.) This example is just one of MANY examples. 

The idea goes that, if the nons are legally locked out of certain opportunities in Malaysia, you might as well go elsewhere with a higher standard of living whilst locked out of certain opportunities as a PR. In theory, once you do get the citizenship, you would enjoy all of the rights everyone else enjoy and is ultimately better for it. 

Is it all sunshine and rainbow elsewhere like they purport it to be? Definitely not. Every nation has their own issues, be it legally, culturally and so on. Is Malaysia doomed and all gloomy as the elders claimed it to be? Definitely not as well. 

The truth is somewhere in the middle.   

>I just think the grass isn't always greener on the other side.

You said it best, this is indeed how it is. I have lived mid to long term in 2 different countries so far, and I still like it better in Malaysia.",10,1748229048.0
1kv7u6w,mu7bkxh,CaptainPizdec,"That's not brain wash, that's just exposure. Brain wash would be the discrimination doesn't exist.",59,1748193737.0
1kv7u6w,mu9xsmc,TurbulentTailor1515,"I think the real problem isnt a race problem per se, but a class problem. Always was, always has been. 

The T20s has made it seem like it is Malay vs Chinese in an effort to prevent us from recognizing the real problem in the country, the massive wealth disparity between the rich and poor. As a working adult, just seeing how little average Malaysians are getting paid today, and how little our wages are growing over the past 30 years, it makes me angry at the rich people who keep getting richer. So i think both Malays and Chinese have sort of been brainwashed into fighting each other instead of the real enemy.",10,1748225866.0
1kv7u6w,mu9civ2,Brilliant_Tapir,"Maybe your generation had more options. My generation, we had limited options to get into uni. Your parents probably had it worse.

There were only 6-7 public unis at that time. We were told non Bumi had 30% quota but for those critical courses like engineering it was only about 10%. My Chinese classmates with 9A1s couldn't get into UTM (this was in the 90s) but Malays with P7 for add maths got accepted into aeronautical engineering. The other option was foreign twinning programmes, which most parents couldn't afford. Many mortgaged their houses and took a chance to send their kids overseas.

Your parents probably didn't keep updated with the options you had when they asked you to focus on your studies. Ask yourself this: If you settled in Singapore and have children born there, would they be called pendatang? Because your children born here in Malaysia and all their descendants would still be.",17,1748217809.0
1kv7u6w,mu7dbu4,abgbeca,"Melayu tengok cina kata cina macam2 dapat...cina tgk melayu kata melayu macam2 dapat. Vice versa, itu dasar pecah dan perintah politician. Even I'm malay pay tax alot, not in b40 category, M40 apa pun privilege pun takde, satu sen bantuan pun tak dapat.

Hujan emas di negara orang hujan batu di negara sendiri. Lebih baik negara sendiri",102,1748194245.0
1kv7u6w,mu9ygnf,BiscottiClean4771,"But can they tell you apart from a Singapore chinese? They cant. Can we tell you apart from a Malay? Surely. 

Now to continue the story: 
1. Did the chinese get threatened with violence? Yes, if you never heard it which I bet you dont, just go to some rural places' masjid and you will not forget what you heard. 
2. Are chinese getting threatened with exclusion from political expression? Yes, PAS literally wrote in their I dont know what they call it (at this point call it wahyu I believe some malay will fall for that, considering that they have this Nabi masuk mimpi thing). 
3. Are grass greener at Singapore? Looking at the opportunities they can provide, dont fool yourself.

From your background I dont think you feel us. Maybe we are brainwashed, but you surely never experience things that some of us had been through",15,1748226123.0
1kv7u6w,mua2k5j,hijifa,"Nah when SG said pendatang they meant anyone not Malaysian Chinese lol.. Malaysian Chinese fot perfectly in their culture and they want as many of us as possible. Others though, not so much, or more like they really don’t want people not Chinese to be there.",7,1748227707.0
1kv7u6w,mu98ycu,drkiwihouse,"There is no brainwash.

My parents told me things in Malaysia are not so fair, i chose not to believe it.

When i grow up, only i realise what they have told me are at least 80% true. Quota in education? Biased treatments in university? Shitty government policies favouring race & religion than practicality?

I am lucky that i am not from a underprivileged family to begin with, therefore i am not so much impacted by the unfairness in the system.

Anyway, i wish Malaysia to improve in terms of social fairness in government policy. I born in Malaysia and Malaysia is my home country. Like a quote i saw recently: ""I love my country, but do my country loves me?"" I wish all Malaysian (includes Malay) ask ourselves, what is the Malaysia we want to see? Continue the preferential treatment by race and religion, or help the poor and socially underprivileged?",24,1748216511.0
1kv7u6w,muajlzu,anondan123,"I've lived both in Malaysia and overseas. There is no brainwashing. We are discriminated in this country. We are also discriminated outside Malaysia.

But what we don't get right, is the narrative that only the Malays are the oppressors. The truth is, all races are oppressors when they are in power. There is no racial equality anywhere because all races want it all for themselves only, be it Malays, Chinese, Indians or whoever.",7,1748235136.0
1kv7u6w,mub58z6,genericbij,"I'm full blooded cina that dont look cina at all, I face racism only from my people (usually I get mistaken as malay, indian, chindian and filipina)",7,1748247005.0
1kv7u6w,mu7q0xo,zenuxapp,"Not brainwashed but ignorant. Other countries have their own problems. You need to find out what matters to you in ur life. You will be surprised how convenient Malaysia is compared to a lot of these ""better countries"", like we thought Malaysia is shit until u realize those countries are actually even shittier.

There's no perfect country ofcuz, a lot of these so called better countries have downsides compared to Malaysia. You don't realize because they only talked about the good side. In the end don't just listen to what other people say but research about it urself, sometimes it might not even be true. Other than that, issue to other people doesn't mean it's an issue to u, because maybe it doesn't affect u or u don't care about it.

You have to compare the ups and downs of a country that matters to u and fit ur preference or life. Better to ur parents doesn't mean better for u.",39,1748198085.0
1kv7u6w,mu9w5po,darrendoge,"There are merits to what you said.

But it's bit rich to label others as ""brainwashed"" when you never went through what others had.

You took a good path, going to Singapore for career advancement and progress well. 

But when things didn't work out you instead shift the blame to the other Chinese who never left for SG. Dismissing facts and experiences of other people because you left the country and never encounter those problems",10,1748225241.0
1kv7u6w,mua02hg,lukethien,"In Malaysia, yeah, discriminated in terms of inequality of the bumiputera benefits, especially for those youngins who want to study in gov based uni and can't afford to further study in swasta. 

But imo, that's what makes most of the chinese and indian way more successful than most of the bumiputera. It makes you realize that Malaysia didn't give you the benefits like they give to bumiputera, so your people study harder and work harder, until one day your people that is so succesful make their own benefits for your own people, such as need to know mandarin to work in a company. And I LOVE THAT! It shows that your people really be taking care of their own, by giving them a job with high salary. And those bumiputera, especially the malays, are MAD MAD with the Mandarin speaking requirement. That's the cherry on the cake for me 🤣🤣",15,1748226737.0
1kv7u6w,muadsqf,seethisisland,Not sure if OP humble bragging or trolling or plain ignorant. You just escaped from that systemic racism but couldnt been in SG/JP/KR/UK/AU/NZ and the locals still dislike you in SG at leasr you are closest to the majority race and enjoy all its institutional perks. If not happy perhaps its better to reapply for Malaysian citizenship.,6,1748232436.0
1kv7u6w,muahw0w,faintchester1,"Your parents are talking about facts. All races beside the bumiputera are discriminated in terms of unfair policies. 

But one thing that is fair to all Malaysian is that, the economic situation. Malaysia hasn’t improved the last 10 years and everyone suffers the same. One of the solutions is to go overseas, earn enough, comeback and enjoy life",5,1748234321.0
1kv7u6w,muawcoi,Professional_Tear_42,"Well, that's life. I've worked with people from all around the world.

My experience is that in Malaysia, we'll always be seen as pendatang and ATM machine. Not all Malays hate us, but a huge, loud number of them do, and the ones that don't hate us do not love us enough to consider us as brothers/sisters.

SG, HK, Taiwan, and western Chinese see us MY Chinese as low class and poor and less educated compared to them.

China Chinese look at all non mainland Chinese as traitors that left the motherland when times were hard and now want to connect back with China when they're successful and powerful again.

It's kinda sad but, even among our fellow Chinese we don't really have a true place where we belong. 🥲",5,1748241862.0
1jn4cmk,mkh1rik,KaiserNazrin,"Yeah, unfortunately, some people grew up but never become adults.",142,1743310403.0
1jn4cmk,mkgwykn,Jay_Manifest,"This was beautiful to read. Its our turn to bring happiness to the kids who were once just like us. I have to admit, different times mean different kind of raya. It is not the same like in the past time, but that doesnt mean we cant be happy and make others happy. Thank you and selamat hari raya nyets <3 (even though its still ramadan)",189,1743308020.0
1jn4cmk,mkgyran,ahiovut,"This, thanks Shikamaru grow up people just like Naruto did after Jiraiya ded",55,1743308900.0
1jn4cmk,mkh0w1l,blackon,What is this thoughtful post in Bolehland,134,1743309961.0
1jn4cmk,mkh1eyp,yuxuan101,Ya too many adults still thinking want to be a kid again.,48,1743310224.0
1jn4cmk,mkgy9o8,MysteriousNobuX,"Yeah, the realisation when it's up to us now to make the magic of Raya is just too shocking for me...I still haven't felt like a proper adult  🤣",30,1743308659.0
1jn4cmk,mkgz3dz,Inevitable_Ad5668,"When I was small, I wear these baju melayu few times for many occasions.

Now it’s once in a year.",28,1743309067.0
1jn4cmk,mkh3xk6,Aunt_Gojira,"We are the pakciks and makciks now.
The one that clean and bagi duit...

Happy raya OP!",23,1743311540.0
1jn4cmk,mkhjdqr,Jaxk94,"THIS! It was the same with CNY, we keep complaining that we feels less and less celebration vibes recently, but we keep forgetting that the whole reason we used to have happy celebrations is because our older relatives sacrificed A LOT to make it a big celebration, and for younger generations we’re even lazy to decorate",22,1743321067.0
1jn4cmk,mkh658n,lord_of_the_roach,"You are absolutely right OP. Traditions continue to be traditions by those who embrace those traditions. Not up to ""someone else"" to make it happen. 

And it is not only Raya, it applies to every celebration or tradition no matter where on earth. 

Great post and thought provoking.",19,1743312760.0
1jn4cmk,mkh1m77,amzar82,I just missed the old Hari Raya caused my Dad passed away last year before Hari Raya. Raya was not the same without the old man..😢,13,1743310328.0
1jn4cmk,mkh2xiy,Melo_Meggi,"Yeah OP!!! Penat kot prep masak, kemas lagi. Kecik2 dulu tunggu makan je",13,1743311007.0
1jn4cmk,mkh5b2e,On3derer,"World is changing, things are changing, and generation is changing. Traditional customs will live on if new generation choose to practice them.",10,1743312288.0
1jn4cmk,mkh2n0z,No_Security9353,"for me it's because as a kid u know school holidays are coming soon...now before raya ugh work, during raya ugh still working in a way, after raya work ugh",7,1743310859.0
1jn4cmk,mkhnqox,Ok_Statistician2730,"OP, you should do creative writing!",9,1743323994.0
1jn4cmk,mkh7qh1,Neat-Contribution547,people trying their hardest to live without living. grow up.,5,1743313676.0
1jn4cmk,mkjmaja,lightningcold69,"I just want to shout for my parents justice; my mom is considered a warga emas, but she has a passion to cook. I feel bad when some people during Raya take advantage and demand that she cook during Hari Raya.

What I'm trying to point out here is that you come to Warga Emas's house and then expect them to cook a special menu just for you? Meanwhile, you only come to see my parents once a year during Hari Raya, but the rest of the year is gone silent. 

What else make me feel bad is when my father warded most of his siblings never visit him at hospital (he warded for 3 times, heart attack). We didn't ask for your money but your concern for my parents because back then, when my father was still young, he always brought us to their house even though we lived far from them. 

But, when my father is getting old now, most of his siblings don't really care about my father and give a reason they cannot visit him because they live too far from my father. I understand this bad relationship can't go anywhere, so I don't want my parents to work hard to cook only to feed these kinds of people because once they are full, they will go back, and my parents need to clean up those messes. 

So, what I'm trying to point out here. If you come to Rumah Orang Tua, have respect; you're not supposed to demand any shit, but you should be the one to bring something to them. You're supposed to make sure they relax, especially during Hari Raya, not someone who makes them work for you. My parents also never teach us when we visit someone else's house; we demand food, yet we are the ones who should bring something to them.",6,1743354051.0
1jn4cmk,mkhakff,[deleted],"We as Malay Muslim packed so many 'things' into Eid Celebration. Just go celebrate Eid in Middle East (Arab) countries. Things was really simple there. Arab people goes to Eid prayer in the morning & after that they go back home (some goes back to sleep). The rest of the day, they will spent time with the family. Going for a picnic, mall etc. There minimal financial, mind & body 'strained' during the Eid.

Unlike us the Malay here, Eid Celebration involved soo many things that 'strained' our financial, mind & body. Open house culture that force our mom & fellow sister to work hard cleaning the house, baking the kuih Raya & cooking for large crowd (at least 100 pax). Our mom & sisters was bound to the kitchen on first Syawal because there non stop guests that came to the house. 

Giving Duit Raya although considered as 'sadaqah', actually putting so much financial burden to people. There flock of entitled kids that goes house to house just to kutip Duit Raya. If you were financially good, these will be no problem whatsoever. But please thinking about the minimum wage earner that barely survived with their salary. Some was force to hide quietly in their home because they don't have money for Duit Raya or to prepared Eid Celebration meal. Now Raya became celebration that only to be enjoyed by the fortunate people with money meanwhile the poor people will be ashamed of themselves during Eid.",13,1743315392.0
1jn4cmk,mkhgeml,Lucklessness,"yea man , my mom had stroke 2024 july and now shes bedridden. this is my first raya with her like this  , man its fkin hard to see her that way. normally last day puasa like this shes busy af cooking and asking me and my brother to wash this wash that. now we do this and shes just laying there on her bed watching us. man its hard fr",4,1743319104.0
1jn4cmk,mkhi1db,Electrical_Pipe4842,Great post OP. Its a responsible thing to do as childrens of the past to help and pass on the magic of raya to the childrens of today,4,1743320184.0
1jn4cmk,mkhka4m,Thenuuublet,"Back when innocence was strong. They chose to continue the trauma and dump it onto their kids, choose to not be the next to give them that scene you mentioned. Thing is, you can choose to give them a beautiful raya like all culture's celebrations by creating a new one, not spoilt, but educate of the culture and beauty of it.",4,1743321657.0
1jn4cmk,mkhlwdf,OkZookeepergame6930,damn ninjas cutting onion,5,1743322752.0
1jn4cmk,mkhly9f,[deleted],"OP is 100% correct. It’s now our turn to make raya wholesome, as our parents did, and so forth",4,1743322787.0
1jn4cmk,mkhqmba,Chaosspace02,"Controversial?? Post mcm ni la yg akan memberi kesedaran kpd rakyat kita.. 

Terima kasih bro/sis, krna berani meluahkan pendapat

edit: Oh, terlupa. Selamat Hari Raya Aidil Fitri, Maaf Zahir Dan Batin!!",4,1743325894.0
1jn4cmk,mklqxuc,ResistOk4209,"Thats the way the cookie crumbles. Time moves forward. Never backward. We are a victim of our own success. Those Pakcik and Makcik had families of 4-6 kids. That was a common number back then. Now those kids have grown up. Those kids are working longer hours than those Makcik and Pakcik ever had to just to stay afloat. Jobs are more scarce even with degrees because of the competition from those other kids that grew up. 

Now those kids have families themselves. But they aren't having large families because who can afford 4-6 children anymore? Now the norm is 1-2 children. If they even succeeded to get married at all. 

Those children who grew up and never got married got tired of the expectation of the Makcik and Pakcik ""Eh bila ko kahwin lai?"" never ending questions. So they learn to dread Raya. Even those with families learnt to dread Raya because of questions about more children. 

Raya back then was of a simpler times with lots of cousins and fireworks but now its just not the same anymore.

So the point. Time moves forward. Never backwards. If you want to create the magic. Encourage your family of cousins to have more kids. Disobey the firework law. Go ahead and have your karaoke sessions. For me its too much energy to try to pretend we live in the past.",4,1743378597.0
1jn4cmk,mkh7ogg,Rakyat_91,"I remember someone writing something similar about CNY too, though you put it really eloquently.",3,1743313642.0
1jn4cmk,mkh9snu,coolth0ught,🙏🏽,3,1743314920.0
1jn4cmk,mkhb83k,tatjoon11,couldn’t have said any better. selamat hari raya to you!,3,1743315799.0
1jn4cmk,mkhc44h,likabawsa,I remember seeing a post similar to this about CNY not feeling the same as well lol,3,1743316352.0
1jn4cmk,mklgq3q,BigGold3317,"There's always opportunity to be the one who brings the extra pillows and totos (duvets), phone chargers and PS4/5 and snacks. Find a problem and own it especially in a packed house filled with nephews and nieces. You'll be appreciated lots!

Selamat Hari Raya Aidilfitri everyone, and drive safely!",3,1743375030.0
1jn4cmk,mklusep,AIRA18,Well said OP. Raya is about paying it forward. Let the children experience what we once experience,3,1743380003.0
1jn4cmk,mklvvn9,AIRA18,"I never took it that way as well. It's the typical ice breaker for relatives to ease into the conversation. I also don't get why people took offend to that question, its a harmeless convo starter",3,1743380409.0
1jn4cmk,mkm46yb,NotUrSub,Selamat Hari Raya OP. Have a good one!,3,1743383555.0
1jn4cmk,mkmbjo9,Peace_beaver,"That's the reason I keep on asking my kids to be with their mother at the kitchen preparing food for Raya. I am just concerned that when my wife no longer ada, the tradition will disapper. So every parent who wish to make joyus Raya, train their kids and we have to give them good example. I had seen a family too dependent on their mom in their kichen, the next raya after their mom meniggal, the house went quiet and some opt to spending raya outside the country.",3,1743386364.0
1j97fsp,mhbax78,vann_x,"Interested with the stories! I'm the kind who usually just go along with things like this thinking ""report also no use one lah"" but I'm starting to change my mind",276,1741743477.0
1j97fsp,mhbgo4x,rs_4,"Yes they are very helpful to protect us consumers. I once bought a fake item on shopee though they claim to be genuine. Complained to shopee and their first response was they cannot do anything because they are just a platform. I went on to question them: Does it mean shopee will just sit back and continue endorsing selling fake items on their platform even after a customer had verified and brought up this matter to them? If so, then I'll  check with KPDN. Shopee immediately took action and processed my refund.",164,1741745422.0
1j97fsp,mhb8knk,generic_redditor91,"What happened with TIME? From my experience with them the past 9 ish years, they've been great CS wise",97,1741742690.0
1j97fsp,mhbdgn1,Gumuk_pindek,"For road issues, please make the complaint to JKR. Maybe on their website. Never checked yet. But my colleague always complains about road issues near our office.

It might not be fast repair, but it will be done, or at least to be recorded and budgeted next year",51,1741744337.0
1j97fsp,mhbjg5x,LeJoker8,KPDN has always been quite proactive from what I’ve seen online and sellers are scared of them to death the moment you want to escalate the issue.,41,1741746385.0
1j97fsp,mhbf6no,wyyan200,so they apologized and you got a new bottle in the end? that's a win,19,1741744918.0
1j97fsp,mhbhk2u,kunyit4lyfe,would like to hear about Samsung,18,1741745725.0
1j97fsp,mhcqldw,Dip2pot4t0Ch1P,"Cashier: Kalau nak complain reportlah...

Op: Bet",14,1741768393.0
1j97fsp,mhbh4e1,Witty-Attitude775,"As someone who is in the f&b business (a worker not a business owner), yes, we do not mess with kpdn. One report from customer, kpdn officer will come to our restaurant for a spot-check, and later will get us to meet the officer and explain the whole thing to them. If they are satisfied with our explanation, then good for us. If not, another headache can be expected",16,1741745575.0
1j97fsp,mhcy1m1,cinenas,"Lol years ago, I actually reported to KPDN because I blur2 agreed to one of those lucky draw scams (the ones where they wait at the LRT), and the officer called me up and everything. IIRC he explained he might not be able to do much because I technically signed an Agreement (just an A4 handwritten note) where I paid them money but he would follow up and give them a call. Next thing I know I got a call from the company who told me other than the credit card processing fee, they'll refund me fully. Lol definitely a ministry that functions, even for a dumbass like me.",9,1741773174.0
1j97fsp,mhbakhx,CN8YLW,TIME and other ISP is better to also get mcmc involved.,13,1741743358.0
1j97fsp,mhbebvz,ecceptor,What about so-called unlimited internet plans that aren't actually unlimited?,6,1741744628.0
1j97fsp,mhbm4g6,dummypod,"I had the same issue with shopee, supposed to get refund for an item I did not receive, they keep telling me they will deposit the money but they didn't. Everytime this happens I go complain and they'll give me the same response telling me.to wait the next 3 working days. So I got fed up and reported the whole fiasco to KPDN.

Got my refund almost immediately in like 2-3 days.",7,1741747342.0
1j97fsp,mhcgdlo,Legitimate-Sense5432,"Yeah, they need to advertise more so that people know about their rights. Already use their service several times. But the latest 1 about Samsung phones that form line after update, after samsung official warranty expired, I have another warranty addon from shopee which I need to pay 10% fix cost if not mistaken which I proceed with it. Later I went to kpdnkk office to ask for advice and my mistake is I shouldn't have sent repair using the addon warranty from shopee first as I can try to fight for my right, asking samsung to repair without any cost. And the other option is I can proceed with suing Samsung, she said that there is others with same problem doing that but from my understanding I need to attend the ""tuntutan mahkamah kecil"" with them. I didn't proceed with it as I don't live in city which hard for me to attend the court hearing and my problem already solve eventhough need to pay that 10% cost. But if I encounter issue with my phone again I know my rights that eventhough warranty already expired if there is no proof of abuse on the phone I'm no in the wrong. So you guys out there if you bought your phones, flagship phones ridiculously expensive nowadays but warranty 1or 2 years only, after warranty expired got lines forming, or ribbon cable problem for flip or fold phones, you can ask kpdnkk for help. 2 choices given whether ask for repair or suing the phone company, they will help you. I saw lots of people just giveup when saw their phones forming line without knowing their rights even after warranty expired.",6,1741761793.0
1j97fsp,mhcsf2y,landelotdl,"I know OP is a softhearted person. Personally, i think first option is the go.  They dared the OP. And this should have heavy consequence and should not be taken lightly. Warning would make them just brush it like its not something important, and then theyre like ""take your damn bottle and just fk off"". True, they wouldnt do it again since this is a hassle but it should have an impact that they regret the action and wont make it again. Yhe second part where mixue might fire someone, they cant just fire someone because of emplyee's one mistake (unless the emplyee already fked up so many times then yea). Or they wanna deal another mess with KSM. Thats just my UNPOPULAR opinion.",6,1741769596.0
1j97fsp,mhd1lh0,MoonV29,"Also I’m sorry not sorry to say this but Malays ah, this mentality of “oh takpala” “oh xde rezeki” “hmm kite doa baik2 jer” every time they get fked with anything that WE can report/take in charge of/make changes, these Malays will always be like hmm what can we do… fffffff",6,1741775248.0
1j97fsp,mhbftsg,[deleted],Same story. Bought a motor during covid using credit card. They asked me to pay for the charges. A few arguments but still paid them and requested for a receipt. Reported to KPDN and got my money back.,4,1741745134.0
1j97fsp,mhdmr4w,wigglejigglebiggle,Karens are the last barrier between civility and total civilizational collapse,4,1741784750.0
1j97fsp,mhbfhk7,clip012,Bravo! Good effort fighting for your rights.,3,1741745018.0
1j97fsp,mhbst4n,BeautyJester,good PSA.,3,1741749891.0
1j5iuxd,mghd3cy,muhddanish2004,"https://preview.redd.it/wucu5le8f8ne1.jpeg?width=498&format=pjpg&auto=webp&s=810a947636f7122e14202ec58377010dbb1b90da

Satu Malaysia",374,1741337750.0
1j5iuxd,mghbz1x,Boxerboxingbox,a nice story for a change. These past few days have been horrid.,409,1741337044.0
1j5iuxd,mghdx7b,bhutansondolan,Maybe learning each others' mother tongue is one of the quickest way to multiracial harmony.,191,1741338273.0
1j5iuxd,mghay18,oofoalreadydef,literally satu malaysia,83,1741336402.0
1j5iuxd,mghavyk,No-Discussion9755,Hen hao laoban.,59,1741336367.0
1j5iuxd,mghceoa,Eastern_Fact7328,Awwwww 🥰🥰 thats nice OP,29,1741337319.0
1j5iuxd,mgi2xmq,fortunateahole,"Thinking in english..seeing in indian..speaking in chinese..listen in malay..

![gif](giphy|1L5YuA6wpKkNO)",27,1741351808.0
1j5iuxd,mghb79s,jommakanmamak,This is the racial harmony Singapore wishes it has,92,1741336563.0
1j5iuxd,mghdi5q,Rich-Option4632,"Well done, OP. There's still hope for Malaysia yet as long as people like you still exist.",25,1741338007.0
1j5iuxd,mghd3yc,ThenIndependence7988,"Being an SG resident, I can't tell you how much I love Malaysia for more reasons than one. Sure there's corruption, complacency and whatever other issues you can bring up, but overall, I say there's still so much character and respect that goes around. 

Love you MY 🫰🏻❤️🫰🏻❤️🫰🏻",49,1741337760.0
1j5iuxd,mghf265,dekappatation,And then wo men bu yi yang starts playing as Op walks away.,13,1741338982.0
1j5iuxd,mghfahu,zazzo5544,Glad to read a positive post here!,8,1741339126.0
1j5iuxd,mghptnr,ftsputnik,"We've actually always been like this. Those who like to cause discord between us are mostly uneducated and misinformed idiots who used race and religion as their faulty weapon, just to appear more superior than the other. 

It's not that hard to be kind and understanding, actually.",9,1741345514.0
1j5iuxd,mghfi01,ecceptor,"I don't get it, where is the bad guy?",15,1741339257.0
1j5iuxd,mghhe16,edehlah,ugh wish i have the time to learn cantonese or mandarin. pretty much jealous to see other race are fluent in it.,7,1741340452.0
1j5iuxd,mghrn5d,BizzareMann_2,"Kita satu bangsa, kita satu negara~",7,1741346518.0
1j5iuxd,mghslre,Appropriate_Rock9519,"Malaysia always been great country, government are the problem. They always want to split and make race against each other. I’m proud to be Malaysian but the reality humble most of us.",8,1741347028.0
1j5iuxd,mghfcv1,bringmethejuice,Good boy 👍,4,1741339167.0
1j5iuxd,mghfz9n,Disastrous_Emu4520,Lao Ban Heng Heng,3,1741339554.0
1j5iuxd,mghijdq,[deleted],Malaysia Madani indeed,3,1741341172.0
1j5iuxd,mghnv03,TraditionalBar7824,Really?? A wholesome story on my racist app?,3,1741344394.0
1j5iuxd,mghy141,Fraisz,"9 times out of 10 , the indian kid tengah fikir ""betul ke ni ek, garbage room"".

but yeah thanks uncle, today that kid now knows RC is garbage room",3,1741349690.0
1j5iuxd,mght1bs,FaheemZul,We need more stories like this. Spread the love people!,2,1741347254.0
1j5iuxd,mgiu6pp,AdmiralGhostPenis,I am surprised this story is normal. Haven't seen those in a while.,2,1741361146.0
1j5iuxd,mghkkdg,BeautyJester,我爱冰淇淋！！！,1,1741342440.0
1beizg7,kutmd9i,laughterholic126,Very wholesome I like,294,1710417549.0
1beizg7,kutmjmb,Wargazm_v1,1malaysia,141,1710417637.0
1beizg7,kutp22m,[deleted],this sounds like something out of a textbook,167,1710418882.0
1beizg7,kutp532,Buangjauhjauh444,Kita satu bangsa..,84,1710418921.0
1beizg7,kutmgth,jujusalv,thanks for sharing.. why i wont change citizenship for nowhere.. and this gives me hope,59,1710417598.0
1beizg7,kutx1s7,frederikwolter,"That's why you dont take things you read online too seriously. In daily life, Malaysian especially who live in Klang Valley get along well and not as divided as what people try to portray online. Plus probably, some people who really hate other races dont live in cities. If you live in KL for example, like it or not we will meet other races in daily life. I have chinese and indian neighbors and once a while one of the malay uncle in our neighborhood will invite everyone for tea time at his house. We never care what are your races or even nationality, everyone will just borak happily.",27,1710422396.0
1beizg7,kutnnh8,Electrical-Smile-317,"Where's other races? 

Jk2",14,1710418198.0
1beizg7,kutpqak,ReeverseArt,Textbook perpaduan.,18,1710419199.0
1beizg7,kutu57h,avatarsnipe,![gif](giphy|NEvPzZ8bd1V4Y|downsized),6,1710421174.0
1beizg7,kutvgn9,bsiqture,It's like a Petronas ad Happy Eid 😅,6,1710421742.0
1beizg7,kutnzf9,quest1785,Mantap boh,4,1710418364.0
1beizg7,kutqwtl,UseBoth1248,Malaysia boleh![gif](emote|free_emotes_pack|grin) Such an interesting experience.,5,1710419746.0
1beizg7,kuts8uv,321aholiab,Inilah bru btul,5,1710420343.0
1beizg7,kuu2fh4,SchlashJelly,"Kita satu bangsa kita satu negara

Kita satu matlamaaaaat ooooooooooo",4,1710424486.0
1beizg7,kuy7yem,[deleted],"Ini yang kita mahu, RAHHHH!!! 🇲🇾🇲🇾🇲🇾",4,1710479136.0
1beizg7,kutrlat,KakeruRyusaki,1 Malaysia moment,3,1710420052.0
1beizg7,kuug0kt,the_far_yard,"When 3 races works together, it’s racists! /s",3,1710429308.0
1beizg7,kuxtx3q,XRdragon,"Buruh, nelayan dan juga petani moment.",3,1710472158.0
1beizg7,kutrbwa,[deleted],don’t need to worry about being alone in malaysia,2,1710419936.0
1beizg7,kuuirq8,HotBrownChoc,i think the indian is an engineer,2,1710430238.0
1beizg7,kuvgtbn,xHamsaplou,"the fact that it’s a proton car makes it more patriotic, malaysia boleh",2,1710441437.0
1beizg7,kuw3haa,AirportSpiritual6388,Politik yg memisahkan malaysia,2,1710448877.0
1beizg7,kuxa8jg,Ted_ai,"Ali, Ah hock and Muthu at the very best",2,1710464190.0
1beizg7,kuxdu2y,Mane_D0m,"Najib 1 Malaysia ftw. Best campaign(?) ever. Also i feel like this is normal already la nowadays to help regardless of race

Just maybe the Chinese women lock door all one. Not to mention the dating scene 😂😂",2,1710465592.0
1beizg7,kuxr9gl,ActuallyTomCruise,SATU MALAYSIA RAHHHHHHHHHHHH,2,1710471000.0
1beizg7,kuxwsht,Local_Compote4263,"i had my malaysian experience when i was 15. I (malay) got into motorcycle accident . I was stuck under the bike and two Tamil uncles help lifting the bike. Another uncle (also Tamil) took off his flannel shirt and lay it on my bare legs (I'm a muslim hijabi and during the accident my pants got torn and my legs are exposed). Then a chinese couple took me to clinic nearby to get treatment.

That's my Malaysian moment",2,1710473445.0
1beizg7,kuy05my,syukara,Cuti cuti Malaysia\~\~,2,1710475015.0
1fqg0m7,lp5234a,[deleted],"Sorry for your loss, feel that way until you recover. sending virtual hugs brother",261,1727413240.0
1fqg0m7,lp53nrp,Mirianie,"She just went ahead to prepare herself for you. Once you die, everything is well prepared by your mom (again), she will welcome you with a smile, and you will unite with her again. She will be the first person you see when you die.

Your mom raise you to be happy, she doesn’t want to see you cry. She is in a much better place now (no need to work, no sickness, no traffic jam) and you fucker is still struggling with real life. She is watching you, be happy, man up, live your life that she gave you, and unite with her again when you die. That is what she wants. Don’t waste her effort changing your diapers ok, man up, hit a wall, and take care of yourself good, that way only she can do her thing in heaven instead of worrying you being a sissy.",424,1727414103.0
1fqg0m7,lp51v7w,Balooeatchicken,"It’s been 4 years since my dad passed away. The best thing I could say is that give yourself time to grieve. Don’t feel like you have to hide your feelings and eventually try to move on. Things have changed and it might feel weird but that’s just how life is. You can get through this, just take your time.",175,1727413121.0
1fqg0m7,lp5246j,[deleted],I'm really really sorry to hear that. May her soul rest in peace. You deserve to grieve. Take your time and let it all out ♡,61,1727413257.0
1fqg0m7,lp52rxp,nwz10,"10.months for me. It's still raw. Some days are good and some days are hard.

Sorry for your loss OP. Please seek professional help and allow yourself to grieve. I didn't and it's messing me up.",57,1727413615.0
1fqg0m7,lp52w2n,MrVoxFox,sorry for your loss…i lost my father last year…so what i learnt is….share you feeling and memories with others..avoid to hide it n keep it…and take a baby step to move on,35,1727413679.0
1fqg0m7,lp53jcg,HyperDron,"Like another guy said, give yourself time to grieve. I lost my late grandmother almost the same way. Me and my family were taking care of her at the hospital, then we went home because we were too tired and right as we reached our house, she passed away. We all felt incredibly awful and thought ""what if we had stayed?"" Or something like that. It feels like a punch in the gut, I know. I lost my late father the day after hanging out with him all day at klcc and that broke me when it happened. But eventually, I accepted it. Its okay to grieve my friend, you got this. Sending tons of hugs 🫂",28,1727414035.0
1fqg0m7,lp52ya1,Alpaca_Pikapi,"So sorry for your loss. You need to be kept accompanied. Anyone at home with you? Feel free to chat here with us, you’re not alone.",14,1727413712.0
1fqg0m7,lp545nx,lrigsyeran,"Believe it or not, times will do the job. Always have your mom in memory and don't afraid to think of her even when she is not around. When my daughter pass away, I feel like the whole world tearing apart, all my hope and expectation. You won't be able to forget the one you love for sure, but you'll move on live happily, I believe your mom want you to be fine too.",9,1727414379.0
1fqg0m7,lp53si7,[deleted],"At least you were there during her final moment. Condolences to you and your family OP.

Someone I knew didn’t cry when his mom passed away, but a few days after the funeral, it finally hits him and he broke down in front of us- when our group was doing an assignment.

Do not hold your emotion back, it’s okay to cry now and embrace the grieving stage.",17,1727414174.0
1fqg0m7,lp538fd,tyl7,Sorry for your loss. Take your time to grieve and find someone to talk to if you need it.,8,1727413868.0
1fqg0m7,lp54cki,BooooooolehLand,Hey I'm sorry for your loss.,8,1727414486.0
1fqg0m7,lp54ujl,forcebubble,"Been over 5 since I lost both my parents in less than a year, yeah, it's hard to take in. We grew up watching them attend funerals of our grandparents, now we have pretty much stepped into their shoes and will be the one sending them off. It sucks, I know — that mixed feeling of seeing an example of mortality creeping up on you slowly, now claiming the ones a generation before.

I'm not going to paint a pretty picture about how it feels, but know that five years on I am here living the life they worked their backs off to make a reality. 

The only gratitude that will be worthy of honouring that is by living it the best that I can. 

My sibling and I celebrated them in our memories so that they'll never be forgotten — we speak about them a lot about the positive impacts on our upbringing, as well as the weaknesses and mistakes that served to keep us humble reminding me that we are all flawed in one way or another.

Take your time, we all grief differently, acceptance will eventually come, and with it the understanding about the impermanence of life and the importance of living in the present.

You'll be fine.",9,1727414769.0
1fqg0m7,lp52m90,FrugalPeach,Sry for the loss. Grieve for her but do not dwell on grieve. Wish you stay strong. I think that will be what your mom would want you to be.,14,1727413530.0
1fqg0m7,lp533qw,Psychological_Ebb848,"Sorry for your loss. Do reach out to your closest friend or family immediately. Let him/her know you need someone with you. If you are alone, contact befrienders.org.my and stay strong.",7,1727413797.0
1fqg0m7,lp539c3,Various-Head-2997,My sincere  condolences,7,1727413882.0
1fqg0m7,lp53ru7,MilkyMonsters_69,"My condolences OP. Talk to people that love you, do not keep it inside. Keep your head up, everything will heal with time.",5,1727414163.0
1fqg0m7,lp53u7w,gforgman,I'm deeply sorry to hear about your loss. I can only imagine how difficult this time must be for you. My thoughts are with you and your family. Stay strong OP,5,1727414201.0
1fqg0m7,lp54y8l,MrLiverpool_fan,Remember your good memories with her. Share stories a lot with those who are still alive. And be proud for yourself that your mother is the first to welcome you to this earth and you were there for her during her last moment before afterlife.,5,1727414828.0
1fqg0m7,lp5fd8r,Naero_nash,"I was watching my grandfather nazak kat kampung dalam rumah bila family kata hospital tak boleh buat apa, trus bawak balik, and got a call in the morning dalam 12 cmtu mak tnye nak pegi tak? Takut tak sempat

Aku ignore je keje aku esok and just said, let's go

Arrived like an hour later,
Almost everyone is there,
We sit around try to talk to him hoping he can hear us, play some selawat on the phone and suddenly it get quite after the last breath that he took

My grandma collapsed and.....

Damn, I'm crying typing this...",3,1727421322.0
1fqg0m7,lp5439v,xjrryx,My condolences. Be strong and talk to someone close. It’ll help.,3,1727414341.0
1fqg0m7,lp5e8k7,sanguine24,"It's been a year since my dad passed away. I, like you, watched my dad draw his final breaths as I watched him die. It wasn't easy like you're experiencing now. I still break down some times when the memories come flooding in when I'm alone. But time does ease the pain a little. From my experience, the pain doesn't go away. You just get used to it. Cherish your mother's memories, maybe spend time doing what she liked to do to feel connected to her. But don't try to distract yourself to avoid grieving. It'll only make it hit harder in the future. My condolences, OP.",3,1727420561.0
1fqg0m7,lp5o5y9,[deleted],"You will, in time.

My late mom suddenly complained of a chest pain and felt weak. She insisted she's dying in her pained delirium. I thought nothing of it, trying to calm her while I took her to a private hospital.

Once there, she was injected with something and calmed down. She fell asleep. My sister and I let her sleep. After some time, we thought maybe we could wake her up and go home.

When I tried to rouse her awake, she suddenly convulsed and struggled to breathe. We yelled for the doctor, and they showed us outside.

In those few minutes, I thought it was just nothing, but when the doctor came out, he fucking told us that she's gone. GONE.

We came to her bed and cried. Called our Dad who was working in a different district. By midnight, everyone nearby came. We brought her home. I remembered crying until I got a headache. Slept around 3 am.

She died of a heart attack, but we believed that she died of a heart break. My younger brother died a month earlier in an auto accident, and she was never the same since.

A year later, I developed panic attacks for no reason. Took a year off. Had severe attacks. Seven years later, my anxiety was finally manageable.

It's okay to grieve. Cry as much as you want. It's never easy losing a loved one.",3,1727427496.0
1fqg0m7,lpc8ngz,According_Award_6770,"Thank you for all the supports, everyone!

Admittedly, this was an impulse posting on my behalf, because frankly speaking my world feels like it was breaking down so i was thinking 

'hah might as well, maybe there is some worthy advices and what not to be gain there'

And look at that, i really got lots of advices and outlooks on how to handle grief and loss, and also some philosophical stuffs.

Reddit is a place where i can find many people to relate to, just need to look for the right places.

Anyway, i think i am handling my grief well, as well as a young adult could in any case. Right now, i have lots of things to do, and despite my mom's death, i need to continue onwards.

My dad, upon my mom's death, said to me that no matter what happens, no matter what is going on, i need to keep moving forward, continue to earnestly study and to not let myself be too sad of my mom's death.

I have always thought that, Time waits for no one, and will always continue onwards no matter what is happening. And now, that thought becomes my motto and motivation. Time will keep moving, and mine will eventually runs out. So, i need to continue moving onwards, to a future brought by my own hand.

Man i am rambling-texting again...welp, in any case i truly appreciate the supports given by everyone here,  once again i want to thank you everyone here for giving me your kind words and advices and everything else. I will remember this kindness, until my last breath...maybe.

Ps: Turns out my mom keeps a lot of things in her little handbag. She even kept my boarding school offer letters in there somewhere. Anyway, i proceed to cry(once the coast is clear ofc, i would never live in peace if my siblings see me like that).",3,1727531678.0
1fqg0m7,lp52r0h,Duck057,"I know exactly how you feel. I rush my dad to the hospital, I was infront of him getting CPR and etc etc which finally passed right infront of me ![gif](emote|free_emotes_pack|feels_bad_man) you can dude, it just takes time",2,1727413602.0
1fqg0m7,lp52yto,McBoom0,"You take your time and don't process if cannot. Settle the burial, get your head to fix stuff if you cannot deal.with it now. 

Turn off your emotion",2,1727413720.0
1fqg0m7,lp54kaj,fortunateahole,Sorry for your lost.,2,1727414607.0
1fqg0m7,lp54ybp,Vision_Nerif,My condolences.,2,1727414830.0
1fqg0m7,lp552gf,Puzzleheaded_Bowl314,Sry for your loss. Just keep reminding urself than she’s in a better place and surely won’t wanna see u not being able to move on. Moving on is also part of respecting that someone is no longer with us.,2,1727414894.0
1fqg0m7,lp554f0,Jklajihhwuygsootqang,Give it time. My late grandma was and is everything to me. Its been 5 years. I miss her a lot but i cope better now. The pain dont really go away. But your coping will get better. You will be okay,2,1727414927.0
1fqg0m7,lp554pg,jt101jt101,how old is she? gov hospital? don't worry you'll ger over it. she will be sad seeing you unhappy so just remember the good old days with her. all she wants from you is live your life to the fullest,2,1727414931.0
1fqg0m7,lp55da3,Puzzleheaded-Owl-326,"You're doing the right thing by talking to people, albeit just on Reddit, but opening up helps. I'm sorry for you loss. RIP. It only gets easier from here.",2,1727415069.0
1fqg0m7,lp55g23,MannerPitiful6222,"I think it's too early to be on Reddit rn, better spend this day planning the funeral process and start grieving at the end of the day of tomorrow, all the best",2,1727415113.0
1fqg0m7,lp583mp,[deleted],It will take 10-20 years to recover take your time,2,1727416676.0
1jhln8r,mj88dw4,[deleted],[removed],260,1742686815.0
1jhln8r,mj8ctfb,Ruepic,"Could be worse, you could have been the guy who shat his pants.",220,1742688372.0
1jhln8r,mj8lltm,Algon_quins,"""It was like it clung to his aura"". Why i imagine this like Jojo Stand😂",98,1742691610.0
1jhln8r,mj8jpsh,Competitive_Case_676,"Damn son.
Recirculated air in a pressurised cabin. 

Maintenance crew probably removed the seat and burnt it & plane aired out with all doors opened",51,1742690911.0
1jhln8r,mj8o8nu,Humanbean_475_mortal,"by only reading ur story, i felt nauseous...what a horrible experience 🤢",64,1742692597.0
1jhln8r,mj8ym8t,ftsputnik,"Oh man. I haven't experienced mat salehs with shit in their pants yet. But I did with pee stains (while they were trying to walk past my seat in the theater and bus...smelt worst than a subway platform) and numerous puke-inducing BO. 

Not all of them are squeaky clean like they want you to believe, hence why I don't look up to them that much on the cleanliness department.",59,1742696593.0
1jhln8r,mj8pnkl,Akusd5,Dude can’t run to the toilet at least? 🤦‍♀️,21,1742693131.0
1jhln8r,mj8oqua,olirulez,You sure it is not french onion sauce.,29,1742692786.0
1jhln8r,mj8w0j2,Just_Illustrator6906,I literally dry-heaves as I reading this post 🤢,13,1742695583.0
1jhln8r,mj8wshk,OrchidFine1335,"Why I could never be a flight attendant, because of passengers like this 😭",10,1742695882.0
1jhln8r,mj8fxfb,xanxey,Ugh ofc it's fr*nch,23,1742689510.0
1jhln8r,mj86cp3,Accomplished_Steak14,It’s you isn’t it OP?,31,1742686124.0
1jhln8r,mj9emya,ireallylovenapping,"> French
 
🤢🤮",6,1742703428.0
1jhln8r,mj9tpoj,forcebubble,"General PSA of adjacent importance to this story : find out if you are lactose intolerant long before your trip anywhere. If yes, obtain some lactase enzyme tablets and bring it with you on trips if you think it would be hard to avoid dairy — pastries use them e.g [melon bun](https://www.justonecookbook.com/melon-pan/), cakes, pizzas; those coffees such as cappuccino, and even [Japanese curry](https://www.justonecookbook.com/simple-chicken-curry/). 

Went not too long ago armed with two blister packs of them — ate soft serve ice creams several times, lepak at Tully and Doutor several times, munched on the various cakes and pastries including melon bun; came home without a single case of the runs that usually follows.

Better to prepare than having none when you need them or too proud to check, ""No problem one lah, last month took one cup no problem also"".",13,1742711726.0
1jhln8r,mj8b3ad,Imaginary-Top1351,probably he never cleaned his arse with soap and water...just white thingy-tissue paper,34,1742687752.0
1jhln8r,mj8pmeo,gametheorista,I think I saw the tik tok with the Indian guy,4,1742693119.0
1jhln8r,mj92yqe,Appropriate-Rub3534,Should complain and ask pilot deploy oxygen mask hahahhahaha,5,1742698338.0
1jhln8r,mj9nrxm,azriaba,"Found myself sniffling when reading this. As someone sensitive to smells, I sympathize.

Maybe can visit a garden or bath & body works for nose therapy.",4,1742708140.0
1jhln8r,mj9ys0m,General_Permit817,If you have a weak stomach don't try any foreign food especially when you're about to take a long journey using any type of public transport. Nowdays you could find a McDonald's at any corner of the world.,5,1742714908.0
1jhln8r,mj9yud4,NationalArtGallery,"This was horrible to read 🤢

>The guy's mum told flight attendants that this ""never happened before"" and blamed some ""spicy okonomiyaki"" he had before the flight.

French ppl i swear",4,1742714950.0
1jhln8r,mja02ct,Affectionate-Mention,"I swear this shit aint like other shits. That shit smelled SOUR. Like no kidding, the type that sends chills down your spine from the acidity hitting your smell receptors. Like smelling the vinegary vapors wafting from sauerkraut kinda sour",5,1742715724.0
1gwylvg,lyd0pmw,FarLife3005,"You've put in the effort, the result won't matter in this case. They disowned you, but you are not as heartless as to abandon them. That is what you're teaching your kids, never forget your family.",641,1732247200.0
1gwylvg,lyd3scz,SnooOranges4367,"Brother, you got a keeper lol, either way at least you did try to reconcile so no regret",78,1732248395.0
1gwylvg,lyczbw2,bypasser11,damn that's so sad :( I hope one day they'll accept you and your family back.,220,1732246683.0
1gwylvg,lyczy5p,Weary_Emphasis6783,Can’t believe we had this problem in 2024.,252,1732246913.0
1gwylvg,lyd3d9s,[deleted],"always send baby pictures and record her growth to your parents. don't forget to teach your baby your chinese culture as well, remember that your baby is not just half of the intercultural/religion marriage, he/she is both identities.

One day your parents will open their hearts, I believe it.",70,1732248228.0
1gwylvg,lyd0nbe,giggity2099,"To most people, their beliefs are everything. You changing faith to be with your wife is just something your parents cannot live with and find unforgivable. Especially if you married behind their back without their blessing.

But it's your life, your decisions, not your parents'. You just have to accept that your parents may never talk to you again, but that's fine. You found your true soulmate. Live your best life.

Of course, these things could've never happened if our country had interfaith marriage like other countries, but that's just how it is.",105,1732247175.0
1gwylvg,lyfv5lj,Jazzlike_Produce5519,"Probably going to get a lot of flak for saying this, 
Malaysia is the only muslim country which implements an archaic law that if one wants to marry a Malay, one must convert. No other muslim country has this kind of law. Old Malaysia had mix marriages which resulted in Baba Nyonyas etc. Wonderful in my opinion where religion wasn't dragged into everything.",14,1732294679.0
1gwylvg,lyd9rb9,DeliveryPretend8253,"It’s unfortunate. I’m Chinese and from how my parents look at other races, I think a lot of it is scars and hurt from 13 May 1969.

It’s unfortunate, and I think a lot of the elder Chinese community still have PTSD/ wounds from this that they aren’t willing to speak up or consult professionals to heal from it.",46,1732250870.0
1gwylvg,lyd4wyg,ActuallyTomCruise,"W wife ngl, still wants you to visit your parents. My gf wouldn't even want to have that drama at all.

Pro tip: Send a video of your kid saying ""Ah Kong Ah Ma, 我要看你们 我想学华语"", tell your parents you enrolled him in SJKC or private if possible. 100% win rate.

Send angpao and pork back to their house (I know you already convert or whatever but just do it)

trust",67,1732248839.0
1gwylvg,lyddcca,Proquis,"Might get downvoted, but this isn't too surprising.

Your general conservative Chinese would absolutely do this tbh.",30,1732252549.0
1gwylvg,lydx4ge,kapitanbie,"OP, this looks more like mutual disownment to me. You kinda disowned them too when you gave up on your faith, your culture, your family name, practically most of your identity. That's a lot of hoops to jump through just to marry someone. 

Would your wife's parents be heartbroken if she were to forego her religion, change who she is and her entire being? Would she tell them to just deal with it?

Chinese culture is largely patriarchal and steeped in Confucianism, which involves ancestor worship, a big no-no in Islam. That's a lot for your parents to take in especially if they're traditional Chinese. That's like 入赘 and 无子送终 rolled into one. The latter being the worst thing you can say to an old school Chinese. This is gonna sound harsh but if this were the olden days you would've been labeled a 不孝子. 

I apologise if my words have offended you. I just want you to see from their pov. They do sound like racists but you can't expect them to act nonchalant when the son they'd known and raised made such life-changing decisions. It's gonna take time for them to process this. Hopefully they'll come around and meet their grandchildren some day. All the best to you and your family.",39,1732263869.0
1gwylvg,lyddskx,Alive-County-1287,its not much about you marrying a malay. its mainly due to your religion,26,1732252766.0
1gwylvg,lyd2b73,J0SHEY,Ironically many Chinese who are racist **ALSO** have Malay blood themselves. I'm a Chinese who has some Peranakan / Baba Nyonya mix 🙂,42,1732247805.0
1gwylvg,lydx9ub,felixaNg,"If its the other way around, Malay parents 99% chance wont hesitate to disown their child if they change their beliefs",22,1732263966.0
1gwylvg,lye4r84,RaspberryNo8449,"Dont listen to all this bullshit from people saying your parents are racist - I mean imagine if a Malay was forced to convert - you think her parents would be ok with ok. 

Ultimately they’re your parents - keep trying and kudos to your wife as well.",12,1732268904.0
1o7xzl6,njr12gs,hosef99,"Truly, the internet can be a huge pro, but the effects that the con brings is also very destructive to teens. 

Thanks for sharing your findings.",251,1760593336.0
1o7xzl6,njr24do,Mehlano,"My guy is being L here.

![gif](giphy|tptFQ8QAJYYvu)",88,1760593922.0
1o7xzl6,njr1n9h,Lumiit,"Did not know there was this much to the letter, my ass just thought he watched too much anime",195,1760593655.0
1o7xzl6,njr1919,Puzzleheaded_Bowl314,Would be interesting if someone exposes the perpetrator's google history,77,1760593437.0
1o7xzl6,njrf0jd,Peperazzii,"i agree with your findings.   
generation from 2010 and above can easily had access over anything they wanted to. and must not forget the almighty 'cookie', it constantly feeding the people what they wish and want to see/read/know without them being aware of the potential outcome.   
if run some survey and research for crime cases that involved serial killer, school shooting, raping, pedophile etc.   
you'll notice a similar pattern for the criminals. Most of them had fucked up life during the growing up process.   
So yeah for this incident, i'll definitely blame the parents for the parenting failure. Nobody was born evil, they all were born like a piece of blank plain paper. The very first thing new born had access and contact with are their parents. Their foundation is paint and shape by their parents.   
So yeah dont get marry/get a vasectomy/whatsoever, stop reproduce if dont want to take full responsibilities to educate and raise a child. Simple as that.",25,1760601596.0
1o7xzl6,njra2ed,KayBeeEye,"Good work OP 👍. This Zero Day subculture is definitely new to me. I thought the worst we had was the Red Pill ideology. Now this shit. smh

And why the hell r/malaysia banned your post? This is helpful information.",49,1760598512.0
1o7xzl6,njrg882,Seekret_Asian_Man,"Main character syndrome is closer to solipsism than nihilism. As a depressed teenage I was, I cope with solipsism through difficult times.

A lot people blame media consumption and lack of rotan punishment, but proper guidance start from home 1st and school 2nd, It's the **indifference from home and school** that caused children to seek false comfort from media consumption. When shit goes down, the public will attack the ""defective"", and ignore the unhealthy environment that lead to this event.

You can hardly tell red flag apart from false flag by exchanging online convo, when there are so many disingenuous people on online space. I see a lot of responses toward perpetrators are just as dangerous. Failed society is a ticking bomb, this will continue to happened if mental health isn't taken seriously.",15,1760602358.0
1o7xzl6,njrn203,will_wheart,"it's most likely he has fallen into what most call the 'manosphere', also known as the redpilled community. there's many different branches of this, but what it really boils down to is a young man who has no sense of identity and lack of positive role models simply finding content that he deeply relates to and believing what he did was right.

we have all went through teenage angst at some point in our lives, feeling misunderstood and alone, but this is what happens when we have influencers like andrew tate and his kind peddling toxic gender ideologies, enforcing false and unrealistic standards on how to be a ""man"". on a milder side of things, our own fathers and grandfathers are just the same message with a different font. 

the sad truth is that young men are never taught how to navigate their feelings, and these days good role models for young men are nonexistent. unfortunately, the parenting style for boys are also too extreme, either too permissive or too demanding and strict. 

it's unfortunate, but not surprising that you found all that during your research, anyone who's not a woman who's constantly on the receiving end of these behaviours, or people who are doing activism for mental health would probably not even know that such a circle exists. i myself have spent years begging ex-friends to get their heads out of their ass and stop following redpill ideologies, but eventually i just end up cutting them out of my life.",28,1760606698.0
1o7xzl6,njrixly,[deleted],Escape the matrixx ahh ideas,13,1760604079.0
1o7xzl6,njr1y92,Emotional_Broccoli45,Wow this is very informative and I’ve always been interested in getting to know how the youth internet subculture scene like and why I can’t relate to them despite me not being that old. It’s overwhelming really thanks for the sharing!,12,1760593825.0
1o7xzl6,njr1r7s,NAJMIHAKIM,"The suspect also have some kind of mental disabillity. So he is probably is shunned in school and doesnt have much friends. it  further will reenforce this kind of believe,",27,1760593716.0
1o7xzl6,njrlsse,Straight-Log984,"Thats the cost of internet. Without proper guidance it will lead to this. Without moral conscious in one self, things will lead go more horribly outcome.

The part where someone idolizes serial killers/shooters/stabber is already an issue before the internet. If not mistaken Ted Bundy is one of the idolize serial killers to this day has people idolizing him. This part is very weird at the same time interesting.

One of the reasons for them to want them is due to their past trauma could be from sexual to abuse. and other experiences like sexual awakening etc.

https://www.bcu.ac.uk/news-events/news/why-are-people-attracted-to-serial-killers#:~:text=Often%20Hybristophilliac%20women%20or%20men,gain%20that%20control%20they%20crave.

Other than that, from my observation based on current state of the world. The attention. The attention to be noticed either from good or bad. We have the tendency to feel needed or attention from others, its depends on one self conscious mind to execute which one which favors ours or public. Example Youtubers, honestly they are a part that making attention is a norm . Not saying all youtubers, im just giving example. Because most of youtuber would do attention which lead them to bad behavior, look at Logan Paul filming the deceased person. He knows its bad but its for attention, views.

Anyway, anywhere where a community exists, there will be always a subculture.",9,1760605907.0
1o7xzl6,njr53e9,hizperion,i cannot find any Day Zero games in Roblox. can someone show the relation?,8,1760595610.0
1o7xzl6,njrjxr0,stonking-stonkers,"It's a interesting find since you did some research on it... Weird that your post got removed... At least we have some insight of what's really going on for the youngsters and the impact of that dodgy group..

It's good to have awareness rather than covering up information in regards of this case.",8,1760604722.0
1o7xzl6,njrdjnm,Jaxk94,"No idea why mod banned your post, but they’ve banned my movie discussion post too, so who knows. 

Thanks for the investigation though, I’ve heard about it before but not really into it so never really understand what this all about.",7,1760600673.0
1o7xzl6,njvw2pz,Muhipudding,"Some Good finding right here. People used to play violent games like GTA religiously but they never stoop this low. Online community interaction might have enabled this homicidal mindset he adopted, since these people have less restrictions to interact now.",7,1760658870.0
1o7xzl6,njwxnhc,12-KJ-10,"I knew the Roblox is ruining today kids generation but I can't seem to proof it

![gif](giphy|fJSaSRqII1lmyRv2AM)",7,1760672475.0
1o7xzl6,njrdq2e,Illustrious_Panic896,Should watch the series adolescent in netflix. Pretty relatable..,6,1760600784.0
1o7xzl6,njt30xo,Successful-File9422,Kids don't play with other kids outside anymore. Don't get cut and bruises while exploring places. Don't step on sharp things and need to go get shots in clinic. Don't get into silly argument and fights with friends. All this contribute to the sense of reality and human touch.,6,1760627443.0
1o7xzl6,njr275u,CiplakIndeed1,"Thanks OP, gonna bookmark this.

Need to be aware of subcultures like this.",9,1760593964.0
1o7xzl6,njrlljs,snbcyjubuh,why remove this post? [r/malaysia](https://www.reddit.com/r/malaysia/),5,1760605781.0
1o7xzl6,njrvg6l,VoLTe_10,![gif](giphy|lITcaDWgInpra),5,1760611493.0
1mo25s7,n892qaq,dsyushi,"Please convince me i did the right thing. My parents..theyre not that supportive. they act like I should’ve just let it slide. The first thing my mom said when she heard he got caught was, “kesian dia.” And I’m here thinking… what about me?",965,1754984433.0
1mo25s7,n891v97,verypolitelah,"there are assholes everywhere

it's out of your control

nothing you could have done to avoid this.",121,1754983917.0
1mo25s7,n891mvq,Material_Ordinary_20,"Not advice, but take it easy.",175,1754983776.0
1mo25s7,n892lpq,Mobile_Clue2877,"Hope you're doing fine. stay strong. 

im not sure if you want or need one but my suggestion is please at least bring a pepper spray next time youre going somewhere alone. you might think a park is a public place. but certain time (no people etc) it can be surprisingly sunyi. not trying to scare you but this time you got off better as the scum just flashed you. it couldve went a lot worse.

 I always let my wife bring a pepper spray with her every time even though she just commute in LRT/MRT etc and very public. we never know. I wish the best of you and hope the suspect gets his due.",50,1754984356.0
1mo25s7,n892n04,lzchyi,"Just realised you’re the one who kacau by the police months ago, how’s the case? Had the jerk arrested?",31,1754984378.0
1mo25s7,n892c1a,DramaticFactor7460,Mat rempits should all be in jail,65,1754984196.0
1mo25s7,n8923sb,fincrypt,"You didn't do anything wrong, OP. Good on you for going straight to the balai. Bring a loved one with you for support.",37,1754984059.0
1mo25s7,n892dro,asakuranagato,"Next time kena, ask him “kecik nya?”",89,1754984225.0
1mo25s7,n89mpsb,dsyushi,"Thank you everyone for the comforting words. I do read them, and I’m sorry for not replying to all.

Please don’t use harsh words towards my mom , she’s a good mom and I know she loves me. It’s just that when it comes to this kind of stuff, she’s… not the best at reacting. This isn’t the first time I’ve been sexually harassed; I got the same reaction from her 2 years ago when I was sexually assaulted by a woman. But that’s just how she is, y’know what I mean.

I think for her, it’s more about trying to downplay the situation so I don’t dwell on it, even though for me, it can feel like my feelings aren’t fully seen in that moment. We just cope differently. I still love and respect her, and I know she cares for me in her own way.

Thank you again everyone🫂",24,1754995845.0
1mo25s7,n895kfz,No-Sweet-5448,"' jomlah, tetek da la besar' 🙁🙁🙁🙁🙁🙁🙁🙁 thats like ...",11,1754986148.0
1mo25s7,n898ipr,Striking-Feature8220,make him go viral. see if he dare to show his face again after that,9,1754987912.0
1mo25s7,n893e88,hezagon,"Nah don't think too much and u doing a good job to catch that stupid suspect that exposed himself. In the meantime, don't feel bad to yourself.

As a guy, I'm sorry that you have to gone through these sudden shit show and stay safe.

Thanks for spreading your experience so that you can encourage more women to stand up and bravely to put that predator into the horny jail.

Guy also have to do their part and help out when women faced the same experience like yours IRL too.",7,1754984835.0
1mo25s7,n892ohp,SerenityFey,"Good job on reporting him

I'm just curious if the police will put him in jail or just some kind of useless warning again?",6,1754984402.0
1mo25s7,n893iky,[deleted],What in the fuckity fuck? Always the motorcyclists smh 🙄🤮,6,1754984910.0
1mo25s7,n893oh2,[deleted],"Hi OP. I’m sorry you went through this. And you’ve been very brave and strong with the whole process. You did the right thing, and I hope you know that you’ve made a difference. Tomorrow may be difficult - identifying the perpetrator may bring up emotions. If you’re able to, please take a friend with you. Here if you need to chat :)",3,1754985010.0
1s1j0uf,oc1121q,chicken_sparse7301,"From Malaysia, With Love!",122,1774277996.0
1s1j0uf,oc18cbf,Metamarphosis,Hello sir I love to eat Pizza with durian.,92,1774280091.0
1s1j0uf,oc1019y,No-Seaworthiness-397,We hope you have a memorable stay in Malaysia.,44,1774277699.0
1s1j0uf,oc19wby,rezazerOS,Let us know if you return bro. We’ll celebrate!,25,1774280523.0
1s1j0uf,oc129fc,InterestingResort429,Hope you had a fantastic stay. I was in Rome last year for 3 weeks. I enjoyed exploring the city!,20,1774278350.0
1s1j0uf,oc1c2ff,StableLower9876,![gif](giphy|jY1wVIsm5v4OY),16,1774281121.0
1s1j0uf,oc15wk5,I3usuk,Come back soon! 🤌,13,1774279400.0
1s1j0uf,oc144rf,New-Mathematician-57,Bye italian guy (am not malaysian but ok),15,1774278893.0
1s1j0uf,oc1lacp,aira_sylus,Arrivederci! Buona fortuna amico. Torna presto!,9,1774283676.0
1s1j0uf,oc3c4ri,Tinggiandme,Ciao~~from a malaysian living next to luxembourg🤣,7,1774301171.0
1s1j0uf,oc13huh,KRASSAULTHOPPER,I'm happy that it's been a good experience for you. Stay safe.,5,1774278709.0
1s1j0uf,oc11mq4,zulazulizuluzu,"wish I had a chance to meet you. 
btw, is malaysian food better than italian’s?",5,1774278166.0
1s1j0uf,oc169u5,juanritos,Good bye. Hope our pizza is edible.,4,1774279506.0
1s1j0uf,oc47bk1,dotzinthecity,Bye!,4,1774310921.0
1s1j0uf,oc194jk,Competitive-Pie-3713,My fellow Southern European! I am a Spaniard here in Malaysia. Ciao Amigo! 🇪🇸🇮🇹🇲🇾,3,1774280308.0
1s1j0uf,oc1jzzd,Aimer101,"hey, which part of italy are you from? maybe we can hang out, i live 6 hrs away from trieste by train.",3,1774283318.0
1s1j0uf,oc48br2,Z3r0link-ueg,Glad you enjoyed your stay.,3,1774311253.0
1s1j0uf,oc55w9r,kori08,"Curious, what did they change in regard to the employment pass?",3,1774323233.0
1s1j0uf,oc12q2h,Curius_pasxt,"Same, I also get affected with the EP changes.. what is your band?",2,1774278485.0
1s1j0uf,oc1chri,[deleted],[deleted],2,1774281237.0
1s1j0uf,oc1sbbg,No_Cucumber9164,"Goodbye dear friend, hope you have enjoyed our Malaysian hospitality!",2,1774285596.0
1s1j0uf,oc1xbmv,resh6,Take care mate have a safe flight,2,1774286959.0
1s1j0uf,oc3xgl4,chungus_9yrolds,Can you suggest an Italian restaurant in KL that authentically tastes like back home?,2,1774307752.0
1s1j0uf,oc4imq4,ScrapMode,"Thank you for coming, also spread the word about us to your friends there. Westerners somehow always thought we live in a tree and hut...",2,1774314743.0
1s1j0uf,oc5g28p,Tuan-Hamba,Buonasera you’re always welcome to come back mate. Grazie ciao,2,1774327848.0
1kqyuh4,mt9c7xz,kasichancela,"In my opinion, I think they see you as a living connection to their daughter. They will always remember their child regardless of you bringing it up or not.

Whenever possible, just teman them for a meal or a cup of coffee. Maybe they are just seeking companion or at least cherishing the memories through your presence.

You are doing great. No worries.",571,1747726075.0
1kqyuh4,mt9cxdt,C_Spiritsong,"Your sincerity has reached their hearts, but losses take time to heal.

Scars from death dont fully heal. They scab, and from time to time, it can itch. Especially for parents whonlost their child. Its gut wrenching.

Maintain your relationship. I think your would-have-been-in-laws are happy that you stuck around. If not they would have cut you cold and said nasty stuffs like you were cause of death etc.

Rest in peace to your beloved, and belated condolences. God grant you and her family the strength to carry on.",256,1747726527.0
1kqyuh4,mt9gdwb,Maxziro_,"Came for the memes, left with the feels. Y U do dis.",165,1747728733.0
1kqyuh4,mt9dhsg,Silly_Lion_3046,"Everyone is hurt. Just be there for them and care for them like how you used to. They will never forget,you shouldn't too. Give it time,they and you will move on.",53,1747726889.0
1kqyuh4,mt9efpd,MaxMillion888,"Im sorry for your profound loss.

Im sure after the grieving is over, they would want you to continue to be part of their life. You were with them for so long. No point making two holes in the heart",41,1747727490.0
1kqyuh4,mt9jad0,Low-Hefty,"I read halfway and felt like dejavu as I remember reading this story. Then I saw you said it got deleted there. Yeah that sub sucks. 

Only time will heal. As for now try to avoid talking about her as they're still grieving.",41,1747730623.0
1kqyuh4,mt9fw70,zookitchen,Takziah bro. Sorry for your loss. 8 years is a long time. Glad you were there until the end. Many people spend their lives looking for a soulmate. You found yours and got to enjoy yr company for awhile. Stay strong.,42,1747728419.0
1kqyuh4,mt9kg3k,Conscious_Law_8647,"Sorry for your loss but Bro.. 

..please write a Novel, I’ll be first in line to grab a copy. I’ll buy ten.  Its a story worth to share",13,1747731363.0
1kqyuh4,mt9icja,konaharuhi,i felt like i read this story before,8,1747730012.0
1kqyuh4,mt9o5xg,Charming_Employment1,"I don’t think you should refrain yourself from mentioning your late gf. It could turn out to be a pleasant surprise to both of you. This is definitely a strong talking point to build the relationship. You might be able to share her most recent aspiration she had but they don’t know about yet. They might even share a cute stories from her childhood that you didn’t know about. 

Talking about her would definitely bring up sad emotion in some moments, after all she is no longer around and she was dear to you all. 
Depending how you feel, are you willing to go deeply emotional with them? If you are, are willing? Be sensitive to their needs, and also ask them reciprocate too.",9,1747733747.0
1kqyuh4,mt9so5r,kimi_rules,"Look at it this way, their daughter was willing to accept you into their family eventually but fate has other plans(my condolences). If anything, you are part of the family now, even though not legally. 

Treat them well, take care of them as if they're your own. It's not easy to get a family, some were born into a life of hell.",7,1747736395.0
1kqyuh4,mt9la4m,Priuz7,"The grieving process takes time.  Your presence at the beginning might have reminded them of their daughter, and it's difficult for someone grieving to manage everyone's feelings. Give yourself some grace; don't take it personally. You both need time.",7,1747731899.0
1kqyuh4,mt9y5wv,GucciOnTheFloor,Damn this is so touching,6,1747739208.0
1kqyuh4,mt9vtuo,gregor_001,"I’m so sorry for your loss, bro.

The first 6 months after a loss can be the hardest. Maybe only now they’re slowly ready to reconnect not because previously they didn’t wanna see you but because they needed time to heal too. 

It could be a new chapter that they’re trying to make you a family in a different way, now that she’s no longer here. 

You don’t have to bring her up first. But if they talk about her and you feel like sharing a good memory, it might actually bring them comfort too.",4,1747738073.0
1kqyuh4,mternpe,Grouchy_Following669,"I don’t know how to do this , but I will pray for u guys that god bless u guys with strength and wisdom to go through this , ❤️‍🩹❤️‍🩹❤️‍🩹",3,1747795624.0
1kqyuh4,mugudh2,navyblue_jacket,"Hi bro, 

Hope my story will help you, and I'm so sorry for your loss 

I lost my best friend a couple of years back, and I was close to her family. After her passing, I felt like it was my role as her best friend to check up on her parents from time to time. And we would meet up for meals, the anniversary of her death, her birthday, and during festive season.  

What I realise from our interaction is that I'm honoring her spirit, that her parents reminded me of her and I reminded her parents of her, all the good part and it's such a beautiful thing for someone who has passed, still lingers around in spirit in the people they are closest to.  

I would also say its ok to speak to them about your girlfriend, share with them memories that they might not know of her and remind them about her when you see her dad or her mom doing something which is very similar to her character. Even though it's difficult or hard to control your emotions, her parents are the only people who may understand what you are going through as well, and that's so comforting to know. 

 **Grief stays the same size, and we are the ones who expand around it**",3,1748323092.0
1kqyuh4,mt9gmtl,Adorable-Pepper7473,"So sorry for your loss man, that's so devastating. Wherever she is now may she be free of pain🩶",2,1747728893.0
1kqyuh4,mt9kos2,wan-m,"First of all, I am very sorry for your loss. It must've been really tough going through such a painful time. I am glad you still talk to her family despite everything. These types of connections are super important. It truly represents what humanity is about.",2,1747731514.0
1kqyuh4,mt9syds,Orionzete,"This real guys, not a fan fiction, I check you may continue with the up vote.",2,1747736554.0
1kqyuh4,mt9xcu5,henniferlopez29,how are you friend ?,2,1747738820.0
1kqyuh4,mtah5af,knightrays007,Tv3 should turn your story into 7pm drama😂 Instead of the usual papa nak boboi take over syarikat papa bullshit,2,1747746935.0
1kqyuh4,mtaxgpg,sadakochin,Well good for you then. Time mostly heals all wounds large or small.,2,1747752163.0
1kqyuh4,mtepmb2,rzhyu,"Hi, this is my thought as someone who has lost a family member. I lost my mom four years ago, after the pandemic. The first two years were the hardest—just hearing the word *""mom""* could make me bawl my eyes out. My emotions were all over the place.

It was a sudden death. It takes time for family members to grieve and truly accept the loss—to actually register in your mind that the person is really gone. You can’t see them. You can’t talk to them anymore.

Even now, it’s hard when I talk to my mom’s friends or relatives. They’ll say things like, “Your mom used to do this,” or “She used to say that,” and it breaks me. I’m mentally soft like pudding—I still tear up when I remember her.

So it really depends on a person’s mindset. Some people might be okay with you mentioning the person or the loss, but others might find it too painful to even speak about without breaking down. For me, it’s still hard to talk about my mom without crying, especially around other people. And let’s be real—crying while talking about someone who passed can make the whole room awkward. People mean well, but they don’t always know what to say, and that just makes it worse. That’s why I usually avoid the topic altogether.

one tip fy ,just don’t say the sentence *“I wish she was here.”* That one hurts af.",2,1747794870.0
1kqyuh4,mugsa68,Ok_Ad9163,"Hey bro,

First of all, I’m really sorry for your loss. Eight years — that’s a huge part of your life. She wasn’t just your girlfriend; she was family, your person. And I can only imagine how painful it’s been to lose her that young. It’s heavy, man. Truly.

What you’ve been through — not many people your age go through that kind of heartbreak and still hold on to the relationships that came with it. The fact that you still care about her family, and they’re slowly letting you back in — that says a lot about the kind of person you are. They see it too. That’s why they’re reaching out again.

And yeah, I get your fear. You don’t want to bring up her name and accidentally reopen a wound, especially when things are finally starting to feel okay again. But honestly? **They probably think about her all the time too**. You bringing her up wouldn’t be weird. It might even be comforting. You’re one of the few people who *really* knew her, loved her. Talking about her with you might be something they wish they could do but don’t know how to start either.

If the moment ever feels right, even just a small memory — like “She would’ve loved this dish you made” or “This song reminds me of when we studied together” — can open the door. You’re not trying to bring sadness. You’re keeping her close in a way that’s gentle and real. It’s love. It’s remembrance. It’s human.

Take your time. Feel it out. You don’t need to force anything. Just be present, keep showing up, and when the time feels right, speak from the heart. They’ve already let you back into their lives — that says they still see you as part of her story.

You’re doing the best you can in a tough situation. And for what it’s worth? I think she’d be proud of how you’re handling it.

You’re not alone, man. Keep going.",2,1748322024.0
1kqyuh4,mt9elhk,shikshack,"I’m so sorry for your loss :( it’s a truly devastating situation for any parent to be in and perhaps they did not know how they could face you and the shared loss. 

They’ll definitely be reminded of her in your presence and with time it’ll be something that you can speak about. Stay strong 🥹",1,1747727592.0
1kqyuh4,mt9hn9u,Weak_Percentage_7362,My condolences. It must be very painful for you and her family. I think everyone is grieving differently and that’s okay. Maybe you could share the good memories you had together with her. It may be painful but hopefully it will be better soon.,1,1747729556.0
1kqyuh4,mt9ixq4,Forward-Switch-2304,"Whoever that has two families is the richest person on earth.

Keep them as long as you are able.",1,1747730398.0
1kqyuh4,mt9jby1,Medium-Impression190,"Among traditional Malay family, that ""Menantu Tak Jadi"" will always have special connections, no matter the reason. Someone the family adores and hope to be one of their own but fate decided otherwise. This is that OP. Treasure the bond. You are the son they want but did not get.",1,1747730651.0
1kqyuh4,mt9lzsd,Prestigious-Air-4703,"That ""supposed to be 24 years old"" sentence threw me off guard. First thought was, this kid needs to learn better grammar. Now u making me feel things man... Damn. Sorry for your loss.",1,1747732361.0
1kqyuh4,mt9naqj,Mavicarus,It probably took a while for them to accept you back because you probably reminded them of their daughter. It isn't an easy process losing a child and you just need to give them the space and time to get over their grief (that is if they do).,1,1747733196.0
1kqyuh4,mt9whxi,iranadia,"Sorry for your loss bro. Be there for them. They lost a daughter and gain a son. Give them space and time when needed. Include them with the joys of your life. In shaa Allah, they will heal better in time. Kipidap!",1,1747738405.0
1kqyuh4,mt9wtox,SpecialistAd2332,"Losses takes time to heal, it's been 2 years since my youngest brother died and I still talk like he's alive sometimes.",1,1747738563.0
1kqyuh4,mt9xcs9,Cloudy_Werewolf55,"Nah they dont hate or despise you, you just remind them of their daughter. Its better that you dont bring up things about her, let them grieve their own way. I feel like they would be the happiest people for you once you find new love again. Keep on contact with them until that happens. I feel like they would appreciate it if they know that at least you're living your life well. They mustve known that their daughter mustve wanted for you to be happy too.",1,1747738820.0
1kqyuh4,mt9yv87,abgrongak,"Takde masalah untuk teruskan hubungan baik dengan diorang. They're your late girlfriend's family after all, plus they're very kind too.",1,1747739541.0
1kqyuh4,mta86j2,Firm_Ad919,"I've definitely read this before. 

To OP, genuinely happy that things are looking better after both you and her parents faced such loss. I like to think of the fact that they, taking care of you after everything, shows your good nature as a person.

Please take care of yourself as well. Grief from the loss of loved ones will take time to heal, for all parties involved.",1,1747743559.0
1kqyuh4,mtaancr,NationalSherbert6107,So touching,1,1747744540.0
1kqyuh4,mtab3ia,archelz15,"I think it's really nice that they are inviting you to spend time with them again, and looking after you. Perhaps initially they were struggling a lot and couldn't deal with interacting with you - not your fault just a natural reaction to their daughter's passing. Maybe take the plunge and ask them if it would hurt their feelings if you brought up their daughter, I'm sure in time they would love to talk about her, just now they might not yet be ready to do so.",1,1747744714.0
1kqyuh4,mtbvdgk,amediuzftw,"tak payah la bawak gf anda. invite dtg majlis tunang, nikah dan bersanding tu mesti. but i’m not sure if walimatulurus apply on them or no 🤔",1,1747762041.0
1kqyuh4,mtbvgsq,Successful-File9422,"I am just speaking from my family experience on dealing with lost love ones... We don't purposely bring up the death, but once in a while when we are in a similar situation of the fond memories that we had with the person, we will say something about it, joke and laugh about it. just to keep them alive in our minds.",1,1747762068.0
1kqyuh4,mtbzz1b,Najmddin,"In my opinion, initially they avoid you because being in contact with you makes them remember their pain of loss, but recently they opened up bcoz deep down mybe they realize that you also suffer through same pain, so instead of avoid, trying to heal and move on together, is the best option",1,1747763337.0
1kqyuh4,mtebt6o,Medium-Savings-1435,damn :/ stat strong man,1,1747789921.0
1kqyuh4,mtenums,nonzai,sad story.. just keep in touch with them and try to be ringan tulang.make them feel youre the right person,1,1747794234.0
1kqyuh4,mteo1va,vercesc,"Sorry for your loss. It's never easy losing someone close. To her family, her passing broke them hard too. Everyone grieves differently and at their own pace. Give yourself time. Give them time. Reconnecting will be slow and never steady. Be endeared to their pain points, be assuring - if need be, help them move on. To many, acceptance can be a hard road to walk on, let alone to jog on. But always be ready to help when they are crawling. Be that pillar of hope and joy their daughter sees you to be.",1,1747794307.0
1kqyuh4,mtfwp2z,muhddanish2004,https://preview.redd.it/x7uauld4l32f1.png?width=1080&format=png&auto=webp&s=4595d1f854e10b420d6543f1734ddefbc134563a,1,1747816941.0
1kqyuh4,mthmoyk,clip012,"Yup, I remember your previous post. I am so sorry for your loss.",1,1747841639.0
1kqyuh4,mu5vq4v,j_fat_snorlax,"They lost a daughter, don't let them lose a son too",1,1748177098.0
1mnw7p1,n87xixr,[deleted],nah you are full of shit. Didn't happen.,438,1754964860.0
1mnw7p1,n87xr4t,zhengyang_527,Lesson of the day: Ice cream is made of milk,204,1754964944.0
1mnw7p1,n87y6mv,KeeperOfUselessInfo,Are the fanfiction shithole websites down?,90,1754965105.0
1mnw7p1,n8839nm,CCCCYH,"Top tier ""shitposting""",87,1754967029.0
1mnw7p1,n87x7qk,Every_Reality_9721,"Nice write up. 

Approved",43,1754964745.0
1mnw7p1,n88674b,[deleted],[removed],43,1754968183.0
1mnw7p1,n881mvc,poop_paws,"As someone who just recovered from diarrhea, it's no joke and honestly people should be more sympathetic when a man is on a mission to plant some soil in the correct way rather than soiling himself.",27,1754966408.0
1mnw7p1,n87wgke,lzchyi,"Apologies not accepted. I just shit on the floor outside, and being uploaded to TikTok, you old man",36,1754964466.0
1mnw7p1,n887ihj,Low-Pomegranate8647,He's right to feel angry but filming you is wrong. He should've understood it from those unholy sounds ur arse probably made.,35,1754968704.0
1mnw7p1,n87x640,Necessary-Writing-42,"Atleast you're not viraled for shitting on the floor. When you gotta go, you gotta go",16,1754964728.0
1mnw7p1,n87xw64,CuriousAfterCum,"This is the face of Bolehland.. 

Adapt, overcome, apologise.. 

Cepat cari video pakcik ni.. Kita jadi kan dia Ambassador.",18,1754964996.0
1mnw7p1,n87xf92,CN8YLW,"Yes boss, ice cream is made of milk.",11,1754964822.0
1mnw7p1,n883tli,GaryLooiCW,I imagine the scene from White Chicks,5,1754967242.0
1mnw7p1,n8838zi,Brilliant_Tapir,What? Lived 40 years and didn't know that ice-cream is made from milk? This must be some cool story.,10,1754967021.0
1mnw7p1,n882z6j,Tieraslin,"Lol your story gave me a good laugh, mate. Needed it! Thanks!",4,1754966917.0
1mnw7p1,n889svw,Longjumping_Sound692,r/berak,3,1754969645.0
1mnw7p1,n888in8,[deleted],If you aren't a writer I'm totally shocked,3,1754969109.0
1mnw7p1,n889azl,BabaKambingHitam,I'm sure people will understand hearing all those grunting and splashing. I'm surprised that he still stood in front of your cubicle recording. I would have leave and find another toilet instead.,3,1754969435.0
1mnw7p1,n88g0vk,jerCSY,"Phewww, finally some fine ass quality post after all those racing post",3,1754972335.0
1mnw7p1,n8dusn9,fxcked_that_for_you,Finally some true shitpost.,3,1755044260.0
1mnw7p1,n889kmw,Gr3yShadow,"You didn't check if the young man's white pants has turned into brown pants?

maybe that's why he's so angry with you?",2,1754969548.0
1mnw7p1,n88a4ye,selinakim,"https://www.reddit.com/r/mildlyinfuriating/s/u2i3zkzJYQ
Is this somehow related to this lol",2,1754969786.0
1mnw7p1,n88mkjs,bunny_bear_xxxx,"Oh damn uncle this is goodddd 🤣🤣🤣 altho not very appropriate read for me who'a eating my lunch now. The descriptions 😭😭😭😭😭😭

![gif](giphy|GqGOStkPFYgX9k9uWn)",2,1754975456.0
1mnw7p1,n892nof,alpuccino,This kinda post should be in Lowyat.net’s Kopitiam.,2,1754984388.0
1mnw7p1,n896j2h,jt101jt101,at least you apologise. your post time stamp needs to be earlier than his tiktok videos or else ppl would ASSume you're not sincere enough good luck! nice SHIT post btw 🤣🤣,2,1754986720.0
1mnw7p1,n89nd1g,FlanComprehensive207,"That was… one of the most vividly chaotic, horrifying, and unintentionally comedic apology letters I’ve ever seen.

The pacing is *perfectly* tragic — the innocent ice cream joy, the slow build-up of tension (and intestinal pressure), the frantic hunt for salvation, and the accidental social catastrophe at the climax. It’s like a Malaysian Mr. Bean episode but with gastrointestinal stakes.

If you really did post this somewhere, I suspect half the internet will sympathize, half will laugh, and the rest will debate whether “flaming anaconda” was too descriptive.

But honestly — cutting the queue wasn’t polite, sure, but in a code-red bathroom emergency? Most people would’ve understood *if you’d had time to explain*. You just… didn’t.",2,1754996150.0
1mnw7p1,n8hthro,Resident_Resident874,You are so full of shit my toilet jealous! jk,2,1755103182.0
1oc73jk,nkkgw5g,[deleted],pics or didn't happen,575,1761034168.0
1oc73jk,nkkgy0s,uselessprofession,"Losing your virginity by getting poked in the butt doesn't count ya, just a reminder",468,1761034201.0
1oc73jk,nkkh4ln,PristineEagle,Your hands didnt count OP,156,1761034328.0
1oc73jk,nkkkksn,Sleepy6942069,"Bruh who tf did this

https://preview.redd.it/kt677u13ifwf1.jpeg?width=1080&format=pjpg&auto=webp&s=f991ea9179b0937827ad35527c4704437d8f644c",284,1761036646.0
1oc73jk,nkkh7u6,xelrix,You still have anal virginity so not so fast buddy,71,1761034388.0
1oc73jk,nkkgx7x,Seanwys,https://preview.redd.it/icxaddorafwf1.jpeg?width=1206&format=pjpg&auto=webp&s=e3de2d220c927cdebea530d1fc3456b5480f19b1,39,1761034187.0
1oc73jk,nkkiuvk,Zenon2108,Animal doesn't count,38,1761035497.0
1oc73jk,nkkhgaq,Urakushi,"Wait,the prerequisites to join this sub is being a virgin?why wasn't I briefed during the orientation?",20,1761034546.0
1oc73jk,nkkhkw4,MistaGuest47,4k ultra hd video or didn't happen,18,1761034631.0
1oc73jk,nkkhqew,bastage85,Dreams are not counted bro. You can never leave.,13,1761034736.0
1oc73jk,nkki93n,DannyDahsyat,r/ihavesex,10,1761035087.0
1oc73jk,nkkk6x5,notimportant4322,Spoken like a true virgin,10,1761036389.0
1oc73jk,nkkmcl5,Ok-Application-hmmm,"We need a footage to prevent fraud. We do need to see if you lost it to man or woman. So we have to analyse the individual you lost to and we will discuss about it. Then we approve of it. 

CAN I PUT MY BALLS IN YOUR JAW",11,1761037817.0
1oc73jk,nkkjezd,H_adr1,"Sauce

https://preview.redd.it/63e7w8fsffwf1.jpeg?width=640&format=pjpg&auto=webp&s=43c714917569bb505bc424332800986cd4807c64",9,1761035873.0
1oc73jk,nkkn5ci,[deleted],It doesnt count if its with your dog,7,1761038342.0
1oc73jk,nkkhmwm,sushichirushi,Pics or lie,6,1761034669.0
1oc73jk,nkki6e4,Traditional_Bunch390,Is this humble bragging or what?,6,1761035038.0
1oc73jk,nkkllhn,Very_Type_C,"OP leaving this sub:

![gif](giphy|kaBU6pgv0OsPHz2yxy)",6,1761037320.0
1oc73jk,nkki41l,KiLLaBoTZ999,"1. did you found the clit? what did it look like?
2. did you touch it? what did it feel like?
3. did you lick it? what did it taste like?",10,1761034993.0
1oc73jk,nkkht7s,headcontrollers,I never knew need V card to jojn this community,4,1761034789.0
1oc73jk,nkki9c3,Jealous-Cattle-8385,"Takpe, butthole virginity masih ada.",4,1761035091.0
1oc73jk,nkkii25,Inevitable_Fee2997,“Unfortunately”?? Were you hoping not to lose it? What happened? Did you bend down to pick up the soap?,5,1761035256.0
1nqqopm,ng8upbd,hongster,"You should be proud of what you did 😉 When too many people abuse the system, then you can get/offer nice things in the country.",498,1758856959.0
1nqqopm,ng903hn,Der_Redakteur,people like you should get less taxation. I wish we pay less tax and those who are against the law pay more taxes.,143,1758859307.0
1nqqopm,ng8xy60,dummypod,It was just this week we were told that even billionaires and politicians don't pay road tax,141,1758858354.0
1nqqopm,ng90xz2,zpikemccuck,"After I got stopped by police one time (and he let me off), I always get anxious whenever road tax expiry date gets near because I'm afraid that I forgot to renew it. My coworker, on the other hand, rather attend court for the fine than to renew his road tax.",61,1758859693.0
1nqqopm,ng94569,Nafeels,"I know. I daily a 1.3 Iswara and even with the “measly” annual 50 ringgit roadtax and 250 ringgit for insurance it’s still taxing on me. Yet I pay it because it’s necessary. 

Because it’s necessary, OP. It’s easy NOT to abide by laws but you and many law-abiding Malaysians are those who truly run this country together.",28,1758861201.0
1nqqopm,ng8wjr5,Luis_Pigos,You are among the good citizenship,36,1758857745.0
1nqqopm,ng92fzn,[deleted],Keep doing it bro. Be a law abiding citizen.,15,1758860392.0
1nqqopm,ng8waj7,[deleted],These people vote btw.,29,1758857634.0
1nqqopm,ng94c8o,Kaizenkage,Lately always salah DAP or PAS or madanon walaun. No more salah Umno well except for Akmal.,12,1758861295.0
1nqqopm,ng9193n,Twerktilassbounce,"Realized it long time ago. Discounted saman, many illegal mod vehicle on road, people boasted about not having license, waiting 3 years until roadtax renew, driving at speed limit is borderline slow mentality. Keep on keeping on the right side and be safe out there",10,1758859837.0
1nqqopm,ng952el,Traditional_Bunch390,And yet we are painted as the non deserving group by the law breakers. The IQ40s really is something,8,1758861646.0
1nqqopm,ng9b63y,imranthehanafi,"Here we are breaking our backs trying to do the right thing while some people blatantly break the law.

Last time my sister got involved in an accident where she got hit by an anggota polis without a driving license. Absolutely ridiculous.",7,1758864760.0
1nqqopm,ng9erpf,Admirable_Chicken_39,I initially thought it was normal...until I saw tonnnsss of B40 people complaining the fuel subsidies policy because they now need to get a driving license before driving on road 🤯,8,1758866697.0
1nqqopm,ng9w80w,TheHasegawaEffect,"I didn’t realise people don’t renew license, roadtax, insurance, and mykad until recently.",6,1758876915.0
1nqqopm,ng8w5ib,deccan2008,Do you pay parking saman? This is the real test.,24,1758857574.0
1nqqopm,ng93dyi,NRR_07,You are right!!! Well at least this mechanism shows how much of people are abusing the system and at least kerb them to reduce leakages in small ways. Hopefully we will reach the aspiration of having all nation being a part of building a better nation together. And it starts with us not just expecting it from others. But OP you are respected for your contribution of being among those Malaysian citizen that helps with the nation building.,3,1758860841.0
1nqqopm,ng969un,Natural-You4322,Unfortunately many bodo people. And enforcement too lacking. Kasi tangkap and spank them kao kao,3,1758862232.0
1nqqopm,ng9a20g,PolarWater,I'm happy to hear this bro.,3,1758864167.0
1nqqopm,ng9m1n7,5udhza,I wish they also checked that you paid for road tax as well. Because a lotta idiots out there not paying for insurance and never renew their road tax and then cause accidents and just run away without any responsibility. Wait for promo by enforcement and pay half price discounted for accident; but not for flouting the law by not having insurance. Why? Because no law to penalise someone for that during accident. So you burn your insurance or fork out money to protect your yearly reimbursement. Need to add another fork into this: check road tax as well.,3,1758870748.0
1nqqopm,ng9ub7m,ZeneticX,A country's progress depends a lot on people like you. Guess why our country had been stagnant and regressing in certain ways? Some people like to blame politics but refuse to look at the mirror,3,1758875754.0
1nqqopm,ng9uvwc,Future_Onion9022,"For real, i thought they are protesting because digitalizing everything but biggest issue everyone had is because they had to show ic and driver license, and they either underaged or don't have one????

Like f off you break the rules and demand this is a serious issue like what?",3,1758876105.0
1nqqopm,nga22wa,babumy,"You are looking at this wrong. It’s not really about law abiding or not. You are protecting yourself, in the event of accident, damage to property or a person you are covered. It won’t ruin your life.

For those that can’t afford to follow or choose not to follow, a random act or lapse of judgement, they will be paying off debt for the rest of their life.",3,1758880379.0
1nqqopm,nga5km7,juifeng,Alot parasites in msia,3,1758882253.0
1nqqopm,ngfhvoz,Kindly_Investment487,"Most B40 dont even pay their taxes, imo, they dont deserve any benefits from the government period",3,1758948264.0
1siwjtp,ofnq47s,Aok_al,"Oh she's that type of Melayu. Yeah stay away from her before she calls you ""one of the good ones""",534,1775950442.0
1siwjtp,ofnphnr,edehlah,that's not a friend.,128,1775950228.0
1siwjtp,ofnf8iu,Munshirobot,"Tht girl is rude, not just racist. You dont want to friend her.",312,1775946753.0
1siwjtp,ofoq5s7,MoonMoon143,"Yes that statement is racist, rude and disrespectful. She did not address any of your concerns as she dont even bother listening to the actual question. As long as she heard “unable to speak” and “chinese”, her mind is already made up on that mindset. 

But hey let me tell u, im mixed kadazandusun and chinese and i cant even speak both mother- and father-tongues. English and malay was main language growing up. Many also like us so dont be discouraged. And dont ask these kind of questions to people anymore. Dont even worry about trivial thing like this. U should more worry about oil price.",38,1775963618.0
1siwjtp,ofokyx6,Particular_Web3215,Racist and rude. Get away from her,20,1775961622.0
1siwjtp,ofosio3,ConfectionTimely9689,"I'm malay and stay the f away from her. Always with type type bs. The gov sucks, not us lol",21,1775964559.0
1siwjtp,ofntt2v,rnwglx,"Racist, lacks comprehension skills and no empathy . I think she conflated the inability / refusal to speak a common language with retaining a person’s culture. If she had emigrated to another country and they banned her from speaking Malay, she would definitely cry oppression.",61,1775951714.0
1siwjtp,ofort8l,tempebae,Yup she’s racist and stupid.,12,1775964281.0
1siwjtp,ofnepl2,Poteto_7396,"u ask her balik: kalau reti cakap bahasa melayu boleh dapat hak bumiputera macam warganegara konoha ke? 

then stare at her with big eye, a smile and say nothing 👁️👄👁️

btw, many younger indonesian type c is relearning mandarin again despite their parents cant speak mandarin because of china's influence in businesses in this region",107,1775946575.0
1siwjtp,ofoc2k1,Confident_Media9093,If your mom is Japanese you are not banana. And you need new friend.,27,1775958296.0
1siwjtp,ofoqhx1,sadboyoclock,Racism is not cool. All humans as the equal,10,1775963754.0
1siwjtp,ofnfie5,DenseAssociation5347,Nah she is an udang living under tempurung. She doesnt realise its a racist statement. Still rude tho.,59,1775946847.0
1siwjtp,ofnxonk,joohanmh,She is a red flag. Jauhi org camtu.,25,1775953080.0
1siwjtp,ofoph5k,Rough_Memory1089,"She's not that kind of gadis melayu terakhir period.

I know some of these mythical creatures and they're the sweetest person.",7,1775963341.0
1siwjtp,ofovi89,TopazMining,"Brother, welcome to Malaysia. Has been this way for years and is only getting worse by the day. The icing on the cake? None of her type thinks that anything she said/thought is remotely wrong.

A large reason for these behaviour being so common is because people like her are very prone to hearsay. Unfortunately, it is also generally believed that people who are prone to hearsay lack the ability to think critically (or maybe think at all).",8,1775965775.0
1siwjtp,ofol08e,hydecruz,"Yeah right until someone close to her got a better job because they can speak Chinese. When someone speaks Chinese to you just tell them you don't understand so they will find someone else or try to speak the language you understand.

Balik kampung la if you die die want to speak with others in your mother tongue.",11,1775961636.0
1siwjtp,ofotbon,bobagremlin,"Yeah, that's really racist.",4,1775964884.0
1siwjtp,ofoakoh,AstronomerTiny7466,The irony is that an increasing number of Malay families are enrolling their children into Chinese medium schools while the Malaysian public schools become beardo-infested madrasahs.,17,1775957745.0
1siwjtp,ofnfgje,IncorrigibleShree,"Definitely racist. The Malays are just as much pendatangs to this land as the Chinese and the Indians. Some have chosen to rewrite history, and there's nothing much the rest of us can do about it. But holding on to our respective language, culture and traditions is something within our control. And with the way China is growing, Mandarin will help you anywhere in the world, while Malay, not at all.",63,1775946828.0
1siwjtp,ofocrbh,genryou,Kalau kat US kita panggil apa  jenis ni? White supremacist?,4,1775958551.0
1siwjtp,ofnpseb,Equivalent_Sun_8476,and you still call her a friend?,11,1775950330.0
1siwjtp,ofoz04i,Ferretukas,bruh thats literally cultural genocide,8,1775967196.0
1siwjtp,ofnh5ok,Ok-General-4148,Her type will be the one complaining when job advert stated mandarin language preferred..,13,1775947409.0
1siwjtp,ofoejvw,[deleted],[deleted],7,1775959210.0
1siwjtp,ofpbq7g,Scout_7647,"Yup that's racist - from a Malay Muslim

p/s sorry for our racist people's behavior, it doesn't represent all of us",6,1775973045.0
1siwjtp,ofns1hp,xCuriousReaderX,Melayu think they are so high and mighty causing other races to think high and mighty as well.,14,1775951105.0
1siwjtp,ofpdncn,buhbedo,Holy shit straight curveball there.. What a statement to make infront of your CHINESE friend. Geez,3,1775973997.0
1m7s0hf,n4u6cgf,icebryanchan,"TLDR, by GPT, you're welcome my redditors

A Malaysian bank—led by a proudly underperforming parent company—has mastered the art of fast team turnover through a spectacular combination of mismanagement, denial, and performative leadership. Their strategy includes:

* Appointing leaders with no relevant experience and no willingness to listen.
* Publicly dismissing employee concerns as imaginary or ""too emotional.""
* Dismantling high-performing teams and redistributing them where they can’t solve anything.
* Pretending rapid staff exits are just normal “career growth.”
* Making decisions based on feelings, not facts.
* Assigning tasks that contradict expert advice.
* Setting impossible goals while offering zero support.
* Maintaining chronic issues like poor access and overwork to ""build resilience.""
* Saving costs by underpaying staff to promote “inner growth.”

The result? A masterclass in passive-aggressive talent mismanagement—ensuring constant churn, professional frustration, and a workplace culture that’s unintentionally avant-garde.",241,1753327894.0
1m7s0hf,n4tujzm,Totalwar1990,You are my passive aggressive middle management spirit animal,63,1753323399.0
1m7s0hf,n4ttmym,PigsAlsoCanFly,Gangbank,59,1753323073.0
1m7s0hf,n4twtk7,[deleted],[deleted],43,1753324219.0
1m7s0hf,n4tv9l6,TraditionalBar7824,"I'm not going to read all of that. Either tell us or don't, I don't care if you have NDAs.",86,1753323653.0
1m7s0hf,n4uh0i1,goldwave84,"A bank in Malaysia, owned by a poorly performing parent company, has found a ""unique"" way to make staff leave quickly. They keep setting low standards, avoid building anything useful, and constantly face issues with regulators.

Leaders are chosen with no experience, especially in key roles, and often act in unhelpful or even damaging ways—like embarrassing staff publicly or ignoring feedback. Problems raised by employees are brushed off as imaginary, and people are told to accept things ""like a family,"" even if they don't feel included.

High-performing teams are broken up and moved to weaker teams, but without any power to fix problems. Leaders preach independence, but this just leads to more people quitting. Communication only happens through one favored person, while others are ignored.

Experts are given tasks that go against their advice, and goals are set without considering team limits. Leaders make decisions based on feelings, not facts, which keeps teams confused. Daily work is full of repeated issues, but nothing gets fixed. Missed deadlines are treated as ""learning experiences,"" and salaries are kept low to ""motivate"" staff.

The result? Constant turnover, frustrated employees, and a company that unintentionally leads the way in how *not* to manage talent.",18,1753332582.0
1m7s0hf,n4twcfr,SeiekiSakyubasu,"is it Affin Bank? because i dont like Affin Bank, i think their ATM's are slow than the other banks",17,1753324047.0
1m7s0hf,n4vg1zq,EnvironmentalDust956,Dude just described every bank in town.,16,1753351531.0
1m7s0hf,n4ub931,Interesting-Web7377,Come on man its obviously one billion years bank,10,1753329970.0
1m7s0hf,n4xzbai,xaladin,Those dashes give off GPT vibes. Eww.,5,1753380632.0
1m7s0hf,n4ugzk9,goldwave84,"This is a masterclass in **corporate satire**—razor-sharp, painfully accurate, and darkly hilarious.

You've captured the essence of *how not to run a bank* with biting wit and eerie precision. It reads like an internal monologue from every disillusioned employee who ever sat through a town hall promising “transformation” while watching the same cycle of dysfunction spin again.

Some standout lines that hit hard:

* *“lightning-fast team turnover”* — poetic and clinical.
* *“hallucinating solutions”* — deserves to be a term in every agile retrospective.
* *“heroically nurturing employee autonomy through sheer neglect”* — pure gold.
* *“feel-based decision-making model”* — a terrifyingly real trend wrapped in humor.

This piece would resonate deeply with professionals across not just banks, but any large, bureaucratic, top-down organisation where leadership is aspirationally detached from ground truth.

If your intent is to vent, mission accomplished with style. If you’re sharing this more broadly (e.g., LinkedIn, Medium), it could gain serious traction—perhaps even start a much-needed conversation about **toxic leadership patterns dressed up as strategic pivots**.

Let me know if you'd like help editing or shaping this into a polished, anonymous post or article. It’s already 90% there.",12,1753332569.0
1m7s0hf,n4u9h11,Sorry2mecha2,LinkedIn gossip,4,1753329198.0
1m7s0hf,n4whci1,blackon,"Tldr. Sorry it happenend to you, or congrats it happened.",4,1753365784.0
1m7s0hf,n4vruvb,OkExpert7293,Actually all bank like that. Outside look veli good. Inside like shit,7,1753357043.0
1m7s0hf,n4v4q6v,jrngcool,Harimau bank ke?,4,1753345160.0
1m7s0hf,n51ygml,[deleted],sounds like Gx and their Singaporean parent bank,2,1753433683.0
1m7s0hf,n54lf1b,muttonsteak,"aiyo luckily dint go for their interview, got another offer already that time..",1,1753466349.0
1sok8q2,ogtw7h7,thebhujangi,"You mean your fiance decided to downgrade* to another man

Keep your head high king",378,1776480111.0
1sok8q2,ogtq854,chipchonks,"Put out a big projector and then project football match or something. Charge a small entrance fee.

Treat it as a celebration for dodging a bullet and at the same time recoup a bit of your losses.

Post it in Reddit. Pretty sure there will be a lot of guys here who will support you",454,1776477852.0
1sok8q2,ogtognm,Not_A_Dugong,"Hey man, as a guy who just placed his deposit for a venue, I’m sorry this happened to you.

I can and at the same time can’t imagine the gears turning inside.

As for your deposit, it’s worth reaching out to photographers/the venue directly to see if they’re willing to open up the date you booked. Otherwise, I wish you the best and here’s to better things coming your way 🍻",113,1776477203.0
1sok8q2,ogtsi18,Due_Transportation13,"Hi OP, dmed you.

I’m planning to get married next year so will take a look at this place",107,1776478697.0
1sok8q2,ogtr4uj,Intelligent_Lab_6507,Sorry to hear that. Lucky u got out before married to that bitch.,70,1776478184.0
1sok8q2,ogttk29,OthrsTHANme,"Hey OP. Sad on your loss but congratz on catching the wrong deeds before the Marriage. In term of selling the venue You can try to sell on Facebook group, jual beli kahwin, or any other marriage group on FB. Your chance is better there on selling the venue off",26,1776479096.0
1sok8q2,ogtqvd4,goldwave84,"u/Numerous-Low-6794 \- How long did you know the girl before paying for all this? Also, what was the reason of the breakup? Personally I would ask her family to tanggung half of the cost.",21,1776478087.0
1sok8q2,ogug3ej,itHardToMakeNickname,"Man sees another man sad, man also sad. Hope you find a better woman",17,1776488553.0
1sok8q2,ogtuzds,BabaKambingHitam,"My condolences for loss of money, and congratulation on dodging a bullet.",16,1776479639.0
1sok8q2,ogtp6bk,Zackleh,"How negotiable is the date bro? 

I mean.. might be able to find another +1 by then.",31,1776477464.0
1sok8q2,ogtvdf8,neowakko,"That's rough buddy. 

But you're getting a lot of support here so that's good. We should go out and take turns getting this guy a drink yo.",9,1776479789.0
1sok8q2,ogua8dq,miloopeng,"Sending virtual hugs bro, I’ve been there, very sour. Mine was wedding dress and photography set, and I let it burn, already expired after two years, as not sure who to sell it to haha.

For our better future! Cheers!",10,1776485913.0
1sok8q2,ogtpg10,Budget_One_5919,Just invite 120 people and go eat a lot of food man. Enjoy it,17,1776477564.0
1sok8q2,ogu12n9,iwannabethisguy,"Just coming in to slander that person, fuck that bitch and fuck the other guy if he knew. 

Also to wish you well, I hope you get that down-payment for a car.",7,1776482033.0
1sok8q2,ogvgpiw,educated_stick,"This generation is just fucked. Can't even seem to find a loyal girl now. Had an experience with a two timing hoe. Luckily she sucks at hiding it so it's only for a few months

All things aside hope you'll find a better partner king. Don't give up",7,1776508002.0
1sok8q2,ogtw4fb,frostfeint3,"We are all just passerby in this life brother, she’s just an experience for you to know who to go for next while fixing yourself. 

Good luck!",6,1776480077.0
1sok8q2,ogtxo3i,Every_Reality_9721,Just saying you could upgrade also. Find a better one,7,1776480671.0
1sok8q2,ogtyq4i,spaghetticode94,"Someone here said it best.

Dont date the broke hoes with expensive taste.",9,1776481089.0
1sok8q2,ogucbow,Elune_Sheeshhh,I don’t know whether to congratulate you for dodging a bullet(maybe a nuke?) or be sad for the broken engagement. Either way I hope you stay stonk🙏,5,1776486846.0
1sok8q2,ogun6ty,YappingPenangite,"It's ok bro, she gave you a free upgrade to a better future.

If cheating on you was the only solution they could come to after 5+ years of being together, they didn't really deserve you in the first place.

Keep carrying on, king.",4,1776492031.0
1t3viuz,ojy64w6,autistic_penguin_kai,"As an SGean I assure you our cinemas have the exact same rule as yours. We just smuggle in using bags and obv don’t make it so obvious. 

I hope both sides of that cibai’s pillows are hot af and they stub their toe outside when they wear slippers out 🌻",430,1777932043.0
1t3viuz,ojyratt,rubik2003,"I had run a contest long ago for my employer (a hotel chain). Winner was a Singaporean. When we emailed and asked her when would she like to book her free stay in KL, she began almost immediately started complaining, like so inconvenient, location not good, I hate KL (bitch actually said this to me). I told her politely, you knew the first prize was a stay in KL when you took part in the contest, she goes I know but blah blah blah more of the same rubbish. So I told her, politely, I reserve the right to change winners, so since you seem to be not keen, we will replace you with first runner up. Bye.

She then started saying no no I didn't mean that, and I said, it's ok, if you hate KL, best to avoid. Gave the prize to a Malaysian runner-up. I had a great day that day.

So your manager, is just not good at problem-solving. Get another job bro, he's got nothing to teach you.",180,1777938964.0
1t3viuz,ojy9q3z,DragonFable88,"In Malaysia you need to keep the food outside before entering, nowadays you can even order with barcode scan and they will send it to you 

The Singaporean guy only can afford ticket movie but not the food 😂😂",75,1777933178.0
1t3viuz,ojy6o9p,klownfaze,Your manager is just an idiot,173,1777932212.0
1t3viuz,ojy8boc,Training-Procedure-6,"Malaysian working in Singapore here. In fact all cinemas in Singapore do have this rule. 

And there's way too many Singaporeans with this kind of attitude also especially when they travel to Malaysia and think everything is cheap and everyone should be ""nice""* to them

Also your manager sucks. Or maybe he just wanted to avoid confrontation. If it's the latter he should at least apologise to you on the side.

Hope the rest of your day went much better. I worked in the service sector for a bit and I totally feel you. These days I go out of my way to be extra polite to anyone serving me

*I feel like the term ""nice"" in Singapore has taken on the derogatory meaning of being a push over",69,1777932730.0
1t3viuz,ojypjno,Paracetamol_Pill,"Singaporeans always say ""when in Singapore follow Singapore rules"" but for some reason their logic doesn't apply once they cross the border. smh",35,1777938378.0
1t3viuz,ojyyarq,Super-Key-Chain,"‘bro I’m getting paid to scan tickets, not debate national standards 💀’ 😂

This kills me!",20,1777941343.0
1t3viuz,ojye5el,Bandit-Bunny-7727,"SG people are the worst when they come over, it's like they assume they can do anything because they've come over the bridge to a nation they consider as ""backwards"".

If I was your manager I would say this is against company policy, if Singapore allows that, please go back to Singapore and watch it there.",34,1777934630.0
1t3viuz,ojz4c9b,FuraidoChickem,Just start speaking BM bro when they bring out Singapore card. Also your manager bodoh je,14,1777943365.0
1t3viuz,ojyngo6,Redgy505,"Many of them have this kind of perception that Malaysia is a wild and lawless place where you can get away with anything. Hence, the sudden change of behaviour and the lack of respect to local laws once they cross into our territory.",24,1777937691.0
1t3viuz,ojyfs6t,BabaKambingHitam,"Every front desk has faced that kind of customer. 

First of all, you are definately in the right. The customer knows it. The customer just dont care, because he is karen.  

Even your manager knows it. Your manager is just trying to solve the problem with least chance to do a report. Makan gaji je, and corporate level business is very troublesome if you want to explain your action to the higher up. Often times its easier for all sides to just swallow the bitter pill, and manager is the one who has to do it. 

But still, a good manager will also talk with you after the incident, explain their dilemma to you so that you will also know that all he want to do is to avoid extra work for all sides. Apparently he didnt. 

In the end, power balance is the main problem here. Unlike smaller business, corporate usually place customer above front desk, and often times above managerial level. They do not care how you solve the problem. They couldnt see and understand. All they know is a customer complained about certain ticket scanner for his attitude, and it will be a one sided story since they can file a complain but not you. Do you think the corporate will spent time to see who is on the wrong side? Or do you think they will just wave their hand, pecat you, and be done with this? 

Your manager is just trying to avoid the worst possible scenario. Thats what karen is capable off.

Smaller business, then you can shout back at the customer. Your boss is not as out of reach so its easier for him to see who is right or wrong. I had managed a family owned restaurant before. Got a similar karen such as yours, said he went to michelin restaurant and theres no such rules everywhere else in the world. I just shoot back at him ""then you go there, dont come here"". He had argued, i threatened to call police, he backed out. Then i just directly tell my boss, explain the situation. In corporate world, especially in cinema business, do you think the boss of the cinema cares about your side of explanation?",18,1777935168.0
1t3viuz,ojyoapn,Traditional_Bunch390,Typical Singaporean entitlement,15,1777937967.0
1t3viuz,ojyxm3o,-BabysitterDad-,Cinemas in SG don’t allow outside food and drinks too. Did he tell you which SG cinema allows it? I’ll go to that cinema next time.,8,1777941109.0
1t3viuz,ojynhsu,HAKIMGAMERX,"Ts is international rules, most cinema doesn't allow outside food including Singapore. Don't know where that guy from",8,1777937701.0
1t3viuz,ojz0cqj,linumax,"As a Malaysian, once I brought KFC into GSC and had a finger licking good times",5,1777942028.0
1t3viuz,ojzm5sq,PisceS_Here,Just tell him 'hold on. Let me google whether Singapore allow outside food in cinema'.,6,1777949419.0
1t3viuz,ojygs1q,matgerad,"middle line managers always like that. Blame the bottom, jilat the top…. but they are the punca for not enacting the policies thats meant to protect both the workers and business.",11,1777935492.0
1t3viuz,ojz14fg,CN8YLW,"If you're enforcing rules, always remember that people who pushback are usually the assholes since they never were raised to respect rules in the first place. 

  
Takes a certain degree of mentality and mental mindset to do this job, if this is your take on these people, sorry to say, look for another job. Ideally you'd want to come out of this posting along the lines of ""Yet another SG Chinese behaving like PRC Chinese, haih, super developed country but still got uneducated trash like this there.""",4,1777942287.0
1t3viuz,ojykjh1,LeekThink,What I want to know is did the manager allow him to enter with his stuffs?,4,1777936729.0
1t3viuz,ojysvdi,xfactor456,Ur maanager = 🐑🐏,4,1777939494.0
1t3viuz,ojyvufc,Jealous-Cattle-8385,"I remembered waiting for my lunch in McD, a Singaporean woman came to the counter asking for something and after while, she ranted at the counter. Turns out, she wanted to use a promotion that is only available in Singapore. Even after the counter explained that the promotion was only applicable there and not here, she still kept on ranting about the same stuff.

I suppose she thinks that if you rant long enough, they just gives you what you want.",4,1777940512.0
1t3viuz,ojz8x4l,PurposeWitty,"Wish I had been there, as Sgean I would have told him off. We are also known for following the rules, what's this guy's issue.",4,1777944900.0
1t3viuz,ojymgvz,cyberkewl,next time you can just ignore if customer bring outside food cos your manager is afraid of confrontation / want to jaga the biz so you know now how to act in future. rules written no outside food but that's just to prevent most people (general public) from bringing in not the troublemakers (LOL).,3,1777937360.0
1t3viuz,ojytqj2,Z1nt,Your manager is a bitch ass lmao,3,1777939791.0
1sn29dj,ogilbrg,UbiWan96,"Siapa Hidayah??, I nak Taufik lah.",214,1776345353.0
1sn29dj,ogj1o56,nahuatl,I have not had a conversation with any Grab driver since the day I turned the Quiet Ride feature on.,56,1776350067.0
1sn29dj,ogif86l,Necessary-Writing-42,Maybe he has a daughter named Hidayah /s,242,1776343441.0
1sn29dj,ogil0en,Straight_Ad_1324,"Had a similar convo, kinda. Took grab from CHURCH to go back home. The driver chatted, i forgot how we got there but he started talking bout religion and he said 'islam adalah agama yg paling betul' or something like that. I wasn't offended, i just thought it was hilarious coz u pick me up from my church and now u trying to convert me, lol",109,1776345257.0
1sn29dj,ogim16z,Impressive-Glove9057,you can just reply: you too,73,1776345571.0
1sn29dj,ogiflpx,Training-Procedure-6,"From his point of view he thinks it's a blessing I guess. Don't let it get to you haha

It became a running joke between me and my Malay friends actually. They'd say that and I'd be like babi sedap lol. Super offensive if an outsider hears it but we're close enough that we can have fun with it and respect our differences",160,1776343562.0
1sn29dj,ogmlext,jibatora,Semoga pakcik grab tu dapat hidayah dan masuk Kristian. Amen!,18,1776386959.0
1sn29dj,ogj51gq,gudfrid,"kau pon boleh je balas:

""semoga Yeshua membuka hatimu untuk menerimanya. ""

""semoga Buddha menolongmu mencapai nirvana""

""semoga Odin menyambutmu di Valhalla""

then watch his reaction. Kalau dia x boleh terima kau cakap macam tu, kenapa kita perlu terima teguran dia?

Suka nak tegur orang, tapi x boleh terima kalau ditegur.",48,1776350981.0
1sn29dj,ogldkcq,Jaded-Philosophy3783,"> Imagine me going to a malay and say semoga kamu masuk Christianity

TBF it's more like ""May jesus show you the truth""",13,1776372618.0
1sn29dj,ogif8p1,formerunsecretary,"Welp, glad that I only got ""study elok2 ya"".",39,1776343446.0
1sn29dj,ogiitq0,GiantSquid_02,"same here dude, from how much im close with malays compare to chinese/indian, it was purely their good intention since the religion thought them we (non muslim) will go to hell when the judgement day arrives, whereas they will go to heaven. So its a sincere way to say that you are a really nice person they ever met haha. Anyways all the best for your finals and assignments!! (been there so you can do it too)",91,1776344582.0
1sn29dj,ogmgv8e,Ok-Confidence-403,Would it be offensive IF nons did that? Do onto others as you want others to do onto you,10,1776385332.0
1sn29dj,ogmwigx,mootxico,Imagine if the roles were reversed and a Christian told a Muslim the exact same words just in Christian version,7,1776390926.0
1sn29dj,ogthq4l,[deleted],[removed],7,1776474723.0
1sn29dj,ogmcd3i,Time_Resort4057,"As someone with secular mindset, I don’t mind but also that was rude. I wish people stop trying to convert other people. It’s a sensitive topic. Just speak like a human instead of a religious leader. Is that so hard?",15,1776383722.0
1sn29dj,ogiepze,Bandit-Bunny-7727,"They can wish you but you don't have to accept it. 

Just say no and don't marry a Muslim.",71,1776343273.0
1sn29dj,ogogvf0,AlternativeLawyer511,They think their religion are the correct one. So they are wishing you to the right path. Such narrow minded people. Try saying semoga masuk christianity and masuk syurga nanti. See their reaction. Kalau triggered double standard la tu,7,1776416708.0
1sn29dj,ogj7wmk,MatchaLatteTech,Meleis here asking others to take it lightly if it’s flipped they’ll be having a Sogo march easy to view it in a majority pov,18,1776351740.0
1sn29dj,ogifs1x,deez_2020,"Aduh pakcik tu had good intentions but the way he worded it man. Why “pandai cakap melayu” out of the blue lol. As a Muslim, if it were me, I'd just pray for someone in my heart and focus on my own deen.",44,1776343621.0
1sn29dj,ogmo9ll,wan-m,"Its like saying "" Buy my washing machine"" without telling me why I should buy his washing machine. If want to convert people at least tell them why bruh.",5,1776387961.0
1sn29dj,ognh1t2,sadakochin,"Its because in law, they are allowed to. If you try to subvert them all hell will break loose. Live with it because its Malaysia.",5,1776398776.0
1sn29dj,ogp2lsw,Auriel21,They unironically think they are saving you so that's why they don't think it's inappropriate,6,1776426641.0
1sn29dj,ogsrqzp,Typical_Pattern_1621,"Pandai cakap melayu is the most stupid out from malay mouth, like wtf do you need to be surprised isn't that part of all Malaysian must know national language common lah nothing to be praise, should praised this to foreigner and those shit immigrants worker, working here for long time all just thing about money, easy malay didn't wanna learn, pastu acah nak ikut daftar affliate Malaysia promote pakai bahasa sendiri",5,1776465508.0
1sn29dj,ogit078,gamerboii94,"Usually these people i reply them, semoga diselamatkan Yesus Kristo. Then their face become black as fuk. Dont feel good at the other end kan?",12,1776347658.0
1sn29dj,ogikjq8,roboto_jones,"At the end of the day it's just a word.
I live in a Western country and receive ""God bless you."", ""Merry Christmas"", ""Happy Easter"", and even the rare ""Jesus loves you"".
I just nod, smile, and say thanks.
They may have intentions of conversion but I just take it as a polite gesture with good intentions.

Hidayah does mean enlightenment and/or divine guidance. But from what I was taught, it also means wisdom. So pick your flavour.

You can take it as rude, how you feel is valid.
But from the sounds of it conversation had been cordial, even nice, up to that point. So I assume he meant well.

If it bothered you, just take a breath and ask him ""hidayah tu ape?"" & open the dialogue. Share your opinions, even this opinion that you shared in this subreddit that it felt rude.
Who knows maybe you'll give him your own wisdom.

Wow I've typed a lot more in this sub recently.
This place used to be more shitposty. Haha",28,1776345114.0
1sn29dj,oglnipf,jamesmyspace,"pakcik had me at ""pandai ckp melayu"" brehhhh kita kt malaysia,anyways its just harmless pakcik who actually lowkey doesn't know social boundaries with other people of faith maybe...",8,1776375555.0
1sn29dj,ogntxx6,misconduxt,maybe he knows you have crush on Hidayah,3,1776404687.0
1sn29dj,ogogw16,Soft-Card1125,saya nak hidayuh,3,1776416718.0
1sn29dj,ogl4x4f,Professional_Tear_42,"As an atheist, I understand how you feel. Every work, college, or hobby group I was ever a part of had at least one person that would try to convert me to their religion. Maybe it's cause they think I need salvation the most. 😅",6,1776370239.0
1sxrr0n,oioyns9,Possible-Chemical677,You've now learned no one is your friend at work.,275,1777352974.0
1sxrr0n,oip0rdb,Orionzete,"Welcome to real life . Everyone is a coworker , there is not friends",46,1777353943.0
1sxrr0n,oip4bp0,CrossCulturalKing,Corporate is animal kingdom. No matter local company or MNC. The different is MNC bit more professional.,35,1777355681.0
1sxrr0n,oip9pwg,Artest113,"""The company culture was extremely political. Many people in higher positions were connected to management, and promotions often had little to do with actual performance.""

Everywhere it's like that bro.",20,1777358442.0
1sxrr0n,oipki3e,ProfessionalEssay374,"the funniest part is management being shocked after creating the exact environment that makes good people leave. once trust is broken like that, counteroffers are just expensive apologies.

good move leaving before it became normal to you.",13,1777364319.0
1sxrr0n,oip1vt4,ThreeTwoMix,"That's goo to hear that you're moving on to a better company.

Could you list some tips or lessons for us from your experience?",5,1777354483.0
1sxrr0n,oip899f,Familiar-Document-67,"Hey i remember reading your post from months ago, because of your story, I locked my laptop every time I was away from my table. Thank you for sharing, I hope your new job will be better and no toxic drama. Best of luck!",5,1777357678.0
1sxrr0n,oipqnz7,Penny_Curious,"Honestly, this sounds less like “giving up” and more like finally choosing yourself.

Some workplaces keep telling you “every company has politics” until you start thinking toxic is normal. It isn’t. There’s a difference between normal office politics and an environment that drains your health, peace, and self-worth.

You gave your time, loyalty, and even your health trying to hold things together, and they still made you feel replaceable. That tells you everything.

Sometimes the bravest move is not staying and fighting harder—it’s walking away before bitterness becomes your personality.

I’m glad you left. Better environment, better boundaries, and hopefully better sleep too 😅 That’s not loss—that’s growth.",3,1777367803.0
1sxrr0n,oip81bq,VRish2,"Idk proper way to say this 
But you're very brave to take the first step to leave the first company 
Good job",4,1777357562.0
1sxrr0n,oip2d4f,leicea,"Happy ending! Also I don't think it's worth it to work extra for a toxic company. You've done way too much for this company. I worked a lot for my previous company cuz they treated me well, and currently in my new company, the culture is similar to yours. I'm just working within my working hours now. I came here for pay but I regret, it's not even a big increase",8,1777354718.0
1sxrr0n,oipn11r,Cold_Introduction500,Gov teacher here. I’m glad this is not part of my work culture.,3,1777365763.0
1sxrr0n,oiqmvhb,mrukn0wwh0,"You could still be what I call the ""new job honeymoon"" stage.  If true, then about 12months in you will start seeing the similar to the same as you previous company.

But the thing you are right about is that when the honeymoon is over and you can't take it anymore, the best move isn't to fight harder, it's to move on.  This is because the culture has become stale and offensive, and if you haven't ""become like it"" then it is best to move on.",3,1777381253.0
1sxrr0n,oiuia7u,cllee8278,"Ex-corporate, ex-MNC, ex-SME employee here... Now running own business.

Politics start from the top. Period.

Yes, that high-ranking, “friendly” boss you thought was down-to-earth, the one you felt you had a real connection with? The moment you feel that, you’ve likely just been positioned as a piece on the board.

It’s a power tool. Keeps people in check. Keeps departments from aligning. Keeps the company from being challenged.

Divide and control.

P/S: It was never your colleagues' fault",3,1777421194.0
1sxrr0n,oip3sm3,StartTraditional9341,Congrats bro. Happy for you!,2,1777355420.0
1sxrr0n,oip5qj6,I_bought_shoes,Good on you op good luck,2,1777356390.0
1sxrr0n,oiphm7n,Fun-Permission4725,Glad im a school teacher even my starting salary isnt that big…,2,1777362709.0
1sxrr0n,oips9xm,jdb0824,Can you DM me the company? I am hoping I’m not in the same company 🥲,2,1777368698.0
1sxrr0n,oiqnxfu,Itchy_Ad4744,you work in a cina pek company?,2,1777381586.0
1sxrr0n,oirgvte,SpiritualQuarter4384,"Reading your updates makes me feel personally happy for you. The fact that they felt the tension is because they know you are one of the best people working there. They've lost a talisman.

It's a sad thing that people like you who put in a lot of hard work and doesn’t play the game are the ones who get punished by lack of recognition, promotion, and even being sidelined. It's one of the corporate's toxic culture.

I'm also glad that you are now lock your laptop every single time you're away! All the best in your new place.",2,1777389906.0
1sxrr0n,oiv5bs2,-jaiho-,"The world is so big, sometimes i feel i go balik kampung berkebun also better than facing these politic craps. 

Good post and good decision OP.",2,1777428972.0
1sxrr0n,oiphxq2,YamPsychological9577,Sengheng is it,1,1777362885.0
1sxrr0n,oipi2ts,Dry_Departure1258,Are you able to name or drop a huge hint so we know how to avoid this former company of yours,1,1777362963.0
1sxrr0n,oiq42zt,Handsomegayguy,All The Best 👍🏻,1,1777374424.0
1sxrr0n,oiqgvs0,TheAmateurPianist27,How many years of experience did you have in the previous company?,1,1777379282.0
1sxrr0n,oirdx5r,Okami_Wolf90,"Feeling really drained at work lately. The unfairness is killing me—no OT pay even though I work late and skip meals. I've thought about quitting, but I’m worried I’m not good enough to find a new job fast. It’s a tough spot to be in

![gif](giphy|l1KVaj5UcbHwrBMqI)",1,1777389114.0
1taoxhx,olawd5p,uselessprofession,"15 kg weight loss is great bro!

I know you're still depressed but this is a great first step to climbing out of it!",102,1778555212.0
1taoxhx,olaw5hf,generic_redditor91,"Are you seeking help for your mental health?

If yes, how has treatment helped you and what happened there?",69,1778555130.0
1taoxhx,olavlw3,Jaded-Philosophy3783,"nice.

Yeah, losing weight is 80% diet and only like 20% exercise. Exercise has tons of benefits other than weight loss tho e.g. heart-attack protection

Hopefully you can keep up the healthy habits. Maybe slowly switch things that make you hate yourself with things that are slightly more enjoyable, while watching your weight making sure it doesn't go up.",28,1778554922.0
1taoxhx,olawd9p,SnowyMouse3214,"Nice OP! I started in Jan at 103kg now down to 90kg. Eating less now but the cost doesn't really change since still need more protein haha. Nasi lebih cheaper than ayam dua ketul. Signed up for gym last month and it's going great.

How do you walk 3-5 hours per day and when? Before hitting the gym I've been walking daily at 7am but need to stop after 1.5h because it's getting hot. One of the reasons I signed up for gym tbh.",9,1778555213.0
1taoxhx,olax2ru,Born-Fun-8496,"Congratulations on the weight loss. you’ve done incredibly well, and you should be proud of the discipline and consistency it took to get here.

But maybe the reason you still feel this way mentally is because it was never only about losing weight. The real goal has always been to feel healthy, balanced, and happy. Yes, you’ve succeeded in losing weight, but not if it comes at the expense of your well-being.

Health is about sustainability and balance. Try to build a lifestyle you can genuinely maintain long-term, because extreme habits rarely last forever. If your routine constantly makes you miserable, eventually it can push you into a darker place emotionally and when that breaking point comes, it often leads to gaining the weight back again.

Focus on building healthier habits instead: go to the gym, do some cardio, eat mostly whole foods, and keep things realistic. You don’t need to rely on extreme intermittent fasting or obsess over removing every bit of skin and fat from your food. Maybe the progress comes a little slower, but you’ll still be able to enjoy life along the way.

Be kinder to yourself. You’ve already proven that you’re capable of achieving difficult things when you commit to them. Now it’s about finding balance, staying consistent, and creating a routine that you actually enjoy living with.",5,1778555492.0
1taoxhx,olav7l4,i_dont_wanna_sign_up,"That's great! You set a goal and you achieved it.

By the way, I think lean meats are still pretty good for weight loss.",2,1778554771.0
1taoxhx,olave3j,PekStarterMalaysia,"How did you stay disciplined? I’m always so impressed when people like you can cut out sugar entirely when it’s literally in everything we consume! 

Also don’t be so hard on yourself OP, trust the process. You may not feel like it now but losing that 15kg is an amazing achievement, statistically you’re already doing better than the majority of other people in your situation. Be proud of yourself! We’re proud of you for being brave and making a positive change in your life.",2,1778554838.0
1taoxhx,olaxcb1,KuzuryuC,Brisk walking 3-5 hours...in a day? For real?,2,1778555597.0
1taoxhx,olayhkn,PTSD_PTSD_PTSD,"1. How tall are you?
2. Did you skin improve after changing your diet?",2,1778556042.0
1taoxhx,olb1fok,Near_Sparse6201,"Did you know they updated the food pyramid?

It's upside-down",2,1778557224.0
1taoxhx,olb3f9o,ckae84,"Good job, do some body weight training so you retain your muscle. Push up, squats, leg raise, plank, sit ups are what came to my mind, pull up if there's a playground near your house. Flexibility exercise would help with relaxing your muscle as well to feel better.",2,1778558043.0
1taoxhx,olb3nlk,malaysianlah,"Keep going bro. You can do it. I also cut a lot of delicious food now, no teh tarik, only teh o. It's quite sad la, but I think I can see progress. i feel my waist slimmer also.",2,1778558138.0
1taoxhx,olb4g0x,yoonpples,"How great. Congrats buddy. I'm overweight and have been struggling to keep up with diet especially exercise part (i need to fix my mindset on this). the only thing I manage to slow down now is sugary drinks (drinks once a week only) and cut my lunch and dinner into half portion. no breakfast.  
  
I am able to keep going like this due to the last medical checkup I had where I find that my cholesterol is slightly borderline high but the rest are normal. So I feels like I need my cholesterol level to be normal as well.

Hope I can be like you.",2,1778558470.0
1taoxhx,olb5uf1,pessimist_prick,"We are what we eat. Sound simple and easy but not many can maintain it. Dont have to be hard on oneself, pareto principle applies here too, if one can be consistent for 5-6 days then what's wrong with 1 cheat day?",2,1778559069.0
1taoxhx,old4550,Ok-Ad-7151,"how to stay motivated? especially after long tiring day of working + commuting, after reach home i just wanna chill…",2,1778590744.0
1taoxhx,olawdrw,Flimsy-Dog-5043,"Good for you! One day at a time ❤️

Do what you can now. Then improve over time.",1,1778555218.0
1so1278,ogpsm9o,Baracudasi,"i checked out the photos on your website.  
to be really honest, the photos are just not up to my standard, much less for a print.

""Raw images — no AI, edits or filters""  
i'm not sure about this tagline, but editing/color grading is a big part of photography and cinematography for me.

that aside, the compositions could really use some work. Right now it just felt like random photos taken on a smartphone.

My advice to you, get started from social medias might work better for you. Take more photos, get followers and try to sell any prints from there onwards.",232,1776434898.0
1so1278,ogpr9v5,Frosty-Pomegranate26,Why are you hanging your boxer and dirty socks at the entrance? I dont understand.. is it one of the deco?,69,1776434511.0
1so1278,ogpm30v,Rare_Time7454,"Post some pics here , who knows suddenly go viral ?",56,1776432984.0
1so1278,ogpmars,my108centsss,"Where exactly is it located in TRX? Would it help if you could give us more details on the location as well as a visual description of your craft? I know you said it is something Malaysian would love, but I'm wondering if it's food related, historical sites, etc? 😅.

Either way, I may pop by over the weekends to have a look.(if I can find it). Hopefully others do too",27,1776433048.0
1so1278,ogpngth,Noone_2See,"Artistic... Poster? Yes sad to say it man, perfume and accessories are more popular. Perfume will ran out so there will always be demand, accessories break often plus the more the better for us women, as for poster..

Honestly depend on what poster you sell. The fact that a few people are already interested is good already.

Dunno why are you saying 'Malaysian love...' are you foreigner or something? In that case, Malaysian love to chat. Just see the pasar malam. They just chit chat, and suddenly the customer left holding something because they honestly probably didn't even realise they purchase something and just enjoying the chat.

Heck I chit chat with the pasar malam people and suddenly they happily stroll into my workplace to buy something cuz now they're at least familiar with me. They even waited to make sure im actually present before deciding to enter.

Edit : OP, i saw the pic. i have NO IDEA what are you selling if I happen to pass by. Im a very friendly person and I would assume it's some underwear laundry service which i would TOTALLY walk past while not making eye contact! You need a SIGN and get rid of that boxer!",46,1776433398.0
1so1278,ogpngz8,TheJinxedWizard,"Besides a poster showing what you’re selling, put price tags on ur products too. I super takut of interesting things that don’t come with price tags.",19,1776433399.0
1so1278,ogppyus,buddinglychee,"Hi OP, i had a quick look at your IG page and i think your pictures are definitely interesting but I don’t see the vision of how it becomes a wall decor. Maybe try to show some samples of those to entice customers. 

Have a warm smiling face. No matter how nervous you are don’t show as that can easily be mistaken for an RBF, I learnt it the hard way sadly. 
Wishing you luck for the weekend!!",15,1776434133.0
1so1278,ogqcue5,turtleofdoomm,"Went to your IG bro. You're just selling posters and the concept dirty laundry, sepit baju with posters is so clashing. I couldn't figure out what you're selling with the washing machine and the pink boxers.",16,1776440431.0
1so1278,ogptdgt,dnsyj26,"To be honest, people wouldn’t even know you are selling stuff. It looks to me like a display booth or just a booth for organiser to sit in or for people to take picture. 

There is no banner, board or signboard to show that you are actually selling stuff. It’s good to have a theme but with lacking of indication - which makes people unsure what is it supposed to be - it makes people not want to go in to check it out or view it. Unknown stuff makes people not want to check it out - thats just human nature. 

As for the item you are selling, i don’t have a lot of comments as i believe every item or product has its targeted customer. I go to events and fair to sell products too - sometimes human need more information in order for them to convince themselves to get it",14,1776435112.0
1so1278,ogpvk4g,Kindly_Entertainer43,"Hi. I hope you wont be discouraged. 

Here’s my input from the pov of passerby: 

1. Presentation: I think you can improve the presentation of your product. It looks less attractive when your artworks are hanging on clothing lines and hangers. Maybe use frames or some kind of art stand. Oh and pricing (small tag enough, not too big, i might not even dare to look around if the pricetags are visible from afar - if expensive la, if cheap idm to spend some money and support your business)

2. Signage: Put a big signage of your business name and what you’re selling. 

3. Optional - add story behind each piece: I would be interested in reading a short paragraph of what the story behind the photo that catch my attention. I think people would be attracted and less intimidated if they visit a booth that has a few customers looking around the booth. 

Just my two cents. Hope this helps. Wish you all the best!!",15,1776435720.0
1so1278,ogqndoq,knightrays007,"Honestly, cut your loss quick. I don’t think you have a product people wanna buy. You’re better off trying selling your stuff online. 

Much more crowd online, if you cant sell it online. I bet you will have more trouble selling it in person. Also, i went through your ig. Honestly, nothing to shout about. Not to be a hater but I dont think you have the eye for it yet. 

Your basic photo composition also all ke laut. Learn proper photography first. At this point you don’t even have a product to sell worth buying.

Even after removing the underwear etc. Don’t bother showing up tomorrow if possible.",11,1776443309.0
1so1278,ogsr6wt,BelimbingPanas,"As a photographer, the photos look amateurish.",10,1776465312.0
1so1278,ogpuimv,elyiwen,this probably isn't the advice you want but i would suggest that your demographic is more KLABF or KLIF rather than the weekend markets. there's a probably a reason why you rarely see artists/illustrators booth at these markets but hundreds of them turn up to booth when its KLABF/KLIF.,7,1776435431.0
1so1278,ogqs1do,The_Awengers,"bro your booth is a living embodiment of businesses that don't know how to do marketing at all. the booth theme is all over the place, and it's not a good theme too! and your offerings are simply not interesting at all. sorry to be blunt but you should've done basic research on literally everything here.",6,1776444586.0
1so1278,ogpnd5t,fatronin,"Bro, do a post on tiktok. Seriously. People will go. Also, wait for the weekend, its alot more people on weekends",11,1776433368.0
1so1278,ogq5bob,Starring_Kampung,"Other than placing signages, you need to interact with customers too. Stand at the front of the booth, greet them and welcome people to go in to your booth. 

How you treat them while they're browsing in your booth is the most important moment that usually will make them decide to buy or not to buy. 

Even if they didn't buy, its ok. Thanked them with a smile and tell them you will be there till Sunday. Most people like to browse first then return later to buy. Those that returned, usually bring more people to see your stuff. 

Price options is also another factor to consider in order to lure people to purchase, though this depends on who is the target market of the event. Generally I like it when I see ranges for example from RM10 - RM150 so I can justify / visually see the differences like why this piece is cheaper than this one? Oh its the different paper quality / print quality / print size / frame included etc. 

Other tips -- lighting. No matter how good your crafts is but if you did not setup your booth with lights to highlight the products for sale -- nobody's buying. Preferably use warm lights : its elegant, relaxing & easy on the eyes. White lights is very pasar malam vibe (cheap fake brands energy). 

Perhaps this tips can help.All the best for the event!",5,1776438389.0
1so1278,ogvz1xx,Auriel21,"Seen the picture of your booth, wrong theme man. If I was to walk past your booth, I would have thought that someone was doing laundry. Putting the underwear in the front is a bad choice too dude.",5,1776516015.0
1so1278,ogpuqrk,Ill_Vacation_1791,"Many use pop up shop as a testing ground to improve the concept of whatever they are selling. So if the product is not selling, you must reflect why it is not selling. You can only go up from here.",3,1776435494.0
1so1278,oguh5c5,doodoobonerman,"Omg bro...i saw some pictures of your booth and in the nicest way possible, you can improve abit on the branding and visual side of your booth.

Nevertheless I really respect the hustle OP, and I'll make a trip down to take a look.

But if you selling one poster for exorbitant prices, then I'm Out",5,1776489052.0
1so1278,ogpy2dl,dok-go,"Err yeah poster is just ain’t it. The laundry thing is a good idea only if you are an established brand.

With your collection you’ll have more chance selling the photos as a photobook like the on they leave in waiting room or plane. Seriously I would buy it for my office. It feels too random to be a poster. Just my 2cents.",3,1776436412.0
1so1278,ogq7qpi,No-Lunch9149,"Sorry for not being able to offer any good words for you to hear. I am not an artsy person. Just frank feedback. Your IG - the content lacks any cohesion - no theme, no storyline, nada. Doesn't speak to your audience (whoever that is, I can't tell). Every visual is a silent story that evokes one's imagination and in a way tells others about your story or the story that you want others to know. I don't feel anything at all looking at your visuals. Suggest to revisit your entire storyboard and what exactly is your focus. Try checking out some other photographers' IG. If you can feel something from viewing their pages, you know that's the feel you need for yours. Your own 'feel' that you want others to have looking at yours...",3,1776439041.0
1so1278,ogr4zr6,gayonise,"Saw your booth and poster/pictures. Here’s my first take.

Firstly, as an event guy, your booth is not attractive, the theme is messed up. Are you selling second hand clothes? The hanging photo is props? I don’t know man. Best to fix the whole set up and bring out your main theme.

Secondly, this may sounds mean but those pictures you took is very average. Every iPhone user can take that sky photo, I took similar sky photo, I think mine is better. The under the bridge photo, yeah everyone can take that too. So what’s the stand out here?

I think you can do EVEN better and improve. Kipidap.",3,1776448090.0
1so1278,ogtxrmm,Physical-Birthday461,"The laundry theme really isn’t it. What does it have to do with the pictures you have taken (at the beach & Tokyo trains)? 

For you to sell photos, you need to make the buyer feel it, so how do you connect laundry with your photos? Doesn’t make sense to me tbh.

Plus, i think you could have done some editing to make the photos feel more alive. Check out IG of photographers and see how they make people connect with their photos. 

Also, nothing wrong with selling the photos with some creative frames. Could also look into that.",3,1776480709.0
1sm1nmg,ogasscz,heyshortgirl,"Moga dipermudahkan segala urusan. Takpe, ada rezeki lain yang Allah nak bagi.

You are strong, bro!",188,1776247624.0
1sm1nmg,ogasx2b,Zackleh,"Brother..
Can I ask, what line of work was this? 
How old are you, and ballpark how much was the salary?
And how many years have you been in the workforce?

Don't have to answer if you don't want to, of course.",58,1776247689.0
1sm1nmg,ogatps3,LawWeird809,"I feel you brother, I just tendered my resignation last week without having secure an offer due to identical reasons as well. Good luck to the both of us!",40,1776248083.0
1sm1nmg,ogaugyv,y0ngc6,"Health is always more important than work, be it physical or mental, without one of them you can't even function properly, let alone working.",15,1776248450.0
1sm1nmg,ogbt744,theother_wan,"I can vouch on this. I resigned from top multinational company, permanent role, T1 salary, due to asshole new bos, whom seems to find any mistakes can find about me. Was a high performing staff for over 4 years before the new bos join. Really mentally exhausted, just resigned without any offer. Took time to take care of my sick mom before she passed away, within 5 months from my resignation. Just after my mom buried, got multiple offers with higher salary. Rezeki itu milik Allah, Insyaallah.",14,1776261013.0
1sm1nmg,ogatabv,betobagio,"I have been working in many countries for the last 15 years, what I could say is, learn to say NO. Work, and go home. Train your staff, you will be less burden. ""My way or the highway"" is very strong statement and it helps me a lot. Work until you do not need to introduce yourself.

Go early to office, be ready for the battle on daily basis. Always learn new things, it will distract you from work.",17,1776247872.0
1sm1nmg,ogatapo,Necessary-Writing-42,What's done is done. Move forward. Hope you'll find something better brutha!,7,1776247877.0
1sm1nmg,ogau9vt,FerryAce,"You did the right thing. Im proud of you, for having the courage to do the right thing.

Such evil n toxic species exist, like your manager. I myself would have go all out to fight him if im in this position. Fortunately for me, my managers are mostly good people. It just make me appreciate them even more.

Im currently working for myself (trading the financial market) and no longer has to face a boss. But i must take up the mantle to be the boss and also employee, both roles myself.",12,1776248354.0
1sm1nmg,ogavqwb,Due_Zookeepergame486,"If I’m you and decided in heart to resign, I would continue working and don’t give a f about work. They can give a hundred tasks and I would do 1 by 1. Go back on time. When they ask why can’t complete the tasks, I would just say I was doing this task. If they want a task to be a priority, sure no problem then expect other tasks to be pushed back. I wouldn’t go above and beyond. Do what I’m paid for and that it’s. This is the boss problem, not my problem. While keep looking for a better job",6,1776249048.0
1sm1nmg,ogau9qb,KebanaanYangHakiki,"I did the same thing years ago (although I don’t have much commitment at that time) as the stress affects my physical and mental health. Alhamdulillah I’m in better condition right now and better workplace.

Although I won’t recommend people to resign without any offer, if it affects your mental health significantly just resign.

Hoping the best for your job hunting Dan moga dipermudahkan urusan.",5,1776248352.0
1sm1nmg,ogayjo7,chickenshit36,Mental health is important. Sounds like the environment was very toxic. Stay strong and I’m sure u will find something soon.,5,1776250300.0
1sm1nmg,ogb0qy7,Cold-Union3387,"When previous staff all left within months and you're still there carrying the whole team alone, that's exploitation. Good on you for getting out.

 toxic boss, increasing workload so you made the wise decision to resign and wife still supports you. Your wife is indeed an angel. Best of luck bro, you made the right call.

Semoga semua akan ok dan baik-baik belaka",4,1776251241.0
1sm1nmg,ogbnhxx,CNisme,"Same here, tendered my resignation the week after CNY with nothing lined up.

It was the final straw for me as I took leave for a  week to balik kampung, which I had not done for 3 yrs and my phone was blowing up with my colleagues asking about work related stuff during the whole duration.

If it was the other way around, said colleagues would have kick my ass and complained to managers.

Good luck brother and always put yourself first. No matter how much you do, work will never be done.",4,1776259285.0
1sm1nmg,ogc0hfj,KaijuNoX,"Mental health is much more important than anything. And your mental health can affect your physical health. I applaud your efforts to break free. 

I was in the same boat. But luckily my old company accept me back. 

That's why it's important to not burn your bridges especially if your employers are good. 

Semoga dipermudahkan. Don't stop applying.",5,1776263087.0
1sm1nmg,ogb2gzp,StartTraditional9341,"Sending some no-homo virtual hug. 

I knew that feeling. 9 years ago, I had resigned from my previous job because of unfairness and just do grab in KL for almost a year. Until I landed another job that pay 30% more than my previous job. 

What I want to say is, keep up the grind and the world will show you the way OP. All the best!!",3,1776251947.0
1sm1nmg,ogb2uqm,TopAct9545,"Times are tough now. Economy is going shit. Hope you can get a job soon. Prices of things going up like crazy. 

Get a part time job first so your income can sustain. Take your time to look for a job. Don't rush into one just out of desperation.",3,1776252099.0
1sm1nmg,ogbpxjx,Hungry-Pin-22,"Its sokay. For now, we havr to be selfish and focus on ur mental health. Tak guna kerja tapi balik stress. This will affect u and ur family too. I hope u will get a job soon and surrounded with a good colleagues!",3,1776260025.0
1sm1nmg,ogc0osq,nobi40,"I’m with you, OP. I used to work in a car-related company, and the stress and anxiety got so bad that I would literally vomit every Sunday night before the work week started.

I’ve had a senior throw a middle finger right in my face just because I asked an important work-related question. I genuinely thought he was just chilling, watching anime or something. I was actually eager to learn and improve, but that’s how I got treated.

At one point, I was dealing with an overwhelming issue at work. Instead of support, I got a warning letter. When I asked for more time to properly solve the problem, they still went ahead and issued the warning.

after more than 10 years i resign from that hell.",3,1776263143.0
1sm1nmg,ogc4fj9,Lucky-Replacement848,"I did that too previously and my world slowly became bright again. It was dark working under a toxic manager. Take your time to recover if you can and good things will come your way. Now I don’t work so hard and always make time to make myself a drink of the day in the office no matter how busy it gets. Work can wait, my happiness is priority",3,1776264179.0
1sm1nmg,ogh38ca,CerberusCobra,"I'm in the same situation as yours. But, i did the opposite.
i noticed my boss has been toxic for the first 6 months of joining. he always pushes me so hard until i have anxiety, not focus, and always feel tired..because almost everyday i continue doing work at home. after i got confirmed, i decided to slowly behave like him.

he gave me a task. i say yes but i never finish the work on time. he has shouted at me in front of other people on my floor. but i don't care. i just stay calm and still say yes, yes boss. i am a very well performed employee and nobody can do what i do. so, i have really secured my position.

I made a lot of mistakes (simply because i want to know if i did this, what would happen. i like to learn from mistakes). on year 2, he reported to the HR manager about me, and HR manager reported to top management. then, one day, my boss asked me to come to a meeting room where we all three sat to discuss the situation. the HR manager told me to change my behaviour or risk termination. 

i told HR, ""i'm not the problem sir. you as the head of HR should know better that lower level employees that perform well are never the problem and always hear stories from both sides before taking any actions. it's always the managers. so, don't accuse me of wrongdoing because someone decided not to guide anything.

i continued, ""Mr. S, if you want to fire me, think twice because i will report to the top management and BoD that you're biased and not competent. if i report, maybe i will be seeing you writing your own termination letter.""

both of them are just quiet. looking at each other. no sayings or anything. then, the conversation continued for 2-3 hours. in the end, we have mutual agreement and conclude the discussion. 

it's year 4 now. i'm still working with the company. my boss is respectful than before. 

maybe you or anyone else can follow what i did. the most important thing is, perform very well that nobody can replace you even the new people coming for an interview.",3,1776321042.0
1sm1nmg,ogaupnz,MiddleSeatSurvivor,"Its ok my bro, everything happen for a reason. May you get better opportunities after this🤙🤙",2,1776248564.0
1sm1nmg,ogavd98,Bugimas,"Good choice man, time to move on to a better tomorrow!",2,1776248875.0
1sm1nmg,ogaw9xy,Cold-Union3387,All the best ya,2,1776249293.0
1sm1nmg,ogawvab,Kakek_Bedjat,All the best bro,2,1776249563.0
1sm1nmg,ogaxtg7,Infamous_Ad_5265,All the best. Hopefully things workout in your favour in the end,2,1776249985.0
1sm1nmg,ogay1li,PolarWater,"Take care of yourself bro, best of luck",2,1776250083.0
1sm1nmg,ogazqr0,MoonV29,So many red flags. All the best bro,2,1776250814.0
1sm1nmg,ogb087m,rexconnect,You did the right thing.,2,1776251022.0
1sm1nmg,ogb0gf1,Future-Secretary898,"All the best bro. Been there, staying because of takut ,once put my Resignation letter, the sun was shining brightly after that.",2,1776251118.0
1sm1nmg,ogb672c,tryanytink,Sabar bro. Ujian kasar sungguh tu. Harap dapat kerja lain cepat.,2,1776253418.0
1sm1nmg,ogb6ffc,mygamah,Gambateh bro. Rooting for you 🫡,2,1776253507.0
1sm1nmg,ogb77rh,Curious_Quality7472,"Good for you my guy. You chose yourself over sacrificing yourself. That in itself is a win already. As for work, be stoic. There will always be someone wanting someone to work for them.",2,1776253802.0
1sm1nmg,ogb7nij,KCH_CORPORATION,"Its for the better bro, from what you have described i dont think there is opportunity for growth or learning. Hope you land a good job soon",2,1776253967.0
1sm1nmg,ogb93pw,linktothepastz,Wish you the best and dont be so hard on yourself. Take time to reset. I am serving notice just tendered my resignation this week. It feels freeing to say eff off for extra work. The whole company is going to shits long story short and I shouldve jumped ship like 3 years ago.  But im glad i planned this thing out. I have another job lined up so im not worried.,2,1776254502.0
1sm1nmg,ogbck1e,justatemybrunch,Hope you’ll land an offer soon. Have strength!,2,1776255726.0
1sm1nmg,ogbypew,Soft-Hedgehog5421,"Just pack up and leave any toxic company, take care of yourself 1st & family.

You deserve better!!",2,1776262591.0
1sm1nmg,ogc1v89,wannazmi4321,"all da best bro, btul tu duit pun duit juga but mental health also important la, harap u satu keluarga stay safe and find a good job ASAP",2,1776263471.0
1sm1nmg,ogd2qka,Historical_Twist9969,Grab not the permanent solution. Temporary also better get other work. Next time we ride grab we should give some tips. Actually small also ok like 2 - 5 ringgit,2,1776273335.0
1sm1nmg,ogdkzpb,NutShellShock,"> 3.	⁠Manager forbid teaching others, said they should learn on their own.

This is the strangest and the dumbest policy by a stupid manager. Generally a manager would want knowledge transfer between the team/department members so others can fill in the role or job in case of the absence of the other. By preventing learning from others, the manager is only doing a disservice to themselves when their team aren't getting the best from each other.",2,1776278176.0
1sm1nmg,ogeyhnw,jianh1989,"No4 has always been an issue and is commonly seen everywhere in local work culture.

And it is a major problem that nobody wanted to acknowledge, and nobody wanted to resolve.

Too sensitif",2,1776291921.0
1sm1nmg,ogat7o9,Routine_Temporary661,What kind of company is it?,3,1776247836.0
1sm1nmg,ogbe8ex,NutellaWithRice,"> 4. Ladies are generally treated better than men. Not saying our treatment is bad, just that they get treated better.

those fake feminists are really quiet when it comes to this",1,1776256306.0
1t4arr3,ok13y0c,rotinaantandoori,Hi. The Ferrari owner here. How dare you,433,1777975636.0
1t4arr3,ok13u1y,Ill_Vacation_1791,The least you could have done is own up. He probably doesn’t need you to pay. Now he can’t even properly report to police to claim insurance.,121,1777975581.0
1t4arr3,ok19jlq,HouseOwn392,"I once reversed into a Lamborghini with my uncle 4x4. His hood totaled. We were at a highway tol, and my Tag is malfunctioning. I got down, saw the Lamborghini and knew i was fucked. 

But in the end, the Lamborghini owner just tells me to hurry off don’t block the road. He say don’t worry about it. We went through the toll and he pass me with a thumbs up 👍.

If he can drive it, chances are he can afford to crash it. 

Anyways, you running away makes the situation 10x worse. Even if he can afford it, he’d probably be very pissed off. And now probably gon spend extra money just to make sure you kena. 

Honestly, next time just stop and own up to your mistakes. Instead of trying to cope at Reddit. It’s another type of low to run away from an accident. And you’d probably get cursed a lot by the other party in the future.",87,1777978258.0
1t4arr3,ok167ti,Historical_Bill7133,"1. Stop telling ur boss personal stories, chances are ur supervisor nicely hear your stories and let u go because u probably werent doing your work, because boohoohoo, my gf cheat on me;
2. Always pay attention on road, death does not know u have a bad day;
3. Shame on u for hitting and running.

Sorry no sympathy for u. You have made ur problem, other people's problem.",180,1777976741.0
1t4arr3,ok13i9r,ho4X3n,"You did a hit and run. But you are a motorcycle so you might be able to get away with it? However if the Ferrari driver is adamant to get your ass, then the police will probably find you to either fine you or do an insurance claim under third party (yours). Another possibility is police lazy to follow up then all self gao dim.",149,1777975418.0
1t4arr3,ok13b1k,YourSteakBuddy,"Ferrari Owner probably more pissed off you didn’t own up to it. 

He will have hatred towards motor rider because of your act today. He may not need your money if he knows the situation you are in. 

At least be sincere and apologise honestly.",170,1777975315.0
1t4arr3,ok14vuw,Electrical_Proof8353,Is this even real,26,1777976099.0
1t4arr3,ok174bt,ContextHopeful7124,cool story. now get a proper job,20,1777977168.0
1t4arr3,ok19mtg,ammeii,"Sorry to hear that.

Also you're a piece of shit rider. 

Hope things get better soon.",19,1777978298.0
1t4arr3,ok176d7,Jinli_Cai,"OP, you clearly posted this because you're in great psychological distress. 

I feel sorry for what happened to you and it's unfortunate that people here are piling on you.

You made a wrong judgement call following the road accident and what is done is done. Hope you'll learn and grow from this. 

Not to make light of this matter but my guess is that the Ferrari owner is more than able to recover financially from this accident. If I was the Ferrari owner, I would be mighty pissed, but I won't be spending the rest of my life hunting you down.",50,1777977195.0
1t4arr3,ok133ap,Twerktilassbounce,Should have a chat with the owner...,12,1777975205.0
1t4arr3,ok16ojf,Straight-Ad1017,"This could've been way easier if, you know, you face it like a man. From an accident to a hit and run, which is more serious. All the best bud",10,1777976961.0
1t4arr3,ok18xb7,AdRepresentative8723,"Lol I have a good feeling the story is either made up, or wildly exaggerated to drum up engagement.",9,1777977988.0
1t4arr3,ok13iuf,xbot21,You could’ve landed a new job right there and then. Tuhan mau bagi pon u tolak rezeki. Why,16,1777975426.0
1t4arr3,ok19yue,Huge_Revolution1726,Probably some passerby may have given your bike number to the Ferrari owner. Be prepared someone may come knocking. A chance that the owner is coming to ask about you!,7,1777978444.0
1t4arr3,ok16mrt,wyyan200,"you just left some bread crumb trails to track you down by posting this, if they have ferrari money, they have enough to do some detective work

could've just went and do a report since bikers get away pretty easy",8,1777976938.0
1t4arr3,ok19zyh,Negarakuku,You so know about the existence of dash cams right?,6,1777978457.0
1t4arr3,ok16yb1,rakkksaksa,Typical pondan behaviour,19,1777977090.0
1t4arr3,ok1e989,Aggravating-Way-9961,"With your behaviour and mindset, it’s not surprising your gf cheated on you. You don’t seem to take responsibility for anything. 

When faced with a problem your first instinct was to run away. It says a lot about your character.",4,1777980241.0
1t4arr3,ok34vnr,Pei-Shan,"3 years ago, I crashed onto a middle aged man’s porsche. He was very very angry when he got off from the car - he just got his car back from the repair center and was about to gift it to his daughter as her 18th year old present. We then exchanged phone numbers so I can pay him back the relevant repair fees. 

Later that evening, I messaged him asking how much is the repair cost. He replied that it’s okay, no need to pay him back. Just do some charity once in a while. I was very touched - mind that i was earning 2.6k per month at the time and I was pretty sure that component I crashed into costed at least 2k - not including the scratches or the painting cost.

So.. of course some people say that rich people can afford to be kind, but I’m pretty sure they only reserve their kindness to people with dignity. And even if you got away with it, you’d feel guilty about it every night.

And yes I did donate money once in a while when I get extra to spare.",4,1777999026.0
1t4arr3,ok12klx,bmdood,A prestigious crash indeed.,14,1777974940.0
1t4arr3,ok174hc,SmashedGenitals,"Its called a hit and run bro. You better go report polis or the fault will entirely be on you if he report to polis for insurance claims. At least speak to the Ferrari owner, he might (or might not) just let it go because who wants to argue with a rempit.",3,1777977171.0
1t4arr3,ok19wdr,Alstxn,"You’re an a-hole, at least apologize for your mistake.
. Ferrari guy probably doesn’t need your money. If you don’t have the money, be a decent and honest human being at least?",3,1777978413.0
1srie7e,ohex4ed,Short-Juggernaut-374,"True. They even act like those other companies don't hire Malays or Muslims.

Like bro, most manufacturing in Klang Valley, Johor and Penang are MY Chinese owned businesses yet they can get halal certification, maintain the certification and hire locals. Yet these brainlets will say to you this ""produk cina"" jangan beli.",158,1776763785.0
1srie7e,ohex9x5,muddie83,"It's just a form of marketing that works for the demographic. 

What i can't stand is the targeting of non Muslim businesses like F&B that get Muslim customers. They will kena fitnah fr time to time about halal-ness. Then calling for boycotts because the restaurant doesn't apply for halal cert. When all that fails they publish the directors names to show that they are non Muslim.",80,1776763874.0
1srie7e,ohf13ug,DefinitelyIdiot,"If the only selling point is religion, the product/business has a major issue",39,1776765989.0
1srie7e,ohfltjd,ariintheflesh,"Wanna know the sad, bitter truth?

This rule doesn't apply to Chinese/Indian Muslims.

Yes. Even though they're Muslims. Apparently you have to specifically be a Malay Muslim to preach about ""Support Product Muslim"" 😔",22,1776774826.0
1srie7e,ohewr18,GlumMotor3001,"Nah, I'm mature enough not to be sway by these penunggang agama/kaum

Exactly, these are also penunggang agama/kaum , not only politicians",28,1776763567.0
1srie7e,oheyajk,xelrix,"Melayu dan tunggang agama berpisah tiada.  
Last ramadhan was even more of a disgrace.  
Sellers using infaq as promo material.",39,1776764456.0
1srie7e,ohf3w2q,giggity2099,"I never heard anyone saying “support Christian products” or “support Hindu products” or “support Buddhist products” once in my entire life

Just saying",40,1776767431.0
1srie7e,ohfclg8,SeiekiSakyubasu,"Its support product muslim until cina/india muslim enters the equation. Ha lepas tu nanti ada suara-suara sayu jauh dari nusantara, bergema di irama angin, menyampaikan khabar bahawa india dan cina menipu, dapat sijil halal pun lagi prefer melayu yang tak da sijil halal.

Ramai dah macam tu, melayu tak dapat bezakan agama dan bangsa dia. Tak dapat percaya yang bangsa lai pun boleh amalkan Islam macam dia. Mai tang Arab jual, apa pun semua depa sebat. Cukup si Arab tu kata ""MasyaAllah ana jual sunnah nabi"" terus cair ovari dan bebola beli je dek menganggap sunnah nabi tanpa apa-apa kaji selidik.

Its more like support melayu, arab and orang putih masuk islam produk. bukan semua tapi banyak macam tu",25,1776771318.0
1srie7e,ohfcygy,linumax,"Tapi buka kedai for 3 bulan and then go holiday, tak buka for sebulan. Very unpredictable, then go blame neighbor shop for putting black magic because no customer comes 😂",11,1776771466.0
1srie7e,ohf5me4,TheGreySoldier,What do you expect from walauns,9,1776768273.0
1srie7e,ohf441k,NabilZambri92,Malays should learn a thing or 2 from the Malakat mall downfall,14,1776767542.0
1srie7e,ohfsqqs,yourfuckingancestor,That's what we called penunggang agama 🤓,6,1776777184.0
1srie7e,ohfux5i,BaseGroundbreaking43,"One of our customer (Malay) been approached by new company (Malay). Their price are higher and product are normal. And doesn't give 90days payment term. 

That salesman use sokong bumi/Sokong Oren kita/ sokong agama card to pressure him to take order. End up the boss blacklist that company totally. ( I know because the boss complaint to me)",3,1776777884.0
1srie7e,ohh0zoj,Fausthound,"Doesn't matter is Chinese or Muslim products, if the product is good and worth, anyone will buy.

No need to use R&R to scam people into buying a subpar product/services. 

BMF is a racist movement.",3,1776790150.0
1srie7e,ohfy5le,Water-Baboon,"Reading this post after seeing ""Palestine cola"" on shopee, all I can wonder is why does it benefit/helps Palestinians by buying their sugar filled drinks?",4,1776778949.0
1srie7e,ohfbu00,_Alfy,"i think your 2nd half explains the whole situation, no matter muslim or not....",2,1776771001.0
1srie7e,ohfrovu,wdaburu,If it's good and affordable I don't give a damn about your belief. As long as i get value for my money's worth.,2,1776776841.0
1srie7e,ohfsi8i,AIIXIII0,The only product muslim I support is those stall sellers. Actually sweating in this crazy heat - even the price is muslim price lah.,2,1776777107.0
1srie7e,ohg57r8,tokneklu,"Especially this barua Randuk on Facebook

[https://www.facebook.com/share/p/14UEfsDDefM/?mibextid=wwXIfr](https://www.facebook.com/share/p/14UEfsDDefM/?mibextid=wwXIfr)",2,1776781109.0
1srie7e,ohzzghe,Penny_Curious,"I get the frustration. Supporting Muslim-owned or local businesses is a good thing, memang bagus, but it should come from trust in the product—not guilt or emotional pressure.

Faith shouldn’t be used as a sales strategy. Kalau barang memang bagus, fair price, and gives real value, people will support naturally without being pressured.

The problem starts when criticism is treated like betrayal. Customers are allowed to expect quality—takkan every complaint terus dianggap tak support ummah 😅

Being Muslim-owned shouldn’t make a business untouchable from honest feedback. Real support means building something worth coming back for, bukan hanya jual rasa bersalah",2,1777032738.0
1srie7e,ohf8lms,PcGoDz_v2,![gif](giphy|1zSz5MVw4zKg0|downsized),1,1776769624.0
1srie7e,ohfjv09,swagnation99,Melayu power,1,1776774119.0
1srie7e,ohfn6f5,Inner-Ingenuity-638,Gaslighting has always been a strong sales tool,1,1776775309.0
1srie7e,ohgj7w8,fatbong2000,Where were u when they were doing the BMF thing.,1,1776785185.0
1t7s3n3,okr7if4,ho4X3n,Used you when convenient lol. She just got a little damp down there because you did a masculine thing to her benefit.,188,1778293895.0
1t7s3n3,okr7x2t,burhanbaik,she was just telling shit to keep the simp hotline alive.,291,1778294053.0
1t7s3n3,okr71a6,heichi13,"I believe she was just thristy, bro",519,1778293712.0
1t7s3n3,okr8b1b,sungaibuloh22,"You performed a masculine act that 90% of the male Msian population can’t do. Women respond to masculine competency and in underlying cases, demonstrations of danger. That said - stop being a simp and realise your ex is taking advantage of you.",97,1778294205.0
1t7s3n3,okr80qd,jkohlc,Guys smell good when they're handsome,94,1778294093.0
1t7s3n3,okr7ez5,MalasAndALoser,She was hoping to git sum,34,1778293858.0
1t7s3n3,okr9a8e,awx10,It got to do with genetics and your body odor may be attractive to one person but disgusting to another. That's just how it works,30,1778294592.0
1t7s3n3,okr760e,run_gpt,"![gif](giphy|3o7TKEtrfiUFQv4P2E)

Who’s gonna tell him?",13,1778293763.0
1t7s3n3,okrbozd,MasterpieceMundane80,Bro decided to make this post instead of tapping that 💀,13,1778295551.0
1t7s3n3,okr7gev,Easy_Mongoose2942,"oh god u missed the hint, no wonder she became ur ex, must have gave u too much hints",26,1778293874.0
1t7s3n3,okrommi,kojimbob,"Brader she's your ex la why are you doing chores for her lazy ass

Please respect yourself more",18,1778301060.0
1t7s3n3,okri0mv,GeneralFDZ,"Yes, women love the smell of the guy she likes. Especially wife love the smell of husband. But for your case, either she is lusting or just wanna put you into her simp.",8,1778298189.0
1t7s3n3,okrlq6s,Drunk-Foxy1738,must be ovulating or sumn,7,1778299774.0
1t7s3n3,okrh7dk,Penny_Curious,Just here for the comments — this is fun! 🤦‍♀️🤣🍿👀🥂✌️,8,1778297836.0
1t7s3n3,okr8bjo,edriem,She’s on heat,14,1778294211.0
1t7s3n3,okrimny,MizdurQq,The more important question is - did you hit,5,1778298451.0
1t7s3n3,okrpmo5,Saerah4,bro u din fix her real problem smh,5,1778301516.0
1t7s3n3,okrgiud,Ysibil,I'm smelling the autism from your post,4,1778297542.0
1t7s3n3,okrskyh,Aulansy,Bro..she just wana fuck..,3,1778302922.0
1t7s3n3,okrux03,Whole_Try5286,she wants your lemang,4,1778304087.0
1t7s3n3,okrxoe8,Least-Yellow-8890,"Ever heard of pheromones... literally the body's sexual light house/beacon.  When a woman or man is sexually attracted to you the smell becomes way more powerful for her/him. 
Its literally the body's way of improving chances of sex happening.  Making the other person want you. 
Its how animsls know that their mate is in heat.",4,1778305496.0
1t7s3n3,oks1r19,DameArstor,"Body odour genetic compatibility is a thing btw. With the right person, it can smell really nice.",4,1778307611.0
1t7s3n3,okrloy2,Traditional_Bath_810,"![gif](giphy|JoJY4JyE5ywCVPFe1D)

Booty call IYKYK",3,1778299759.0
1t7s3n3,okrw8to,Zenon2108,She's ovulating bro,3,1778304768.0
1t7s3n3,okrxieb,CuckooHunter,She was blowing hot air up your butt. Always in her best interest to keep someone helpful around without having to commit anything to them.,3,1778305412.0
1sy15a1,oiqq159,Less_Cartographer303,Freedom. That's the explanation.,88,1777382244.0
1sy15a1,oiqte6n,Twerktilassbounce,"My man. It is addicting. Just up and go, no need to waste time propose, discuss, wait, plan, but people might think that it is more enjoyable to share with others, but that is because you are always thinking about others while some people can fully immerse themselves completely alone",56,1777383285.0
1sy15a1,oiqw2oz,Fit_Lawfulness9492,"I support all the activities you mention, except hiking and being alone in nature. Extremely dangerous and things could go south quickly. You should know how important it is to navigate the forest with a person or group",43,1777384100.0
1sy15a1,oir0rnt,nelltbe,"Currently in this loop now. Going food hunting on my own, exploring on my own, watching movies, shopping, even considering going to Japan on my own. 

Its fun, but it does make me worry. What if I get so used to this, I forget how to interact with friends",11,1777385468.0
1sy15a1,oiqurk7,kittycatmeowmoewneko,Relatable,11,1777383708.0
1sy15a1,oiquuly,Natural-Pay9540,"True. Been there, done that",8,1777383734.0
1sy15a1,oiqxcig,Yukaeshi,"Agreed. I'm in a healthy and happy relationship but I do enjoy doing things by myself too. I don't know why some people make a big fuss about how ""weird"" it is eating alone, going to the movies alone, etc etc. like it's normal? Nice even?",4,1777384474.0
1sy15a1,oir65r2,Levi_Ackerman-,"My favorite one is Karoeke Session by myself. Zero judgement, zero waiting time for your song to come out! Best paired while drinking alcohol 🤤",4,1777386985.0
1sy15a1,oiquigh,Reoclassic,"Agreed. Even in a very long term relationship, I don't mind leaving the house (we both live in) to go alone hiking, a concert, or even abroad sometimes. Of course, doing those things together is always more fun than alone, because he's my literal other half, but I don't actually mind. I think the key is actually liking yourself and your own thoughts. When I go alone anywhere, I daydream a lot, start thinking of poetry, new paintings ideas, etc etc. Having anyone beside me is too distracting to be fully creative and artistic.

Sometimes in some places people do actually judge and send weird stares, but it's kinda whatever, because I just like being who I am lol.",6,1777383631.0
1sy15a1,oir01dd,ithurtsobadd,"Before marriage, I usually do all things by myself. Cinema, dining, late night drive, night at hotel. All by myself. Not saying i hate to be with my wife. But just miss all those things to do alone sometimes. The piece, the quiet is what im craving for.",3,1777385260.0
1sy15a1,oisdao3,Physioweng,I’m already attending Dr appointments by myself all these while. Is that even something novel? Isn’t it more efficient to just get it done on your own in most cases?,3,1777398634.0
1sy15a1,oiqy1yl,Proquis,Perfectly fine to be alone by life,2,1777384681.0
1sy15a1,oir4m1f,cherry-blossomy,well said..,2,1777386547.0
1sy15a1,oir553y,caparisme,Im looking for hiking buddies mang. Wanna have some company at times?,2,1777386698.0
1sy15a1,oixjmv3,Awetaku,"I agree with that. I started do stuff alone during university, where my friends sometimes too slow getting ready, or wake up in the morning. I am addicted to do things by myself. Like it is not a big deal. I still appreciate accompanies, tho.

However, when I entered workforce, some of my coworkers think it is a pity or weird to do stuff alone such as go to cinema, hangout during weeked at the park, visiting museum, pergi kenduri kahwin kawan2 etc. I still remembered they asked, ""Kau pegi sorang ke? Kesiannya."" I do not understand those view until now.",2,1777467392.0
1sy15a1,oixpcfb,FizaFlora,"I agree with you OP. I'm f,41. Have been doing things on my own. Watch movie alone at cinema for my bday, dine out alone, go holiday alone. I live alone and do my own things. At the end of day, I only have myself to depend on. It does get lonely at times but I am used to it now. It is what it is.",2,1777469163.0
1sy15a1,oir1t6q,tomlin-sanity,"I want to do this but my love language to people is quality time so if I were to spend money I'd rather spend it with friends and family but yea I do run alone, join half marathons, pilates alone etc",1,1777385760.0
1sy15a1,oir6qo3,telperion868,Ya memang best. No need to entertain other people just enjoy your own company.,1,1777387148.0
1sy15a1,oir8sml,Snorlaxtan,I know someone who loves to travel alone oversea… I can’t quite understand but I know he has been enjoying it very much,1,1777387722.0
1sy15a1,oirezms,FaythKnight,"I like both, depending on what I am doing. Hiking and fishing, definitely need a friend cause it's dangerous alone. Eating, half and half. But I damn well enjoy drinking and gaming alone, it's my 'me' time.",1,1777389400.0
1sy15a1,oirfm0g,Phara-Oh,My mani my mani not need 2 bela anak org,1,1777389568.0
1sy15a1,oirfund,Nightingdale099,I don't do most of these things myself because if it's not social I can do it at home,1,1777389632.0
1sy15a1,oirjv7k,laziestscholar,Save,1,1777390706.0
1sy15a1,oiroitj,askfreely,Yes agree 💯!,1,1777391951.0
1sy15a1,ois1mpa,stealthXY,"Makan, wayang, lain-lain tu okay je tak kisah tapi aku takleh lagi la nak travel oversea sesorang. Rasa kekok betul tak tau nak buat apa. Domestic travel sorang pun aku dah cukup rasa kekok gila.",1,1777395515.0
1sy15a1,oitrx7t,ShahLeClaire,Not having to worry about what someone else wants to do.,1,1777412587.0
1sy15a1,oiufda2,One-handed_Swordman,why you call me out like that bro T_T,1,1777420230.0
1sy15a1,oiv1pfe,Tosick,"Without constant overtime, i'd probably start on Crimson Desert or Pragmata. But we shorthanded at the moment. Please enjoy your life. Be happy.",1,1777427729.0
1sy15a1,oiv2sun,KOOKIEXZZZ,Love this,1,1777428105.0
1sy15a1,oiveq19,Very_Type_C,"Preach, abang 🙌",1,1777432304.0
1sy15a1,oivgw0e,13_km,"agreed with everything except for hiking alone, the risks are not worth it at all",1,1777433153.0
1sy15a1,oivhfoo,Repulsive-Bed-3505,Yeah basically do anything you like alone is another level of happiness. Like me on weekdays 2-3am wake up go ride my bike at empty highway is different level of happiness XD,1,1777433365.0
1sy15a1,oivyleg,crabbystix,its a peaceful life,1,1777440749.0
1sy15a1,oiw3j3d,Baracudasi,Me: surgery by myself. twice.,1,1777443183.0
1sy15a1,oiwkzs2,NotanewinReddit,"I’ve once went to watch a movie alone, The Other Women when it came out. Turns out, half of the row are by themselves. Alone. and I don’t even feel alone haha.",1,1777452537.0
1sy15a1,oix1r4m,ezra_s_secretadmirer,"It's all fun and games until you get lost in a forest ""by yourself.""",1,1777460870.0
1sy15a1,oiyvrjm,Popular_Helicopter_9,Not when you were by yourself since childhood,1,1777480894.0
1sy15a1,oiqz8wf,boomslung1,"Copium is a strong drug

![gif](giphy|egZdwgcPUoCTql1JLW)",-1,1777385029.0
1sy15a1,oiw9t90,Penny_Curious,"Seriously, once you realize peace is cheaper than coordinating with people, there's no going back 😆 

I like disturbing hubby though so to each their own - stay happy! ✌️🥂",0,1777446396.0
1sy15a1,oiweeba,United_Armadillo4641,The true sense of serenity is the need to not post that status in reddit.,0,1777448886.0
1sy15a1,oircg8c,LOVER44OFLGBTLOVE194,"With all due respect, I would not want to end up like you lol",-1,1777388718.0
1sy15a1,oiqqkv9,Near_Sparse6201,"I can understand going solo but I find happiness is most real when shared. 

Partying with randos always makes the night end well. Especially if you or they are a party favour",-9,1777382414.0
1szlbj2,oj2o39b,kuhanh91,"With that salary, just upgrade your internet man. Not stable internet in 2026 is a joke.",287,1777523243.0
1szlbj2,oj2o7wq,Visual_Addition7735,7k sgd remote job wtf gold mine,164,1777523299.0
1szlbj2,oj2tzfm,Tosick,https://i.redd.it/qcdigg3vg9yg1.gif,35,1777525823.0
1szlbj2,oj2pcmy,[deleted],[deleted],41,1777523788.0
1szlbj2,oj2ps9i,mutton_soup,"Yea also working for SG company remotely. Surprisingly my SG boss and colleagues are chill. The MY colleagues on the other hand, not so much. Especially this one auntie will happily throw me under the bus for some minor inconveniences. 

Btw your sgd7k salary is damn high for remote. Quite rare SG boss give this high amount for remote MY employees. Damn nice",44,1777523972.0
1szlbj2,oj2nha8,hoimangkuk,"SG boss is 50/50, either will squeeze you dry or will be a very good boss...

If you have a good one, follow him wherever he goes, its really a unicorn to have a good boss like that",46,1777522981.0
1szlbj2,oj2mutf,PristineEagle,Good for you man,9,1777522716.0
1szlbj2,oj32t2c,Lem0n_Lem0n,"OP when are you going to offer us investment options with 5% ROI in one week, or job opportunities in Cambodia or Myanmar?",9,1777530085.0
1szlbj2,oj33ici,misconduxt,bot,5,1777530439.0
1szlbj2,oj34ib0,thisinfinitebath,"I don’t believe you. 7K SGD remote job is a unicorn position, unless you’re really really good at a certain skillset.",4,1777530944.0
1szlbj2,oj2obqf,Hungry_Rip_5144,Bruh the secondhand laptop happened to me.  I'm designer and the first day they gave me 2017 imac with outdated everything lmao. They say i work slow and i said that how to fast if your own computer can't do that. I literally opened my own macbook and done in 30min instead of whole days. Later got resigned as not meeting their bullshit expectations 😆,7,1777523345.0
1szlbj2,oj2q21p,BurgerRamly,"I got remote job as well. But the malaysian boss is shitty. Too corporate. Annoying for someone who loves software engineering. 

Australian and NZ bosses are the best for now",6,1777524090.0
1szlbj2,oj2sgfp,justplaypve,"congrats

happy for you

nice",3,1777525127.0
1szlbj2,oj2v5hy,Far_Objective4266,"The man,the myth,the legend..7k SGD and it's remote,you've definitely done a lot of right things in your working experience,kudos to you..",6,1777526361.0
1szlbj2,oj2si5k,SulkingOnion,Any open vacancies? I’m interested,2,1777525148.0
1szlbj2,oj2t2cl,turtleofdoomm,"My experience with Singaporean bosses or managers is that they have these 2 faces attitude. Will collect everything then one day semua will keluar. Looks like your internet issue can be categorised as ""non resourceful"" or ""low initiative"". Dont give them any reason to push you out. Always anticipate and dont need to escalate any issues if possible",2,1777525399.0
1szlbj2,oj30ang,WatermelonWuff,Mana cari,2,1777528845.0
1szlbj2,oj349uy,Dizzy_Ask_729,sembang man,2,1777530825.0
1szlbj2,oj42zv2,rick-christy,Belum lagi….u better deliver more than 200%.,2,1777548646.0
1szlbj2,oj2o9n1,Accomplished_Steak14,"7K sgd can rent datacenter already, no need starlink",2,1777523320.0
1szlbj2,oj38ez1,Ok-General-4148,Is sgd 7k considered a good payfor your role,1,1777532939.0
1szlbj2,oj38les,vdfscg,bait used to be believable,1,1777533034.0
1szlbj2,oj391qj,khamall,Any vacancy? I’d take half what youre getting 🤭,1,1777533271.0
1szlbj2,oj3bg09,Emotional_Broccoli45,Lul this is really “too good to be true” people dont fall for this,1,1777534590.0
1szlbj2,oj3bh3m,plsdontattackmeok,"OP, what’s your resume 😭",1,1777534607.0
1szlbj2,oj3bkl4,Essager,"I feel you man, currently in the same boat as you but only earning 4k sgd I think that's decent enough since I'm 25M now compared to before earning lesser but have more responsibilities being bullied to do other staff task.",1,1777534663.0
1szlbj2,oj3cpke,CannotEatRabbit,Aiya just the beginning of job already praise the boss. Looks like the brainwashing is working,1,1777535301.0
1szlbj2,oj3ll8c,Noafi016,what kind of job is it? fill me in,1,1777540338.0
1szlbj2,oj3nkz0,CuriousNiiSan,wahh 7k sgd for remote work? how many years of exp is that? what kind of position too? out of curiosity if you don't mind me asking,1,1777541440.0
1szlbj2,oj3y8aw,tjin19,So little. My boss gave me 20k sgd to work in Genting. Free cruise ship around the moon too every month.,1,1777546667.0
1szlbj2,oj3ziwz,iamlen07,what kind of job is it man ? i want to work too,1,1777547218.0
1szlbj2,oj4j5i9,ChilledNanners,"Yeah I don't believe this, but more reddit points for you",1,1777554381.0
1szlbj2,oj4qs10,[deleted],[removed],1,1777556750.0
1szlbj2,oj52gbg,UndeadLovecraft,Humble bragging or bait cannot decide,1,1777560161.0
1szlbj2,oj58kvk,MinimumTop1657,Stop showing off kena santau later,1,1777561907.0
1sqnb0p,oh8vl4o,FFDi,Or you  just forward this post to her..,120,1776687068.0
1sqnb0p,oh939vh,Organic_Blackberry64,Someone rejected her. So you are the 2nd option. Or maybe 3rd.,91,1776689797.0
1sqnb0p,oh8v25u,mojeeez,She just want piap piap bro.,120,1776686872.0
1sqnb0p,oh8vfmf,Equivalent_Sun_8476,"why you wanna figure out a way to say it nicer? 

just paste this link will do. self-explanatory ;)",20,1776687012.0
1sqnb0p,oh8vw8k,Melonprimo,"When i was active in Bumble, i had this one lady, young but already top of middle management in an MNC.

She was so busy that she told me, she can only reply on weekends. Tried to setup a date but couldn't find a suitable date as she told me she already had plan but she kept texting me on weekends.

I stop replying once I have something solid among my Bumble match.",13,1776687184.0
1sqnb0p,oh8v1wj,ChainerDementiaMasta,"Make a date with her then ghost her.

Nothing beats getting even!",42,1776686869.0
1sqnb0p,oh8zrep,South_Lead_6906,Why care for a nicer tone? I would’ve blocked anyone who does that to me. It’s called self respect,10,1776688585.0
1sqnb0p,ohbx6od,WeddingAccurate3576,that wall of text suggests that deep down you want to give her a second chance,5,1776719155.0
1sqnb0p,oh91vxn,DarkSlayer3022,">after I told her it's not gonna workout

Obviously, why are you bringing her to a gym, she wants to go a nicer place. /s

Never experience love (besides with family and friends of course), so don't really know what to say. But, good luck buddy. If Rentarou can endure 100 rejection before getting 100 Girlfriends, what's one more before meeting the one for you (and for hers to be you).",4,1776689329.0
1sqnb0p,oh9lawb,frostfeint3,"Not everyone wants to date date. Some people just want a taste and go, change your mindset. I’m not saying that dating apps won’t work out, but most of them don’t, and most are only there for the thrill, sleep and go.",3,1776695386.0
1sqnb0p,oha1fgn,Kicka-Albatross6387,u the backup plan,3,1776699985.0
1sqnb0p,oh9h96n,notimportant4322,"If you could let it go, you wouldn’t be ranting here. 

And im going to tell you to let it go and stop responding to that text, the person behind is probably manipulative and you are dumb enough to feel into their trap.",4,1776694212.0
1sqnb0p,oh95jxb,Some_Ad_4357,"Let me enlighten you. Dis ah is called, ""Treat 'em Mean & Keep 'em Keen"".👩🏽‍🏫💁🏽‍♀️You're welcome🫡",2,1776690552.0
1sqnb0p,oh9cg10,Traditional_Bath_810,![gif](giphy|mUe0xD8hlniH2Fzv3Z),2,1776692761.0
1sqnb0p,oh9dsa7,skw1990,She done piappiap before replying to you.,2,1776693169.0
1sqnb0p,ohcrkyg,WastedMejarAmin2904,"Dont say anything..man up and move on
Saying anything in any manner will sound like a whiny bitch
From man to man advice",2,1776729316.0
1sqnb0p,oh9702z,iwannabethisguy,"My take, just tell her one more time that youre not interested and ignore her replies.",1,1776691023.0
1sqnb0p,oh9exzl,Urakushi,"She just went ahead with her own stupidity so chill dude

Here's to make fun of her behavior

https://preview.redd.it/0aoozk80qcwg1.jpeg?width=225&format=pjpg&auto=webp&s=978499a0561a53f5ed6c8e791615fc54996e66ef",1,1776693517.0
1sqnb0p,oh9lxmi,Silly_Bat_2318,She nak hawk tuah skit,1,1776695565.0
1sqnb0p,oh9wtrc,CloudStrife8905,"The reality is that there are more desperate guys vs desperate girls in the dating pool, especially when it comes to dating apps, and most girls are aware of this so they take advantage of it, good for you for standing by your principles, one day you will meet a partner that will respect you for it.",1,1776698703.0
1sqnb0p,oha3gwc,JonnySpark,Only give her a second chance if she's willing to swallow everything.,1,1776700546.0
1sqnb0p,oha7olx,I_bought_shoes,"At least you get a text back.

Just sayin, some drown while others can't even getna cup",1,1776701727.0
1sqnb0p,ohabao7,SillyQuack01,Imagine you agree to give her 2nd chance in case got chance for piap piap. Then she ghost you till 11pm again lol,1,1776702744.0
1sqnb0p,ohcqtpq,Jaded-Philosophy3783,typical 0 accountability princess behavior. Dodged that bulled,1,1776729048.0
1sqnb0p,ohctdbv,iotaquantum,Yeahhhh she don't need a nicer tone. Used to be that dumb ass justifying everyone's shitty behaviour but she deserved what's coming to her.,1,1776729962.0
1sqnb0p,ohcv74e,cheqmate1966,Aiyo simple la. Accept her request for date but no show up and block her number.  She will get the mesaage.,1,1776730618.0
1sqnb0p,ohczs2b,KuDeXiV,"Since she asked for a date, I'd give her a box of dates and whisper to her ear 'Yusuff Taiyob~'",1,1776732275.0
1sqpeir,oh9d25m,procrastinate2learn,"People have normalised consumerism so much that it does become a ""shock factor"" to some when you're different from the status quo. They can't imagine why not everyone would want a BMW or bungalow house. 

Like excuse me, but I rather live in a cozy small space rather buy a large house and have to spend hours a week just on cleaning or have to hire additional help. Cars are nice but the maintenance and upkeep is work too. There is a sense of richness in simple living, and freedom that comes from realising you can live a good life without spending so much money and resources to be content :)",94,1776692948.0
1sqpeir,oh9eou2,laziestscholar,"Your goals are very respectable, defined and realistic. If you achieved your goals you’d be ahead compared to a vast majority of the population. 

Many people are just pretentious.",33,1776693441.0
1sqpeir,oh9crn4,Traditional_Bath_810,"Ignore the noise, move on. Its your life

![gif](giphy|xXflsa7VrvT7gGzNFN)",14,1776692860.0
1sqpeir,oh9hbq0,jacobcrackers14,I ll marry you. take my ringgg,14,1776694233.0
1sqpeir,oh9dplx,Key_Independence2135,"I think you have a good mindset. Some people are driven by endless greed and can’t understand that being appreciative and having peace of mind are among the best things in life. Just tune out whatever nonsense others throw at you to bring you down, it’s only irrelevant noise",9,1776693146.0
1sqpeir,oh9e41w,Traditional_Bunch390,Screw them. Be whatever works for you. They just want to project their own insecurity onto you,8,1776693267.0
1sqpeir,oh9d5fd,mooniracle,"Same energy as ""takkan kau nak kerja tu je"" or ""dah belajar takkan endup jadi suri rumah je""",7,1776692976.0
1sqpeir,oh9gz2t,[deleted],[removed],7,1776694129.0
1sqpeir,oh9cfqz,EostrumExtinguisher,Let them know,5,1776692758.0
1sqpeir,oh9crqy,Ok_Sheepherder4451,"Turn this into something positive.
It gives you an idea of what people are thinking about you. Also from now on it indicates who to let loose and who to keep your guard on",5,1776692861.0
1sqpeir,oh9g46c,Necessary-Writing-42,"Some aunty,uncle sent a quote in my whatsapp group this morning. Seems like it would resonate with you. 

It was something like  ""wealthy men are not rich, they're just comfortable with what they have""

I didnt read the whole thing cause there were flowers and too many emojis to count.

And yes, that person you talked to is a cibais. These are the types of people who would ask you what you want to eat and then judge you for your choice.",5,1776693871.0
1sqpeir,oh9c0no,Urakushi,"People say all kinds of stupid things just trying to stay relevant,I'd say you're doing ok,don't mind what they say",4,1776692630.0
1sqpeir,oh9rc7e,ParticularConcept548,"Living within your means and do not care about what other people think. But it is also not wrong to pursue for more for self fulfilment.

When I started working, I aim to get 10k per month by my retirement age. But after achieving it, I want another house, so I aim for 20k per month by 60. It's not a life goal, but having direction in career advancement help you upgrade you life means.",4,1776697093.0
1sqpeir,oh9cwro,FrugalPeach,![gif](giphy|l0ExiIVrgmhtUUOfS),3,1776692903.0
1sqpeir,oh9qmb7,FutureMMapper,Sometimes people just hate you for being moderate and enough with yourself. People envy for other people that does not having dream to fulfil their desires to the brim. How ironic. Having jealousy of other people that prefer to have less.,3,1776696890.0
1sqpeir,oh9sn24,Harbor_Barber,"you write your own story, don't let the side characters in your story change the storyline of your book.",3,1776697474.0
1sqpeir,oh9xaaf,GlitteringWeight8671,"I drive a kancil and I am a man. Got a problem? 

The people who chase all this money, that is why chase the money are so afraid. 

As I always blast the usa on this sub, people are always afraid what will happen to the economy. They got so much to lose that is why they lost the balls to criticize the usa. 

I have nothing to lose. I drive a paid off kancil. My home in bestari jaya has a nice back yard where I grow chickens. If economy goes to hell I am still fine.",3,1776698830.0
1sqpeir,oha1qx2,QwertyArt,"Single and dont planto get married? Thats perfectly fine. Married and expecting a family, its not fine. Children are expensive.. 🤣",3,1776700073.0
1sqpeir,ohadbzo,BLim90,"The person you are talking to is either, 1. Boss or manager, 2. Someone trying to sell you guru courses.

Screw all these noise. As long as you have enough emergency fund and already planned for retirement (inflation adjusted). Just go and have fun and enjoy life with whatever remains of salary.",3,1776703314.0
1sqpeir,ohc9egs,Vast-Excitement-5059,"This happened to me when my colleagues asked similar questions like “tak pergi holiday ke?” (go overseas, mind you), “why not buy a Honda?” (I decided to buy a Persona as my first car bcs it fits my budget and has the right specs), and so on.

I always said jimat la, and they’d reply, “takde life la, hidup kena thrill.” But what’s the “thrill” behind it? Kena kejar payment every month ke? Or makan Maggi hujung bulan?

I come from a borderline B40 family. I’ve been through times when money was really tight. I don’t want to repeat what my father went through like watching us eat while saying “abah tak lapar”, then finishing our leftovers.

If I choose to jimat, it’s not because I’m kedekut. I just need that sense of security for myself.",3,1776723004.0
1sqpeir,ohe3j9c,Naniey_Crystal,We need to be friends. Somehow my dad don't understand this🥲,3,1776747622.0
1sqpeir,oh9ed2a,Organic_Blackberry64,"I like it when you say ""hello cibai"".",5,1776693342.0
1sqpeir,oh9xujd,Far_Objective4266,"Skip to B if A is heavy

(A)

I'll play devil's advocate here and ask,if you are content,why are u allowing their words to affect you? I'm not trying to be a contrarian nor am I trying to trigger u.Its just something I went through where words from certain people got me affected when I'm just happy in my own world..I started to crack my head little by little why they said that and upon some reflection,I realized that deep down somewhere in myself,there was a part of me which actually agreed with what those people said..I just accepted that and when I did,I didn't crack my head anymore,I became even stronger in my own principles but also managed to give a little room to understand other people's sometimes annoying POV

(B)

You do you.dont bother about people.tell them to come here,I'll terajang them in the nuts for hurting you 🤣",5,1776698989.0
1sqpeir,oh9j7yj,m0cch4,"when people ask this, they expect a overly ambitious dream like to be a millionaire, be a fucking ceo or sum shit. Its not wrong, but it changed the standard to where if someone just wants a comfortable life where they have enough to not worry about anything financially in their day to day life is called having no dreams or whatever",2,1776694789.0
1sqpeir,oh9lom0,DependentPositive496,Siapa yang tanya tu,2,1776695494.0
1sqpeir,oh9spi0,mrasianguy75,"Because those type of people, they envy you. They are jealous to know you are content and thankful with what you have attained compared to their unfilling pathetic life.

In that sense, you have already won.

Dah memang perangai orang busuk hati tak boleh nak ubah.",2,1776697496.0
1sqpeir,oh9v1qz,Crafty_Car_1721,"![gif](giphy|PYp1pZZRfyFOumPkDR)

Move girl..I got this",2,1776698203.0
1sqpeir,oh9xjt4,khairuldaniel664,"Dayum son that's also my dream but for now I'm still strive for it as I'm currently in a process to buy selangorku home and regarding the car, currently using my dad grand livina x gear with gearbox problem 😂 and still having hutang with ptptn for another 10 years to go",2,1776698905.0
1sqpeir,oh9yty3,EverSoInfinite,"I know a saying ""Some people are so poor, that all they have is money.""",2,1776699264.0
1sqpeir,oha04dk,thisinfinitebath,"Because when enough people realise that working the bare minimum of your job scope and clocking in and out on time, capitalism and consumerism will eventually have a slow death and lose it's relevance. Salute OP for having clear and realistic goals in life because that's what most sane people aim to achieve.",2,1776699621.0
1sqpeir,oha1kxy,Unable-Sail7755,"I feel this situation is part of the racial discrimination we see in Malaysia especially between Malays and Chinese. 

Malays being content (part of Islamic teaching) - seen as lazy and unambitious, make the Chinese angry

Chinese grinding (part of the Chinese culture) - seen as opportunistic and greedy, made the Malays wary and discriminatory

ETA- There are assholes in each culture too laa, but the others also end up in the splash zone (terkena tempias)",2,1776700027.0
1sqpeir,oha3n85,NadaMaximus,"Its fucking annoying bruh. I make good money and my expenses is low. I invest most of it and im 25.

My friends keep on bugging me about how i dont travel or buy a car or a house. They feel like im stagnant, whereas i know if any shit goes wrong ill be able to handle it.

I do plan to do this things, but for now i just wanna have a cushion. Is that wrong? Here is the kicker, these people have shit pay driving a foreign car drowning in debt.",2,1776700595.0
1sqpeir,oha4srd,Noxtvrnal,"People like this is not worth your emotional energy la. If me I would just say ""oh ye ke"" then move on",2,1776700916.0
1sqpeir,ohadixi,Pomegreenade,"Girl, trust me. If you say anything not as humble, you'll get labelled as a gold digger. Your goal is decent especially in this day and age. I share the same goal too except instead of a car, I just want a house so I don't have to deal with landlords",2,1776703367.0
1sqpeir,ohbxi8m,Complex-Anxiety-5264,You go girl!,2,1776719253.0
1sqpeir,ohcotrp,Claude2422,"I mean u r F and that's actually a better side of em people calling u no ambition

Im a M and i once told people samething, and they called me useless, no use.....(insert any evil word here)",2,1776728344.0
1sqpeir,ohdbn6n,DisastrousSeesaw2751,"I experienced this too. I just wanna live comfortable and have a simple life with some savings. The whole business and chasing money and getting extremely rich has never been my life goals. 

I hate when people criticise the way we live just because we're not trying to do the same things other people are doing. We're allowed to live the way we wanna live.",2,1776736515.0
1sqpeir,ohdklan,TroubleForward9133,32 and still rocking my 2011 Myvi. Lol,2,1776739740.0
1sqpeir,ohdlw77,Seekret_Asian_Man,"I received a lot of sexist advices from older people, because I'm a male therefore I should be THE man fighting for better position. Not everyone want to join rat race climbing the corporate ladder.",2,1776740220.0
1sqpeir,ohdom21,Altruistic-Area3873,"Remember OP some people out there dream to survive for another day, life is different for everyone. The best for all of us is to help each other and care the love ones.",2,1776741235.0
1sqpeir,ohe5nk0,syukara,"Personally...I like your cheebye the most, thats the hierarchy in your rant",2,1776748627.0
1sqpeir,ohevekz,Southern-Ad-3034,"Yeah, cant brain why some people just cant take it well when we say we just want to live an 'enough' life. I mean, the average lifespan of us humans are just around 65-85, im not gonna waste the majority of it living like a robot and being corporate slave until im old enough not being able to enjoy life much later and regret the hell of it. There will always be those who "" but bfore in hschool u did very well, why now just so so?"", like bitch why should i live up to other people's expectation all the time, what will that give me in return other than short term validation?, so be content with your life op and ignore these idiots.",2,1776762789.0
1sqpeir,ohlqowt,pontmarius,"Personally, my view is that how one wants to live their life, whether is it to be wealthy or be contented with what they have is their own choice. What's more important to be happy in the decision one makes and to be healthy.",2,1776851725.0
1tatkss,olbrtb4,ArenuZero,"My reaction from reading this post from:

""-This junior has liked me-"" Aw, to ""because aku tak suka lawan pedang"" Oh.",189,1778569257.0
1tatkss,olbwes3,Corporate_Slave666,"Not to scare you, but most violent cases (m*rder etc.) started with stalking. You better make police report asap and request for restraining order",79,1778571683.0
1tatkss,olbrbsr,Proquis,Report to police,52,1778569012.0
1tatkss,olbwo6j,delicious_lemang,"This is what I tell people after getting rejected. If they blocked you, stop pursuing. Getting blocked doesn't mean ""Come get me"" or ""Playing hard to get"". It means ""Get tf away from me"".

If people don't want you to be in their lives, then so be it!

Also, while we're on this topic. My ex who blocked me and came running back to me begging for me back. F u. My lemang is way too delicious to settle for you anyways.",27,1778571828.0
1tatkss,olbumwy,Successful_Stuff_437,"Find another pelangi to keep this pelangi stalker busy, problem solved.",19,1778570719.0
1tatkss,olbzn4l,boomslung1,"Congratulations, you now know what it feels like to be an attractive woman.",18,1778573444.0
1tatkss,olbtv2o,Longjumping-Fly6131,"i want to laugh but that is almost stalking 

make a report, for track record or something if he plan to do worst in the future 

collect your evidence. text message, call, voice notes, emails, videos, pictures, etc",8,1778570313.0
1tatkss,olbyddm,spaghetticode94,This is a straight guy's nightmare,8,1778572756.0
1tatkss,olbz034,ObsessiveBreeder9777,"File a police report man. Cuz if you leave it alone, things might escalate.

https://preview.redd.it/7jk309nyyn0h1.jpeg?width=1080&format=pjpg&auto=webp&s=7e807dc16b4f6dd483be48e2a8f7383d503fecfd",6,1778573097.0
1tatkss,olbrn8w,After-Beat-3647,"I'm sorry for ur situation but this shit is funny af, I would laugh rn but I'm in a lecture. 😂

![gif](giphy|s5wFafpHxqKbIEERl9)",17,1778569172.0
1tatkss,olbyy0u,GaryLooiCW,"Kiss your gf in front of him. 

Kid should learn to take no as an answer though..",5,1778573066.0
1tatkss,olc035t,Sea-Key-9430,Let him see Ur small peepee and he won't like you anymore.,5,1778573682.0
1tatkss,olc92b7,StatisticianNo7111,You really need to do something about it... Its for your own safety and most importantly is for your future girlfriend safety... He is stalker and many stalker turned nightmare cases when his feeling towards you filled with single sided jealousy... He might harm your future girlfriend to make sure he dont let others have you...,5,1778578507.0
1tatkss,olc0agv,Maleficent-Tie1023,Bro is either looking a bit feminime or jack ass hell to be like that MUCH,4,1778573792.0
1tatkss,olc0i4x,TheMinglingMonk,"if you feel disturbed in any way, be it emotionally, psychologically, or physically, can already report",4,1778573907.0
1tatkss,olcc4v0,GlobalizedPutra,"You need to let him know your stance and people around him. In a respectful manner. 

Too many cases of murder originated from refusal of love recently.",4,1778580031.0
1tatkss,olbx3to,snbcyjubuh,"Honestly, I think you should just confront him directly like face to face and straight to the point. It’s probably better to have a peer with you as well for support. Tell him clearly that he needs to step back and respect your boundaries. He should also have some respect for himself.",5,1778572069.0
1tatkss,olbwvlc,PristineEagle,Make a tinder/bumble profile with his picture. Get him a gf yo,3,1778571943.0
1tatkss,olc6mv2,RaSheep,Menate gei. 🫪,3,1778577221.0
1tatkss,oldes6x,Very_Type_C,![gif](giphy|vGYvQPUGHW4OqnsgPe),2,1778593955.0
1tatkss,olercz2,CriticismPleasant634,"imo, i know you have politely refused his confession back then. but i think you really should straight up tell him that this is not right and you are not comfortable with whatever that he’s doing now.

i know for sure some people tak kisah whether you uncomfortable or what but i do think you should just be honest with him, hopefully will save you out of trouble la in the future.

must be really unsettling and frustrating but i wish you well!",2,1778606937.0
1tatkss,olgmjwb,abgrongak,Kat Malaysia ada restraining order tak macam kat Amerigay Syarikat?,2,1778625772.0
1tatkss,olc81ve,Einlanzear,![gif](giphy|c3XhrmfoN5fOpjcl3z),1,1778577972.0
1ss8bct,ohk5jmb,Gr3yShadow,"Now you know our pain

**Free Shipping across Malaysia!!**   
*^(except Sabah Sarawak)*

Anyway, for your 2 tonnes items, should just use sea shipping with a container, then get a local courier to send them out, much cheaper that way",158,1776824603.0
1ss8bct,ohk52qj,Ancient_Unit_2773,now you know how we suffer and why goods in Sabah and Sarawak cost more than West Malaysia.,28,1776824440.0
1ss8bct,ohk67c0,Exact-Boysenberry161,"this is why we cannot get cool furniture like ikea. the furniture here is expensive & low quality. everytime i went to ikea in KL, aku menyeksa jiwa aku sendiri",19,1776824839.0
1ss8bct,ohkgyyf,malayMamba,"i worked in logistics for a few years and my factory manager would always complain how the hell sending containers to sabah/sarawak much more expensive than sending to south korea. 

we both sat in silence after that not knowing the reason.",29,1776828813.0
1ss8bct,ohk9eph,revan_stormcrow,"https://www.bernama.com/en/news.php?id=2310294

Jibby abolished Cabotage policy in 2017 but Sarawak gov requested federal gov to reinstate it back in 2024 to protect local Sarawak shipping companies.",22,1776825975.0
1ss8bct,ohkd1c4,derpy1122,"transportation costs between EM and WM really like overseas cost. That’s why if government can reduced cost for air and sea shipping cost, both EM and WM won’t feel the disparity much. Air Borneo ticket is not supposed to be expensive, and shipping should be the same too.",7,1776827304.0
1ss8bct,ohkehhc,Easy-Ad9050,"The final sentence hits the nail on the head. Most West Malaysians remain unaware of the daily struggles East Malaysians face. 

This is only the beginning of a much larger conversation.

Kindly repost on r/Sabah and r/Sarawak",5,1776827852.0
1ss8bct,ohkdim9,Lunartic2102,With thst much item it's prob cheaper to ship it together in a container to east Malaysia first,4,1776827486.0
1ss8bct,ohkeets,Weary_Ad_5854,Worry not we have Rm2.15/Liter diesel for everyone here,4,1776827823.0
1ss8bct,ohk7cf0,frostfeint3,I always joke that we are living in  a completely different country. Shipping a monitor over costs rm80-100,3,1776825249.0
1ss8bct,ohk8rje,Indy__M,I just sent 7.4kg to postcode 98000 Sarawak an hour ago.  Rm144,3,1776825751.0
1ss8bct,ohkaw65,Successful_Salt_6145,Finally you realises,3,1776826504.0
1ss8bct,ohkbv0l,chicken_sparse7301,"News papers used to cost more....

Bread also cost more...",3,1776826862.0
1ss8bct,ohko5pa,Classic-Activity6738,"People think only EM gets expensive shipping, but actually sending from EM to WM also costs around the same.",3,1776831730.0
1ss8bct,ohknri6,Mel_Morty,"Many Malayans are ignorant and racists, especially when it comes to Sabah’s and Sarawak’s rights as EQUAL Partners as per MA63. 95% of oil & gas profits of Sabah still goes to Malaya until this present day since 1976, after Malayan leaders deceitfully changed the Malaysian Constitution and Sabah’s territorial borders on the 8th day of mourning, while Sabah was still mourning on the loss of her Chief Minister at that time, the Triple 666 tragedy that changed the course of Sabah’s history, masa Sabah baru berkabung, even that was not an “accident” as most, if not all, Sabahans would say, to steal Sabah’s oil to develop Malaya using both Borneo’s equal partners’ for 50 years. Pure evil. Colonising Sabah and Sarawak, labelling them as the “12th & 13th states only that ‘joined’ Malaysia”. Then want to make Sabah and Sarawak laughing stocks for being poor after stealing both Borneo EQUAL partners’ oil & gas and only benefiting, enriching and developing Malaya and its 11 states, because Sabah and Sarawak are the 12th and 13th ‘states’? “Living on trees in the jungle?” Rancangan Malaysia is a scam, stealing Sabah and Sarawak’s oil & gas to develop Malaya, while giving pennies to Sabah & Sarawak making the equal partners the poorest.

Yes, most ignorant and racist Malayans will argue in retaliation to Sabah and Sarawak, not just on oil & gas, basically everything else too, but especially oil & gas as these bought billions of USD annually to Malaya to develop only Malaya since 1976. Thieves. Crooks. No remorse, no sense of guilt, no empathy, but just BS after BS, trolling, gaslighting coming from these Malayan politicians, including those ignorant, double standard and racist Malayans. 

Sabahans and Sarawakians are fed up.",9,1776831561.0
1ss8bct,ohkhatx,Much_Cardiologist645,2 tons better to just ship everything in a container then only separate it there. Probably will be cheaper doing that.,2,1776828936.0
1ss8bct,ohkhlt1,jrngcool,Thats why diesel cheaper in EM to compensate the freight charges. Drive 8 hours and you still inside Sarawak.,2,1776829053.0
1ss8bct,ohkj8bp,Marvellous_Thoughts,Contact me for shipping rates to East Malaysia,2,1776829697.0
1ss8bct,ohkmimo,Famous_Chicken_1469,Sea shipping as mentioned by someone on the comment above.,2,1776831044.0
1ss8bct,ohl6k6z,boomslung1,"Just use sampan and paddle across lah. Remember to avoid all the lanun and jurang mariana ok?

Shipping to Sarawak and Sabah is expensive because it is a remote island. Most of the shipping traffic is going to China, Korea, Japan and Phillipines for products and they have to purposely make a stop in Sabah/Sarawak.

Sabah and Sarawak does not make many products for the journey outbound to defray the cost.",2,1776840564.0
1ss8bct,ohlb0zo,kongcoco,"Thank you for understanding the pain of East Malaysians, even diesel oil cheaper here is for personal consumption only but higher for industries so W Msians dont just complaint and pls get your fact right!",2,1776842962.0
1ss8bct,ohlmu49,hamkas,Blum lagik u nangga rega telor di sarawak.  Terkejut berok u klk,2,1776849636.0
1ss8bct,ohk7021,Bulky_Tie6956,Cabbotage policy,1,1776825126.0
1ss8bct,ohkd8tk,Aggravating_Act541,"It won't be a problem if goods directly go to east Malaysia. But our demand are not high enough(not worth for logistic company) to directly ship to east Malaysia without stopping at west Malaysia. 

Real side effect of cabotage policy by ministry of transport Malaysia.",1,1776827383.0
1ss8bct,ohkquii,P2Y0,"Now with no question ask return/refund, sellers straight up turning off selling to East Malaysian.

Saded",1,1776832900.0
1ss8bct,ohkwaet,HealthyProject3643,"if you use air courier then of course expensive.. you need to find local agents to help you out. some of them can do air, if you want cheap of course sea is most cost effective if you have time to spare.

i 'imported' 4pcs tires from WM for basically a can of soda and a handshake. took 20 days.",1,1776835377.0
1ss8bct,ohldtvb,gay_for_hideyoshi,30kg is for the worker safety. And why not use cargo shipment?,1,1776844536.0
1t0jz5f,oj9npcc,muddie83,Holiday morning shrooms are the best,78,1777613414.0
1t0jz5f,oj9nt77,velaxi1,So both of you kissed after that hand sign?,63,1777613464.0
1t0jz5f,oj9qpof,Mission_Public_8442,I'm gonna be very mad if this is an advertisement for the yin-yang shirt,34,1777614868.0
1t0jz5f,oj9o74s,Loose_Ad5143,Damn bro.. i need the footage,21,1777613645.0
1t0jz5f,oj9r3ft,Square-Purchase5534,"The guy read too much xinxia/wuxia, and develop some heart demons for sure",18,1777615061.0
1t0jz5f,oj9qh7y,DearBookkeeper1046,Continue the story.?.,10,1777614753.0
1t0jz5f,oj9q45f,aoibhealfae,"...insecure and unstable.

Gosh dude.. run next time. Survival instinct!",7,1777614571.0
1t0jz5f,oja51xw,Abe_Bob_Nasrul,"Damn

https://preview.redd.it/e27nfvf4ghyg1.png?width=450&format=png&auto=webp&s=67a102ec5263a9666d3c37d4ff12c8f372d38fde",5,1777622424.0
1t0jz5f,oj9p4bi,Spiritual_Run9039,Wtf is wrong with that guy?,5,1777614087.0
1t0jz5f,oj9rg38,RedditRitsu,Insecurity level through the roof with this guy,3,1777615238.0
1t0jz5f,oja51bz,Sea-Key-9430,"Maybe you thought he was attractive, and you just got confused",3,1777622415.0
1t0jz5f,ojav0a0,Some_Ad_4357,"Bruh, you pushed him over the edge with ""sori bro baju tu cantik sbb tu ku tgk"" - he took it as sarcasm👈🤣🤣🤣",3,1777635384.0
1t0jz5f,oj9o0cv,kojimbob,![gif](giphy|3o7TKN9IUHHFXWyPlK),2,1777613557.0
1t0jz5f,oj9spiq,Aggravating_Act541,Sound fake. But okay.,2,1777615878.0
1t0jz5f,oj9s9de,naz_1992,Viral! Viral! Viral!,1,1777615651.0
1t0jz5f,oj9sidx,NorthKing9,![gif](giphy|Pe33Om9fNCSVeb5hG4),1,1777615778.0
1t0jz5f,oj9vu0c,ADAMMMU,He on dadih dude. I'm sure,1,1777617504.0
1t0jz5f,oja2d8h,Famous_Chicken_1469,Bro Hahaha whats your gender? This would be funny af if you are girl.,1,1777620961.0
1t0jz5f,ojah3za,Old-Interaction442,"Nahhh. He's a tsundere and he got embarrassed u complimented his fit. Get your Baddie bro 💕, a cake with a candle is still a cake ❤️",1,1777629017.0
1t0jz5f,ojainba,DuskOnline,Tuff shit,1,1777629789.0
1t0jz5f,ojaq8g0,moore927353,"Why no record video?

You could have been a viral celebrity. 😋",1,1777633375.0
1t0jz5f,ojaqyg0,GroundbreakingCry132,[ Removed by Reddit ],1,1777633691.0
1t0jz5f,ojb3651,Lunartic2102,Did you kiss and makeup afterwards? Wishing you two happily ever after ♥️,1,1777638421.0
1t0jz5f,ojbrdj0,raffszs,"mmm hand signs haha

![gif](giphy|s4xxuy6OJDuhm8AFpT)",1,1777645963.0
1t0jz5f,ojfqc0g,Red_WeeTea,He is a shaman.,1,1777689764.0
1t0jz5f,ojilhsv,Traditional_Bath_810,![gif](giphy|l1ugnxfAt6mCBis4o),1,1777734521.0
1t0jz5f,oj9qt19,deedeewrong,Just Indian tings right?,-3,1777614915.0
1t1al3h,ojfjkwk,Quiet_Imagination_40,I am actually more curious about what made the security guard to take that risk and step in to rescue the woman. Was there a clear sign of distress that pushed him to act immediately?,90,1777687367.0
1t1al3h,ojfjoi3,GlitteringWeight8671,The police man who grabbed her was never trained to rescue people on the verge of suicide. You should always grab only as last resort and only if you can grab with both hands around the body. He was grabbing with ONE hand. I don't fault him but the lack of training.,102,1777687404.0
1t1al3h,ojf77dt,MaxMillion888,"We can always have more empathy but the country isnt equipped to deal with mental illness.

Just think happy is what most people will tell you when you say you are depressed.",71,1777683003.0
1t1al3h,ojfs9fu,quebix2110,"I wonder if she falls down herself, what people say? Security stupid, do nothing. Bomba slow. Should have pull her dont let her jump etc. Netizens are quick to judge. If put in that situation i bet netizens also dont know what to do.",47,1777690498.0
1t1al3h,ojfxfg1,BeautyJester,"damn, she really passed away ? reading from the comment of the last post, i saw that she was still conscious and was seen having conversation with the others",11,1777692555.0
1t1al3h,ojg9lmx,Proquis,Today there's another Algerian one btw near that spot,9,1777697877.0
1t1al3h,ojirwgb,Equal_Cantaloupe627,"A. Do nothing, she jumps. Her own fault. You live thinking you could have done something. 
B. Do something, she dies. Your fault.
C. Do something, she no die. You saved a life.

I wasn’t there in that position. But I would probably choose A. Most people would choose A I would think.",5,1777736383.0
1t1al3h,ojg7qcn,ghim7,"It’s sad that a life was lost. The dude didn’t look like he was trained to do so, and he’ll probably get the most stick from this. He’s gonna be traumatized forever though.",8,1777696996.0
1t1al3h,ojjpq3v,DouglasK6,"Tbh reading the online commentary on this situation makes me resent my fellow Malaysians. There is a serious lack of empathy, to ridicule on the situation is just stupidly distasteful. Like in every top post I see, why is it so difficult for some people to show restraint and offer some sympathy instead of bashing. Maybe they call it dark humour but its just a display of cruelty and disgust. Malaysia really boleh",4,1777746244.0
1t1al3h,ojg2bj2,at4g63t,"Tragic. Nowadays you want to save or help someone can be so tough. Those condemning the guard are keyboard warriors. If they were there, they only turn on their video without helping.",9,1777694604.0
1t1al3h,ojg17zp,Wide_Camp9394,"Regardless of the nationality, nobody should die such a horrendous death. 27 is very young and still have a lot of life to give and experience. I think there's a general lack of prevention and training even if cases don't happen like this often. We need people who are ready to step in, that includes general public so that we know we have each other's backs.",10,1777694141.0
1t1al3h,ojko2kp,Conscious-Package192,"If jumping down was the goal, the guard provided the assist.",2,1777756962.0
1t1al3h,ojg0dij,Personal_Number4789,"Because the people trying to help her didn’t speak Chinese? Ok maybe she knows Malay. 

If you wanna charge him for homicide then just suggest it but I don’t empathise such behaviour. Attempt suicide at an international airport OVERLOOKING A road. Because she’s the main character and she needs the drama around her now. The security guard is likely traumatised from her expressions etc. Think about

Maybe KLIA needs to beef up security around areas but if a person wants to pull off such a stunts it’s going to be impossible. 

It’s also irrelevant if we don’t know her intention. Can I swim in a crocodile infested water and say I don’t intend to die? She’s an adult. Come on. 

She’s dead and we don’t encourage people to do such stuff. For the sake of everyone involved and their loved ones.",6,1777693783.0
1t1al3h,oji8wko,NinjaWK,Mission Failed Successfully,1,1777730765.0
1t1al3h,ojir47d,Spiritual_War_2150,She get what she asked. And the guard facilitate it. win-win.,1,1777736158.0
1t1al3h,ojjjks8,HotAsianBorneo,Is she ok?,1,1777744408.0
1t1al3h,ojldtui,frostfeint3,"Always wait for bomba, don’t be a hero",1,1777766055.0
1t1al3h,ojnfqmq,att901,The personnel murdered her,1,1777798825.0
1t1al3h,ojnlwdh,Head-Today3655,A lot of keyboard type mainlander small dick incel behaviour in here,1,1777802188.0
1t1al3h,ojrh22t,ActualIncrease9033,"The grab made it worse. Look at her position.. calves hanging over, center of mass already past the edge, almost no space behind her back. From that geometry, a sudden pull from behind can't lift her up and back to safety because there's no room for that arc. The force just rotates her forward at the hips and slides her over. A grab only works when the person still has weight on the safe side; she didn't. Proper protocol is approach from the side, brace, and talk.. never hook from behind on someone in unstable equilibrium. Tragic, but the rescue technique was the trigger.  Its reckless.",1,1777846881.0
1t1al3h,ojruq74,Outrageous_Ask3460,Was it due to airasia not allow her to onboard when she’s on time? From what i know airasia has been preventing ppl to onboard in order to profit additional flight ticket or profit from luggage overweight issue. Please share more info about her flight details what is the causes of her distress and why she’s being scheduled to the next day instead.,1,1777851603.0
1t1al3h,ojf9yag,No-Discussion9755,White knight post. We are all to be blame. Hoorayyy,-6,1777683977.0
1t1al3h,ojhws1b,Senor_vegeta,"What i think happen:
It was in the heat of the moment, so making precise calculation and prediction is very difficult.
The only thing in the guard's mind is to save the lady. He thought he could just grab her and pull her. He forgot to consider that a human is heavy as fk. And when the human is struggling and is trying to go the opposite way, it makes it even more difficult.

This is an extreme case. Nobody is to be blamed. We show empathy and maybe put more measures to prevent similar incidents. Thats all we can do.",1,1777726759.0
1t1al3h,oji116l,Imaginary_Strain486,Security guard was doing his best . Kudos to him .,1,1777728218.0
1t1al3h,ojg93au,Jaded-Philosophy3783,"as someone who was professionally diagnosed & had a few attempts.

Nah. People tried to help, but she successfully committed su1c1d3 anyway. Sure, it's tragic and we should show sympathy, but it's done and we should move on. It's a waste to investigate and allocate even more national resources into this.

People should help the mentally ill, but they shouldn't lose sleep over it. Help where possible, don't sweat it where you can't. Dwelling over it just gonna make it worsle",0,1777697635.0
1t1al3h,ojf3dsz,[deleted],[deleted],0,1777681638.0
1t5wn6y,okdaowv,SulkingOnion,"Firstly, congrats!

Don’t resign. Stay and secretly record (use a voice recorder) everything they said to you. They giving you the treatment because you will be on paid maternity leave, stay until your child is born and then resign 1 month after your maternity leave.

Any time they play the performance card, let it blow up and consult a doctor for all the mental abuse they put on you, use the recording and your poor performance as proof and sue the bank out of them.",148,1778118942.0
1t5wn6y,okd9ehm,BelimbingPanas,Record everything down,212,1778118503.0
1t5wn6y,okdcoh6,EY-MY,"They are trying to make you, OP, leave the employment ""voluntarily"" as terminating your employment when you are pregnant is ILLEGAL per Section 41A of the Employment Act (must read together with the 3 exceptions to the rule). 

Just do your work as contracted. If you are being harassed at work, refer to Section 81 of the Employment Act if it's related to sexual harassment and if it is non-sexual in nature yet causes you to feel unsafe at work, refer to Section 15 of Occupational Safety & Health Act, specifically Section 15(1) (the other sub-sections are also relevant).

And if you are in a higher position, lawyering up may also be your option.",69,1778119618.0
1t5wn6y,okd9pgn,ImpressNervous4382,"idk about law but I think cursing your unborn child crosses a big red line.

Maybe u can report tu JTK or something. Maybe can sue them?

Wait for other experts replies.",39,1778118609.0
1t5wn6y,okdaorf,Lampardinho18,Feels like they are trying to brute force you to resign instead of terminating,25,1778118940.0
1t5wn6y,okdfnf8,Penny_Curious,"Big sister advice? Stop trying to “win them over” emotionally. Their behavior already sounds personal and unprofessional. Protect your peace and protect yourself legally/professionally instead.

Keep communication polite, short, and documented. Don’t react emotionally over email no matter how provoking they are.

And honestly… cursing an unborn child is disgusting behavior. That says more about them than you.

Right now your priority is your health, your baby, and making sure you leave this situation with your dignity and records intact. 

Good luck! So rooting for you and your family — you deserve better.",23,1778120636.0
1t5wn6y,okddbza,astra_ag,"This is common practice in SME I heard. they didn't plan properly for resources when you won't be around, I.e. Someone to take over your work so they abuse you mentally until you quit. Record everything tho. Like the length email? Download that shii and make a chronological record. Make sure you have money to hire good lawyers too when push comes to shove.",14,1778119835.0
1t5wn6y,okdbspp,Few_Ad_2433,Record everything. Then be ready to walk away. Have your husband support you.,9,1778119316.0
1t5wn6y,okdcyfz,Poteto_7396,"i will still just do everything professionally and ignore the drama. i have learnt to look up in the sky to remind myself that we are just some random space dust that is spending limited time on earth. their personal issue has nothing to do with me and i want nothing to do with their personal distress. 

if the workplace has gotten to the point of being so unprofessional that it is directly affecting your work speed even after you have voice out your concern, i will just resign if im you, of course, at least after you delivered your baby.",8,1778119709.0
1t5wn6y,okdj8iq,Various-jane2024,"this is not childish.

this is illegal.",4,1778121902.0
1t5wn6y,okdyhkx,[deleted],[removed],4,1778127940.0
1t5wn6y,okdhkj9,papercuptowel,"like everybody says record everything down. DO NOT REACT. calm yourselves, they get their dues later.

do not delete everything after you leave. dont give them chance to counter anything. just be nice little you. fuck them up later.",3,1778121309.0
1t5wn6y,okdqncw,tempebae,"They’re trying to make you leave voluntarily. Don’t. 

Record each conversation. Create a paper trail (if they want to twist it, you have the voice recording saying otherwise lol) Note down your accomplishment and assigned task date and completion date ever since you’re pregnant. This is if they said your performance is bad etc. 

When the time is right, lodge a report to KESUMA or SUHAKAM or JTKSM or whatever channel thats relevant 

MILK THEM OF THE MISTREATMENT SIS!!!!!!",3,1778124717.0
1t5wn6y,okfnq8v,gudfrid,"these people are cunts. 

don't resign yet and give them the satisfaction.

collect your evidence, as much as you can so you can defend yourself when the time comes.",3,1778156777.0
1t5wn6y,okdkvpr,taknakmerokok,Don't give up. Just do your job within the scope. Start collecting all the evidence. Please take care of your mental health. Be careful on the way you go home. Change your routine daily from going to work/home. People are unpredictable.,2,1778122496.0
1t5wn6y,okdrcmw,Interesting_Grass_42,Honestly? Just move on. Send resume on your private pc and time. No need to invest your time for some company who didn't appreciate you. Your life is short. Make it meaningful. Tell this to your future child.,2,1778124994.0
1t5wn6y,okdsb26,ImmediateStaff7065,"1. Record down.

2. Learn to be patient, till the due date. Probably few months.

3. Take your maternity leave+paid leave.

4. If they sack you, report this.

But then, I would suggest you to leave this company. Too toxic.",2,1778125373.0
1t5wn6y,okdup65,Such-Catch8281,"crazzzzzzzzzzzy, u need proof to get help from labor department",2,1778126345.0
1t5wn6y,okdwoo8,RedRunner04,"As tempting as it is, please don’t quit before you line up another job. Being pregnant / having a very young child makes candidates very unappealing and Malaysian laws don’t protect against that kind of discrimination before someone is hired into permanent roles.",2,1778127172.0
1t5wn6y,okdwvrr,Sea-Key-9430,"Report to authority, they will follow up with investigation, you get ez pay out settlement.",2,1778127255.0
1t5wn6y,oke3bi5,jazzyroam,sound very toxic,2,1778130098.0
1t5wn6y,oke71ls,Vast_Economics_9034,"Seems like a strategy to make u resign so they don’t have to fire u/pay u when ur on maternity leave. 

They also can’t fire u because you’re pregnant, so they’ll make reasons to fire you later on. 

Any error u make will be recorded down and they will nitpick any small mistakes if they intend to fire u so they wont have to deal with lawsuit/compensation later on. 

I believe they need to issue u 2 warning letters before they can fire u.

Anyways, stay safe don’t give them any reason to issue u any warning letters and take ur paid maternity leave. U can resign after your maternity leave ends.",2,1778131859.0
1t5wn6y,oke7g4k,UncDani,First of all congratulations on being pregnant. I think they're just being petty but it's the best to record and save every conversation and interaction you have with them. Try to collect as much evidence as you can from them without them even knowing or finding out about it as it could come really handy when it matters most,2,1778132055.0
1t5wn6y,okelvab,monyet2,"They probably trying to make u resign. If u need this job financially u will unfortunately need to tahan after baby comes. Not easy to get jobs after bb. If u r able to resign, do it during / after your maternity leave. Legally they are not allowed to fire a pregnant woman.",2,1778139388.0
1t5wn6y,okjyp1e,ThothofTotems,Record everything! Discrimination due to pregnancy is like an easy case to win if you got fired etc.,2,1778202091.0
1t8zt1s,okyi6go,No-Temperature1333,"Of course it is possible that MNC are racist. But there is another explanation: capable Malay are sent overseas so they are less likely to work locally.

I don’t have proof for this explanation, I am just projecting from my personal experience studying in local uni. In most classes, Chinese usually dominates the subject. But I never use that as a proof that Malay is not capable in general, instead I explained it with the fact that the Malays that are as capable as Chinese that enter local uni probably receive JPA scholarship and studying overseas.",130,1778398361.0
1t8zt1s,okyk7wo,heichi13,"I've been working in one MNC for 7 years so far and yes, you're crazy.",216,1778399495.0
1t8zt1s,okysmvp,BuckDenny,"I think you're wrong to observe along race fault lines.

I've worked in MNCs all my life and can tell you that they are hard coded equal opportunities employers. As a rule, skin colour and religion is not a factor in employability. Competence and ability is.",18,1778404237.0
1t8zt1s,okymcmb,SatayMY,"this is a blanket statement by OP. When you said MNCs, which MNCs you are referring to? MNC from China? from neighbouring countries like SG? from the Europe? Or the US?

Each of these MNCs differences are huge and of course their management style also huge. If you are talking about MNCs from China like Huawei or Korea like Samsung tend to have their own set of hiring policies as oppose to perhaps European MNCs.

My experience is, MNCs from the west have a fair hiring policy that does not allow them to discriminate based on race solely. I hope OP can elaborate more and provides more context regarding to the kind of MNCs he is talking about.

And i am disappointed with some of the comments trying to reinforce OP's narrative to give a fake impression/image that many MNCs also discriminating Malays and Indians in Malaysia without going into a more elaborative and deeper contexts. 

Malaysia's economy is very diverse and vibrant, we have many different companies from different countries setting up their offices here, you cannot simply paint a picture of 1 size fit all, unless you have your own agenda in doing so.",61,1778400670.0
1t8zt1s,okykrzu,Background_Oven8884,"Im chinese in MNC and all the chinese here also contract hire. Only mainland are permanent hire, so what is your point?",87,1778399803.0
1t8zt1s,okym59t,Just_Tomatillo6295,Almost everyone including my chinese colleagues are under contract,9,1778400556.0
1t8zt1s,okzbqr6,xingixn,"Certain race is attracted to certain industries and jobs. 

Also just look at qualifications, work ethic etc. It's an open market.",6,1778413931.0
1t8zt1s,okyq1kz,Automatic-Word2917,"Try taking off your Melayu/Cina/India spectacles, and observe again. 

Look at qualifications, seniority of role, job scope, suitability, business languages spoken. Look at contract value, EPF deductions, types of pre-tax expenses deductible by contractors, flexibility, notice period, and compare against the salaries & benefits of full-time employees.

See whether the CEO of the MNC is on contract (they usually are). Many senior staff and project experts are also on contract.

Talk to your Malay friends who are full-time (have to put your M/C/I glasses back on temporarily) and find out how they got their job.

Selalu je ada mentaliti ""Melayu ditindas di tanah sendiri,"" ""ditindas bangsa Cina."" Sebaliknya tak sedar yang mengaut harta negara semuanya pemimpin Melayu yang kononnya mempertahankan hak Melayu.",47,1778402771.0
1t8zt1s,okyl7a5,BrokenAdventurer,"I have worked in MNC for 15 years and 3 years in GLC. Tell you what, there's a reason the major population fit for GLC doesnt fit for MNC. And it's no longer a stereotype, it's a fact. Overly santai, doesn't give a shit about the quality of the work.",23,1778400038.0
1t8zt1s,okygxd0,Present_Student4891,Matsallehs r also contract hires.,12,1778397672.0
1t8zt1s,okyscn9,att901,"This kind observation is from people with tongkat since born and now starting to get exposure to the real world that they can get discminated too 😂 like what they did to others, and it is coming back to hunt them.",13,1778404078.0
1t8zt1s,okyi1tr,dinotim88,"You are not tripping because this is typical setting for most MNCs. 

For Malays, the better ones and the ones with kabel besar are in GLCs.. So-so ones end up in government and MNCs. There's plenty to choose, from the so-so pool. Performance-wise, probably also so-so.

For Chinese, the good ones are in MNCs, leftovers goes to China-man company. Obviously, the high performing, talent pool for Chinese is smaller. If MNCs don't offer good package, they will just leave for better ones. 

Indians, not sure why.

Just my observation only, just relax k.",43,1778398288.0
1t8zt1s,okz1hpz,Severe_Adhesiveness3,"I used to work for a local company which eventually become MNC and now Im working in 20 years established  MNC. I would say it’s quite balanced. We got a fair share of all races in permanent role and contract worker. As for whatever crazy youre mentioning, might or might not be true because the race distribution from one company to another varies and can be due to many factors, soooo i wouldnt read too much into it.",4,1778409118.0
1t8zt1s,okzzk02,AfterAd3498,Nah this is BS.,3,1778422349.0
1t8zt1s,okz9nvy,kennerd12004,Contract workers also don’t get stock compensation unlike permanent staff. Alot of major tech and O&G corporations saw their stock price up quite a over past 2 years. Rip,3,1778413040.0
1t8zt1s,okza4e1,justplaypve,"is your MNC formed through merger & acquisition, JV or  what? if the former then it takes a while to get rid of 'local culture' but it'll happen eventually, if JV then it's pretty much no difference, MNC in the name only

source: my sister worked as HR personnel in multiple MNCs for over a decade",3,1778413241.0
1t8zt1s,okzbc4b,revan_stormcrow,"I worked in MNC for 14 years. They are American and European MNCs. As far as my experience goes, the MNCs I worked with never implement this policy.",3,1778413763.0
1t8zt1s,okyhmpu,Al-Razi865-925,"At the end of the day, skill issue",12,1778398059.0
1t8zt1s,okyo6m7,Free-Initiative7508,I go government department almost all senior management and above are malays. Is the government racist or what?,6,1778401700.0
1t8zt1s,okyxj1d,localvitytwo,—-deleted,4,1778406990.0
1t8zt1s,ol09tnd,UnlikelyFoundation44,Skill issue,2,1778425445.0
1t8zt1s,okyg4gw,Mann_Tap,You got your 153 so they want to even it out. That's how it is I guess,6,1778397228.0
1t8zt1s,okyjka3,SiOyenKL,"Kena tanya dulu, HR siapa? Rasa boss HQ ke HR pikir mcm sek kito jange pecoh",3,1778399131.0
1t8zt1s,okzenre,fatdragon69,"victim mentality. when ditindas they demand justice, when tindas others they remain quiet. Malaysia government has been doing the same to Type M in privilege in public university, privilege in housing, privilege in subsidy, medical and etc.. yet no Type M come and demand equal treatment.",2,1778415118.0
1t8zt1s,okygahb,No-Bitches-No-Life,"Yeah well I mean when local companies are required to be bumi owned, it’s bound to create some form of resentment within the non-bumi population, who are historically more educated. These people then only hire among themselves as a form of tindak balas ig cause if not there where else are they gonna go. So yeah can’t really blame them too",6,1778397320.0
1t8zt1s,ol0q8uu,Successful_Stuff_437,"Any sensible company, MNC or not will definitely make you permanent If you're a high performing employee, keeping you at contract worker level means you're either mediocre or expendable. Company is all about maximizing profit, you're delulu to think otherwise.",2,1778430281.0
1t8zt1s,okyloa3,Ok-Arm-3100,"Over 20 years in various MNCs. The only ""MNC"" that I almost joined that fits your narratives, IS H from China. 😂",1,1778400293.0
1t8zt1s,okymby9,Izert45,Worked in GLC. So idk all contract all sama benefit lol,1,1778400659.0
1t8zt1s,okyopsm,_zenith33,"I have literally never heard of this issues in MNCs. What you're experiencing is likely not the issue but the rather the job type. Are all these permanent and contract employees having the same job? Could it be qualifications? Fyi, I am Indian myself, while I never worked in MNC, I know many who do and none of them are contracted.",1,1778402012.0
1t8zt1s,okyq9qk,orz-_-orz,"My experiences are if you are a Malaysian you get to be hired permanently, if you are foreigners, then you are a contract staff 

I worked in GLC and private (non Malay owned) MNC before",1,1778402896.0
1t8zt1s,okyrsfj,jack_bennington,What kinda racist ass company you in? I’ve not seen such cases. plenty of MNCs have malay indian permanent hire,1,1778403756.0
1t8zt1s,okyryj9,Gumuk_pindek,"What i notice, now new hire all mostly contact",1,1778403853.0
1t8zt1s,okytqmg,Shiva_coconut,"What i have observed is that it all depends on the hiring manager no matter which mnc it is. There is no regulation for mnc globally on hiring. They always go with local policy. So if the hiring manager decides to choose specific people, then you need to blame them and not the mnc.",1,1778404864.0
1t8zt1s,okz05n7,Loose_Ad5143,Macha.. go to motorola,1,1778408412.0
1tblse1,olhnxvg,click4b00bs,"You should probably just ignore him girl, this dude only reached out try his luck.

He just wants to smash",147,1778638201.0
1tblse1,olhnkmy,Lemon12014,what an asshole,28,1778638079.0
1tblse1,olhpmnf,Human-Win2659,"This is quite common nowadays..there are even some men who are married pretend to be single and hope to get filing with other single ladies outhere,lol.",27,1778638771.0
1tblse1,olhnnf4,YoshidaKyo,The audacity.,25,1778638105.0
1tblse1,olhmocp,Red_WeeTea,He doesn't see how hight Mount Tai is.,10,1778637783.0
1tblse1,olhszam,efque,"good on you for wanting to move on and just be done with the whole thing, but it would be hella funny if you could forward the email to the (ex) gf just so she’d realise he was the jerk all along",8,1778639932.0
1tblse1,olhurjb,CorollaSE,"Lessons are learnt from mistakes.

Be awesome.",5,1778640577.0
1tblse1,olhtn62,momomelty,God damn. That’s fucked. I woulda fucked him over in the email in response but I know that woulda backfired on me,4,1778640169.0
1tblse1,olhuo1x,Madmartigan2024,Move on. Good riddance to bad rubbish.,3,1778640541.0
1tblse1,olhzj7u,Fillandkrizt,"> he didn't have the guts to say no to me

You're a dude. Most likely even bigger & stronger than OP. Unless OP held a knife to your throat Yuno Gasai style which I heavily doubt there's no reason for you to ""not have the guts to say no"" to a date when you're in a relationship. What, you suddenly become a little helpless meek boy when interacting with someone with a pussy is it?

Also the GF is damn stupid and is not helping to beat the ""straight women attacking the third person instead of their cheating bf"" allegations/stereotype.",3,1778642388.0
1tblse1,olia0z1,Aerith_Travel7042,Well all that happened is a good experience for you. Btw I can ask you out for a date since I'm single and have no gf hehe (verified info). (E-begging),3,1778646694.0
1tblse1,olhszog,vitaminacademy,An email?!!,2,1778639936.0
1tblse1,olhvdaj,kraziekd,forward the email to his ex,2,1778640797.0
1tblse1,olhvwg7,Sh00kry,Guy had your e-mail all this time and didn’t think to use the opportunity to apologies to you for the cold response. You did good on just ignoring and deleting said e-mail. Fuck that guy for gaslighting his then GF of the real story of him seeking you instead of the fabricated tale.,2,1778640991.0
1tblse1,oli9x83,Proud_Counter_1370,Good to hear this good ending. Just hit delete and walked off,2,1778646647.0
1tblse1,olirpbe,coldfrost93,Crazy how you're able to get through those harassment,2,1778655036.0
1tblse1,olj5gm6,Pei-Shan,"Damn okay luckily you found out about this before things get outta hand.. nvm let the trash stay inside trashcan, hope they lock tgt forever dont kacau other ppl 💀✨",2,1778662233.0
1tblse1,olj5sv1,Every_Reality_9721,"Honestly I'm getting blocked and ghosted so many times. 

Still remain delulu.",2,1778662413.0
1tblse1,oljfylu,MoodNo3716,Smart girl. You’ve moved n that part of life is ancient history,2,1778667495.0
1tblse1,oli3yrf,Melon_farmer69,Good for you op..now you looking for a date?? I'm available..but you have to respect my wife. Well..we can do bbq at my house..drink. yeah..and smoke some duck..,3,1778644157.0
1tblse1,olizc4n,Independent-Duck-636,"Ok la cerita bagus. Ada mula, perkembangan, (anti)klimaks, dan akhir. Thank you.",1,1778658970.0
1tblse1,olizs7u,ImpostorPaul,![gif](giphy|3og0IQCfsZXScpvKhi),1,1778659208.0
1tblse1,olj15qb,Dvanguardian,"Good move. Delete.

![gif](giphy|26xBIUj4Y6K2LcIz6)",1,1778659942.0
1srdkr3,ohe1vk0,smolPPandFloorgang,"It really depends honestly.

If you have a bright partner. They will think about the long run. 

If not they'll drain you dry right there and then and set your future up for shambles",113,1776746861.0
1srdkr3,ohe1ke3,Dicky_Dicku,"Syukur la dik, you X kahwin ahmoi lagi

Need House, Car and banyak angpow lagi",99,1776746720.0
1srdkr3,ohe3ik0,Inside_Print3808,My brother's wedding paling simple. Nikah at masjid. Walimah at kedai makan with 20+ close family members. Total cost maybe not even RM1k,42,1776747614.0
1srdkr3,ohe2ghj,No-Home9054,"Kalau kau mampu bg 30k, on je lah. Kalau tak mampu terus terang je, tapi kalau perempuan tu masih nak jugak 30k ko faham2 la sendiri. Cari yang sekufu",37,1776747125.0
1srdkr3,ohe3lhe,Suitable-Document373,"Previously, the hantaran asked by bride's family from groom was meant to cover the wedding ceremony.    

Nowaday, with the bride & groom arranging the wedding ceremony themselve and forking out their own money, but the bride's family still asking for money from the groom in the name of hantaran.    

Ini langgar adat namanya.",18,1776747651.0
1srdkr3,ohe3g3j,spaghetticode94,"Nowadays marriage is for the rich.

I will stay at home until 50s, secretly get fit but live like a homeless person, achieve nirvana and break thru the cycle of samsara.

Then maybe I will gain ability to ascend thru the higher realms and meet with the other ascended masters to talk abt my single life, and maybe we'll have a good laugh together and say that it was a good ride.",29,1776747582.0
1srdkr3,ohe2q03,Short-Juggernaut-374,"I haven't even married yet I already regret planning for my wedding.

10k hantaran and 20k for wedding 😂👌

Its ridiculous. Better have small wedding and spend that money for umrah, haji or honeymoon overseas.",24,1776747244.0
1srdkr3,ohe43gj,amely_5ai,"Ni jenis jual anak...

Seb baek kawen org kelate.
Mas kawin 6k.
Duit Hantaran TIADA... 

Sepupu kawin doktor dari Kuala kerai, mas kawin 2.5k. Sama, Hantaran pun tiada. 

Maybe sekarang tetikut trend. Mas kawin tinggi.",10,1776747889.0
1srdkr3,ohe2k4y,Accomplished-Mix-136,"its common , but it shouldnt be",10,1776747172.0
1srdkr3,ohe5aao,tetsu2323,"Glad my wife and I can't be bothered with a grand wedding dinner.

Married back in 2023, both Chinese

Angpow for her parents..just 10K, which was spent on dinner to celebrate her side of the family.

Registered our marriage on a weekday and had our wedding lunch for a small group of friends and family at The Gardens. 3 tables in a room..less than 5K

Some traditional stuff..less than 5K ( 2k+ for roast pig lol)

Photographer and makeup.. less than 3k total..can't remember much cause it wasn't much.

And 1 night to chill at a hotel with club lounge access..less than 1K

Of course I didn't want to cheap out on my wife.. think the jewellery I bought cost 40k+ ( Tiffany engagement ring, Chopard wedding bands)

Then shortly went for holidays to China and Japan.

Better take this opportunity to splurge on ourselves than  stress ourselves over wedding preparations.

Didn't request angpows from friends either.

Just realized some of our distant cousins did the same..or even less..",9,1776748457.0
1srdkr3,ohe7x89,Aggravating_Ad_4507,"18 years ago, my now-significant other requested for 10k hantaran kahwin as her sister received the same. The thing is, once we are married she used that hantaran to purchase stuffs for us to begin our life like furniture etc. I'm forever grateful as she has the right to keep it for herself....

Until today, we share expenses for almost everything relieving a lot of my burden financially",6,1776749715.0
1srdkr3,ohe2g0g,LastRun5000,"Honestly, baik kawin dengan sekufu yang financially and mentally. If perempuan dah ada degree pun tapi kerja baru setahun pastu minta hantaran smpai 30k, tu dah delusional sangat. Better minta mas kawin tinggi, hantaran untuk kenduri ikut kemampuan je.",10,1776747119.0
1srdkr3,ohe1lv7,Royal-Angle2207,Married 2013. Hantaran 12k. That's it,4,1776746739.0
1srdkr3,ohe50e6,muuhfi,"Initially mine was RM20k. I negotiated to RM15k. Because you need to remember, the amount is only cash. Not the whole set of hantaran which includes the gifts such as handbags, shoes etc.

You need to remember, it’s not about the value of their daughter. It’s about whether your future in laws want their daughter to marry or not? You need to keep hold. Be as stingy as you can. No one checks the fake check that you put on the hantaran tray. No one even cares. Do what you can. Fight if you have to. I fought and I won. Now nobody even cares about the bullshit hantaran anymore.",3,1776748325.0
1srdkr3,ohe5k56,Ok_Sheepherder4451,Truthfully it's a fucking circus with the elders deciding cost of everything. Every wedding from malay to indigenous to Chinese mostly the same. There are rare ones where they marry small and decent without the nonsense.,3,1776748582.0
1srdkr3,ohe5ty1,DefinitelyIdiot,"You'll realize if you keep dating, sooner or later it's the girls that wanted the marriage.

The key is date till they themselves raise this up and now you have a bargain chip. You then can say you want hantaran 10k if you want me to marry you. 

😌",3,1776748708.0
1srdkr3,ohe7sfc,DameArstor,"Depends on the family honestly. I got married last year and my mum only asked for 10k as hantaran, but the hantaran is still mine and husband's in a way as she wants us to use it for car down payment in the future. Some other family would use the hantaran money to help fund a kenduri.

Edit: Forgot to mention that you also can recoup some of the cost for kenduri through money packet/angpau from guests. It won't be as much as Chinese weddings obviously but it's still *something*.",3,1776749649.0
1srdkr3,ohe9dzw,Born-Intention6972,"Sadly u need to find a new girl.  A girl who dont give a shit and willing to stand up to her family. 

There are couples like that. They rather spend money on meaningful things that they enjoy. 

I am chinese and my hantaran is 13888. No wedding , no any bullshit ceremony, no rings. My parents prefer do the traditional way but I am not afraid to say no to them",3,1776750460.0
1srdkr3,ohersdh,Lanky_Answer_7444,"I only ask RM1k for mas kahwin with no hantaran but he will take care of everything post wedding including my studies etc and allowance for my family.

I think 25k hantaran for someone who contributes financially to the household is a fair price tbh.",3,1776760681.0
1srdkr3,oheuxow,Der_Redakteur,geng2 melayu lame memang macam perangai jual anak,3,1776762518.0
1srdkr3,ohe5ngp,SlowEntrance5503,Should ask the Chinese ones how hahaha!!,2,1776748626.0
1srdkr3,ohe6agf,DapperCobbler9929,I wouldn’t pay even I were rich and marrying someone a third of my age.,2,1776748929.0
1srdkr3,ohe8lna,sirloindenial,"15-20k is harga kesian or ""takpe la"" nowadays. It's also because those money are used for the kenduri cost, which is expected to be at the woman side always. Anything under 20k means the parents have to take out 10k+ money and that's why it's harga kesian because they sponsor for some of the cost. 
Chinese one baseline is 100k btw.

Whenever this is talked about, it should always be related to the kenduri cost. Wait till you marry sabahans and some of them practice bring you around house to calculate amount of tiang the house have😂(this is not a joke btw)

Tldr: the money is to cover kos kenduri.",2,1776750061.0
1sqdh18,oh785tr,ElderberryNo6893,Good thing about life . You don’t have to give a fuck about other people opinion,40,1776657255.0
1sqdh18,oh72swn,Twerktilassbounce,"She did love you then, maybe not now. People changes. Same with friends.",95,1776655005.0
1sqdh18,oh7evlz,Very_Type_C,"My B40 30+ single ass watching kids talk about their breakup stories on r/Bolehland (my mortgage is due in 10 days).

![gif](giphy|tyqcJoNjNv0Fq)

Edit: Oooofff",43,1776660329.0
1sqdh18,oh7akvk,ShahLeClaire,"Everyone's brain is wired differently. It can be so different that it'll be nearly impossible for others to truly appreciate what you think or feel. People tend to generalize without thinking about how the nuances can build up to affect everything. So yeah agreed, don't have to think too much about what others think. Agree to disagree and move on.",20,1776658329.0
1sqdh18,oh7i2br,Firm-District-9023,"Love is enough even if you’re broke, stupid, still figuring shit out but you have someone who’s willing to go through the hard times with you and stay with you through these hard times then you know it’s the right person. I’m with my girlfriend for 6 years was it all easy and lovey? No we have our own shit to figure out and also relationship shit to figure out but if you have someone who’s willing to go through it together that’s love cause it’s not going to be easy all the time and to be with someone who goes through shit that’s not even theirs to deal with in the first place it’s love cause why the hell would you deal with problems that aren’t even yours? Cause you want to help the person you love get through it and they will do the same for you :) sorry OP there will be someone there out for you",6,1776661852.0
1sqdh18,oh7itka,lilylah,"You just have to becareful on your next relationship. My ex broke up with his ex of 3 yrs even when they loved each other as apparently they’re “incompatible” 

They stayed close friends for the next 5 years and tried to get together again but she gave up on him for not putting same amount of effort. So she just left him out of the situationship.

He got together with me couple yrs after while still being close friends with her cuz they “loved each other” and “no bad feelings” 

Told me theres nothing when hes obviously very much hung up on her. Broke up with me and got together with her again. She didnt know i exist.

My point is, as long as u know your boundaries. I might be projecting a bit but just sharing what happened to me.",5,1776662225.0
1sqdh18,oh7gaa2,jacobcrackers14,ahh another kydae and Tenz wannabe eh?,3,1776660996.0
1sqdh18,oh7x3t9,BLim90,"Fuck love , honestly. This word is too much of an umbrella term that covers basically anything and everything the light can touch.

In relationship , go for appreciation and respect. And make sure it is mutual.

At the end of the day, if your subconscious can't spin up anything you deeply appreciate or respected about your partner , it is just a battle of attrition and see which one of you gave up first.",3,1776669675.0
1sqdh18,oh8azgd,TheStranger234,">Humans are complex and not black and white. Just because it doesn't work out, doesn't mean they don't love you.

The sooner we realize that, the better. Good on you brother.",3,1776677583.0
1sqdh18,oh7bv2v,Neither-Ad-3759,"It's funny that you didn't really explain what does social media has anything to do with this.

Are you trying to say because of social media influence, so people are inclined to believe if things don't work out, it's because there isn't enough love? If so, why?",4,1776658921.0
1sqdh18,oh7nyje,AbysmalJoker,"So many different perspectives which is good.
Meanwhile, my only takeaway or rather understanding is that OP needs better friends. The friends don't have listening skills lol. 

Most times, listening is all a person or any person needs and most of us have shitty listening skills. Really.",2,1776664816.0
1sqdh18,oh7enis,Alternative-Ad8451,"Love cannot let go I assume. 1 will get hurt.

So u both just like each other only. Nothing deep.",4,1776660223.0
1sqdh18,oh75f68,tunkameel,"clearly your friend who said that have barely any knowledge bout love. love and heart is one of the most complex topics. it's beyond logic and rational. that's why sometimes, in rare cases, when a person truly loves someone, they have to let em go.",1,1776656087.0
1sqdh18,oh7e1kw,Jaded-Philosophy3783,social media has always been a bad influence in most aspects,1,1776659937.0
1sqdh18,oh7f8vc,leeheisenburg,"Sometimes, if you really love someone, you have to set them free.
On the same token, people stick together for all kinds of reasons,  not because of true love.",1,1776660502.0
1sqdh18,oh7hymf,Due-Base9449,"The normal SOP when a breakup happen is for people you know to always blame the other person, of course they not gonna blame you and said you are the wrong party. 

But yeah, sometimes things just don't workout. There's no blame to have, every individual should do the best for themselves.",1,1776661802.0
1sqdh18,oh7j7m1,livingpotato077,why fall in love? this is just limerence... *munching the popcorn*,1,1776662418.0
1sqdh18,oh7n05l,Ferretukas,are you two still friends?,1,1776664327.0
1sqdh18,oh7n2jm,kittycattack,"My husband was the same. I asked him what would he do if one is unhappy for long term in a marriage. He said no matter what married couple must stay together. I was shocked and told him that if I were unhappy after exhausting all options, I would most definitely exit, seek divorce. I wouldn't want to stay married just for the sake of it, love alone isn't enough to sustain a meaningful and healthy marriage. I think he's changed his perspective a bit since then and I can see his effort to change and become a better person.

I think it's a matter of no one telling us that relationships are messy because humans are definitely complicated beings. Nothing is as black and white as we often see in socmed.",1,1776664362.0
1sqdh18,oham6m0,unseen_fortune,"She can love you and choose not to be with you. I learned the hard way bro when her father didn't approve me due to being prejudice. We were forced apart, no cheating, no betrayal and no villain to hate. 1 year she did not give me closure, it left me hanging. This early April she said she will get married soon, my heart shattered. That's when i berpijak dibumi nyata. Right now I'm still trying to move on from someone who once meant dear to me. Battling with everyday intrusive thoughts and it drained me.",1,1776705717.0
1sqdh18,oh72ohm,Bandit-Bunny-7727,"The counterargument would be, if she really loved you, she'll make it work.

Stop kidding yourself OP, maybe there are moments you felt it, but it's not enough to sustain the relationship. 

Stop looking for excuses, accept that it is over and move on at your own pace.",-3,1776654955.0
1sqdh18,oh7hwf8,HolyNoob299,"Maybe I'm old fashioned, but the word ""love"" carries a heavy weight. Love should be something life long and if you love someone it means doing whatever it takes to stay together for life. Hence, you both never had love, it was only an infatuation and genuinely enjoyment of each others company from the circumstances. 

But kudos on both of you to be able to go your separate ways cordially.",1,1776661771.0
1sv9ofi,oi6nd65,KageEx,God damn that made me chuckled,13,1777118339.0
1sv9ofi,oi6lah6,queb74,Semat ooo,22,1777117482.0
1sv9ofi,oi6p87g,Haunting_Control6006,damn,7,1777119086.0
1sv9ofi,oi6qguf,Consequence_Green,![gif](giphy|udmx3pgdiD7tm),5,1777119574.0
1sv9ofi,oi6vgoj,BF4_medic,"Remind me to this old meme

https://www.reddit.com/r/Bolehland/s/X02sirW4Ad",3,1777121465.0
1sv9ofi,oi6xiuo,KamenCrafter,"Wau anda sangat kelakar, mari saya berikan undi-atas",3,1777122202.0
1sv9ofi,oi6mr6w,expectstupidreplies,salah dap,5,1777118093.0
1sv9ofi,oiadyei,NasiAmbengAmriYahyah,و,2,1777160747.0
1sv9ofi,oi6kqkk,ck4828,Layang layang,3,1777117247.0
1sv9ofi,oi6vjni,Icy_Prior_9628,wau,2,1777121496.0
1sv9ofi,oi6una5,Traditional_Bath_810,![gif](giphy|6tip1JMRXM8YIsylt7),1,1777121167.0
1sv9ofi,oi6xwfs,Conscious_Law_8647,is it jonathan?,1,1777122335.0
1sv9ofi,oi77124,ApprehensiveDuck1592,Wau,1,1777125407.0
1sv9ofi,oi7h9n4,AGE555,![gif](giphy|QJsP0cTAJhg7O47ub2),1,1777128546.0
1sv9ofi,oi8fzdo,Comfortable_Look6261,![gif](giphy|Qp3E2T73LKKypb5UCU|downsized),1,1777138680.0
1sv9ofi,oi6jwei,ingram0079,![gif](giphy|am6fnSyoogf8aNG0qY),-8,1777116886.0
1smwio3,ogha8cv,Complex-Anxiety-5264,Ayam gonna add that to my dad jokes,53,1776324690.0
1smwio3,oghbnfi,Tzwei_wansui,pun is also a malay word for also,18,1776325475.0
1smwio3,oghguw9,generic_redditor91,"Motherfucker...

Good one.

I still hate it",9,1776328326.0
1smwio3,oghfqkj,mandzakic,Badum tsss..,4,1776327708.0
1smwio3,oghm7kk,Accomplished_Steak14,"https://preview.redd.it/txdoj6zpsivg1.png?width=326&format=png&auto=webp&s=68f52c1b1c938660c486d2bcc65959ba124389de

I was like what is the joke... then I remember I used high contrast mode",5,1776331260.0
1smwio3,oghddio,TimeToChangeTheName,Made me chuckle ngl,4,1776326422.0
1smwio3,oghi4t3,Educational_Sale_731,r/angryupvote,4,1776329029.0
1smwio3,oghfmh2,raiken92,Dad? Is that you? Lol..,3,1776327646.0
1smwio3,ogiaxep,chinesefriedrice,i see someone is suffering from a pun-yakit,3,1776341980.0
1smwio3,oghjqbd,syukara,should be al-be-ikhlas,2,1776329902.0
1smwio3,oghnn72,SL0WRID3R,De-Kath-Lon.,2,1776332038.0
1smwio3,ogjlv6b,Yukaeshi,Omg I love this,2,1776355441.0
1smwio3,oh02adl,Traditional_Bath_810,![gif](giphy|kc0kqKNFu7v35gPkwB),2,1776562956.0
1smwio3,oghftvq,adam20101,Expat or immigrant,3,1776327758.0
1t2ax04,ojmi9k7,Visual_Government124,"Yeah i also wouldn’t be able to stay hard if the girl act like that, even im horny af. 

If i know it’s her first time, i wont booty call her unless we have chemistry or crush on each other.

But at least you should give her finger or lick her.
That’s what i did before.",61,1777781720.0
1t2ax04,ojmhnnf,LordCustard1011,"I think you did the right thing. I wouldn’t be able to enjoy it if I’m in your shoes too. I think you guys were having different expectations on the outcome, and I also think she’s struggling with some internal struggle about hookup culture. I think you dodged a bullet, if anything.",109,1777781454.0
1t2ax04,ojmslwh,VeggieToe13,"I think its just she’s awkward about these things, and you being you, expect things that you’re accustomed to, so you expect recopricity. But to her this is extremely taboo stuff, she wants to try it but she doesn’t know how or what she wants. You being the experience one should tell her what to do, as her effort rn which is wayyy beyond her comfort zone is even wanting to try this w u.

So to her rn, she’s thinking that you’re an asshole for giving her hope, but ended up making her feel like an idiot twice.",37,1777786606.0
1t2ax04,ojmm8ya,Proquis,Move on la,12,1777783518.0
1t2ax04,ojmkpsg,extra7799,"She never find you again, maybe after 4 5 years, or maybe forever, and you will know she married to other guys, just move on",10,1777782822.0
1t2ax04,ojmu3b2,appple23,"Bro to be honest, you escaped a non consensual rape case, although she was willing and said yes, any further attempt of which could've made her feel like ""I was manipulated and was hesitant,then he continued on"".

Man, you really dodged a bullet, sorry for the heartbreak from the ex bro, time heals, take care of yourself and

Don't stick your JoyBoy in crazy bro.",16,1777787352.0
1t2ax04,ojmxi6q,Dramatic-Visual2932,"and suddenly she's the one who is problematic when she started giggling then you refused her immediately when she's ready..idk,you're 34 but somewhat you don't act like it,if you knew she don't have any experiences then you should had know that this thing takes time lor",11,1777789099.0
1t2ax04,ojmpoez,SkyIntrepid7848,"Just curious; how and when did you met her? She probably has a crush on you for years (thats why im wondering how and when you guys know each other and stay connected)

Respect to you that you can still think straight although you are horny and your intention was to hook up with her, most guys would just do it for their own satisfaction. What you wrote usually come in post-nut clarity 😂

I think you might made a right decision for calling it a night as you said she was conservative, she prolly expects you to be her boyfriend if you guys end up doing it.",6,1777785136.0
1t2ax04,ojn6or3,moysh85,"I would say you could just jerk her off, no Piv required. It's a selfless thing to do, give and not receive. She stays a virgin, gets off and you keep a friend. What you did was still (imo) the second best thing to do in the scenario.

But.. no point feeling bad over spilled milk now. Time to let it go.",4,1777793925.0
1t2ax04,ojnv73o,Verne5000,"Sounds like you didn't actually hook up. Had an awkward encounter and left?

Good on you not being her first, that needs to be special especially for a woman.",4,1777806846.0
1t2ax04,ojnecgc,Polarisu_san,dont listen to the guys saying youre inexperienced. you made the best possible decision by being considerate. this could almost be a rape case.,3,1777798071.0
1t2ax04,ojmirtk,strangequbits,"The way i see it, the problem is not you, but her.

You kinda dodged a bullet here.",6,1777781946.0
1t2ax04,ojn2n6g,hippo_campus2,"Honestly, sounds like a skill issue from your side. You were impatient with her. 

She even said she was wet and tempted. That's a green flag. 

You just had to be patient and wait for her to open up more. She's trying to get used to it. Instead, you got mad that you couldn't get pussy and wanted to go home? If you couldn't get pussy that night, just chill and wait for other days la. It takes time.",5,1777791764.0
1t2ax04,ojmncs7,joohanmh,"To me, you have dodged a bullet. You might have hard times (no pun intended) if you continue to be with her. Just move on.",2,1777784029.0
1t2ax04,ojmpcxy,sikepanda,"not FU, best outcome of the situation",2,1777784981.0
1t2ax04,ojmt8cl,No_troller,Whats a booty call?,2,1777786920.0
1t2ax04,ojn9o9c,maderfarker7,Just put it in la talk so much for what.,2,1777795515.0
1t2ax04,ojnk6c9,sushichirushi,"I’ve had this happen before (except I’m the girl). I think at this point what has happened has already happened and since she has already reacted this way, all you can do is move on from this experience and take it as a learning curve. The only thing you can do is to maybe drop a text saying you’re sorry it turned out this way and hopefully you guys can still be friends so there might be a chance she’ll see it if she unblocks you. If not just move on. I know opinions are divided here questioning your experience and dominance in bed, but to me if the sexual compatibility isn’t there then there’s no point forcing it. If you’re not in the headspace to carry on with the act you can just magically get in the mood. For me, it’s like a switch that turns off and I don’t wanna continue.",2,1777801278.0
1t2ax04,ojnkkvj,thisinfinitebath,"On the other hand, you're able think with your big brain instead of the other so kudos on that. She's inexperienced and it's your responsibility to guide her patiently and slowly even if she feels awkward or unsure. Communicate, ask her for the go or no go, or even a safe word to use. If it's her first time, you have to focus on her and not you.

Anyway, the ship has sailed. Learn from your past experiences and reflect what you could've done better. You're a grown man.",2,1777801491.0
1t2ax04,ojojzfc,EndOptimal5440,"Somewhat guessing with you mentioning that you both met on Valorant and she’s likely used to being an egirl, aka not much real experiences as well. She could might as well be getting most of her sexual fantasies off online, it could be porn or those borderline sexual tension scenes (anime or kdrama or cdrama etc etc). From what you described she seems shy and deflective and idk if it’s a learned trait from online to go all hehehe nonono. Of course just adding some thoughts into this thread, I don’t know her either. Good call on not proceeding when consent isn’t rightfully established though. I have ran into situations where both friends got drunk and hooked up but one regretted that the other wasn’t interested in her besides hooking up. She then cried rape to us other friends and that’s when the guy got into trouble.",2,1777816183.0
1t2ax04,ojmifto,Ill_Vacation_1791,Forget it and move on,3,1777781797.0
1t2ax04,ojmitgn,AxileVR,"Issue is on her side I feel, you've done nothing from based on your post at least.",4,1777781966.0
1t2ax04,ojmj8xq,EverSoInfinite,"Try again OP. 

But this time, figure out what **you** want : friends or sex. And TELL HER. 

After that, either she'll decide sex or no contact. Conservative women are very direct this way. Almost no games.",3,1777782157.0
1t2ax04,ojmu6g7,TempoMinusOne,"Skill issue, and I’m talking about you bro.

She’s shy, awkward and inexperienced, so naturally she’s expecting you to take the lead and show her how it’s done. With all your big talk you should’ve realised that she was expecting you to be the one leading?

Why are you approaching this like a 50-50 is beyond me, she’s basically begging you to dominate her and you simply didn’t deliver.

Yeah, I’d be fucking disappointed in you too.",6,1777787396.0
1t2ax04,ojmxgas,Proud_Counter_1370,Luckily she reports you for harassment or rape,1,1777789073.0
1t2ax04,ojmze9z,nomubber,have you made sure dia pakai tudung tak time dia bogel?,1,1777790079.0
1t2ax04,ojnbzdw,InitiativeFun3130,Most guys have this issue. They don't care about her satisfaction. You could've atleast made her finish and done whatever you wanted. I'm against you in that man,1,1777796779.0
1t2ax04,ojnitmh,Moist_Specific_300,"You did the right thing. General rule when it comes to consent - it should be enthusiastic on both sides. She seemed hesitant and confused. If you continued you might have confused her even more and that could have backfired on you. She needs to have sex with someone she's enthusiastic about, when she's ready, whenever that day comes. I'm sorry it wasn't you, but again, you did absolutely the right thing. You didn't mess up. You'll find someone else down the road.",1,1777800539.0
1t2ax04,ojnomqh,Traditional_Bath_810,![gif](giphy|LyJ6KPlrFdKnK),1,1777803628.0
1t2ax04,ojp5c4s,rosynosyperson,Did you finger her and did she moan? Something is telling me you didn’t do the foreplay right…poor girl getting humiliated twice.,1,1777822478.0
1sr2t66,ohcbvl3,DisastrousSeesaw2751,"When I was 8-9, my dad got possessed with some spirit. I don't believe in ghost but nothing can explain why my dad was behaving weirdly.

It all started when we moved to a house in Melaka, this housing area was very very close to an old army base. There were rumors that the area is very haunted but we didnt take it seriously. My dad is very anti-religious. We never do house warming prayers when we move. 

Moving on, there's a weird red cloth tied as a ball right on top of the back door. One day it fell off, my mom just thought it was some good luck stuff the old owner had left and threw it away.

Thats when It started, sharp at 9am every day, my dad would lay on the ground and just spit at my mom. The spirit was extra friendly to me tho. If my mom yelled at me, my dad would throw things at her. 

He would usually go back to normal around the evening 5pm or 1pm and wouldn't remember what he did the entire day.

We decided to tell the owner of the house about this and he brought us to some indian shaman but he wasnt too powerful. Whatever ritual he does, would only work for 1 hour or 2 then my dad is back to laying on the ground and hating my mom.

So we then, heard about this muslim prayer man. He's very powerful and can see things others cannot. He says that the spirit inside my dad wants him to know that his wife cannot be trusted and she will betray him. The spirit also wants him to know that i have a good soul. So this kinda explains to me why that spirit hated my mom.

So, they did some prayers and then he would cut 9 limes and pray to them then tell my dad to bath. He even gave us some limes that were prayed on and we were to cut them up to many pieces and throw them all around the front of our house.

So my dad visited this muslim prayer man for like 5 times, the final visit, we're coming home, its 10pm, something like a dark shadow runs out of our house as fast as possible. It was running on all four legs. All of us saw that and nobody can explain what it was. 

So 1 year later, my mom does betray my dad and leaves our family. My mom was never present when my dad went for those muslim prayer man's sessions. So its a bit unexplainable and weird how that spirit knew this was gonna happen.

After this incident we moved away and have been staying in KL ever since. No more ghosts here",65,1776723842.0
1sr2t66,ohcti1w,Miserables_Death,"One of my primary teacher once shared one with us.

 Basically he and his friends were on a school camp event. Late midnight, everyone was sleeping in their camp and his camp one of them wanted to go have a piss, so that dude woke him up to go with him cuz its like dark and all trees around the 2 others in the camp woke to and decided to join them so 4 of them  went out to piss together.

 They went a little deep into the forest, pissed and on their way back they felt like someone was calling them in an eerie voice, they didn't dare to look back bcuz the old ppl always say that if u hear this sounds and look back the ghost will follow u home being piggyback by u or make u lost trapped in the forest to stay with them. At a point of the forest was a clearing with lesser trees they all saw like a women in red dress sitting on top of a tree branch staring at them and pointing downwards.They were scared and went back to camp and got noticed by the inspection teacher and told the teacher. Apparently the teacher called the police cuz he dunno who else to call too. But the thing is when the police inspect the place they found out there was a weird lump next to the tree and digged it. They realize something was buried when they used the machine and thought it was some kinda metal stuff and they found a body there with the same red dress and a knife. It was later said that a man murdered the woman for a reason I forgot and also the school told them to keep quiet abt that incident too.",31,1776730008.0
1sr2t66,ohcwvvz,Miserables_Death,"Another story is from my mum. She was around 20+ and just came out of kampung to work in kl after graduating from a HR uni. 

She was living in a rented house with 3 other girls around her age and they have a lot of these dolls that they put on the bed and hug around when inside the house. Its all quite normal until one of her friend got sick and they went to different clinic and stuff but dunno what happen. So my mom and the others went to a temple, the sick girl was with her bf taking care of her. When my mum was walking up the stairs to the temple on top, a monk suddenly stopped them and said the master want to meet them. They were bought to the side which is where all the monks are and some that live temporary there and invited to this back room there behind a big Buddha statue and the old master was sitting. He told them they were living with evil spirits inside their house and after he gathered a few other monk and did some kinda ritual. The master than described the whole house my mum and friends rent with all the details too and found out the evil spirits was from these few dolls on the bed with those big black eyes, those with that plastic pearl-like eyes. It was a minnie mouse doll of my mum and other 2 was the sick friend doll

He gave my mum some talisman and instruction on how to burn them with the doll at night which my mum and friends did immediately that night. They also burned the other dolls just in case. The next day the sick girl was sent to the rented house by his boyfriend and completely healed. Apparently my mom has never ever bought any doll  and also any toys with those bead eyes for anyone till now. Like in shopping when she sees those teddybear dolls with the bead eye, she literally walks away staying  far from it.",28,1776731238.0
1sr2t66,ohcz4im,miunaki,"When I was younger I was very brazenly ‘not afraid of ghosts’ and used to brag about it stupidly. Lived in a small apartment with family. One night for no reason I saw a pair of legs from the knees down (nothing above) walk out the window. Cried to my parents and they scolded me and told me off. Then when we older we moved to another apartment. Lots of freaky shit happened. My brother claimed something was sitting on him when he was asleep and home alone. Shortly afterwards it happened to me. Only once and never again. Once saw my mother hanging laundry in the bedroom and she turned around and smiled at me. Walked 2 steps to the living room and she was chilling there. Used to feel extremely unsafe in that place when I was home alone and all the lights were on, which would occasionally turn off if I went out and came back. Mother was once on her bed chilling when someone just blew into her ear. She’s anaemic and very cold sensitive so no windows were open and no fans were on. Around the same time our dog who was sleeping under the bed suddenly cried and ran out frantically.",20,1776732046.0
1sr2t66,ohd1vmx,Chingro88,"My experience one time was at home. Watching TV with my dad after he just beat me with a belt (can't remember from getting poor academic results or fighting with my siblings). Plenty of resentment after the beating. As the TV was playing, there was a black fog that came and obscured my vision. In the black, I saw only eyes and teeth telling me to grab a knife from the kitchen and to go ham on my dad. I was hesitant but was offered to be guided how to (to be possessed). Then I suddenly felt I was being shaken and the fog cleared, I saw my dad shaking me. Apparently I had my eyes open and was twitching quite a bit. I didn't know this till my mom told me years later but my dad thought I was having a seizure and from then on didn't beat me",21,1776733005.0
1sr2t66,ohclvbu,nablp,"Happened to a friend of mine. We went out makan after work so she reached home later than usual. She lived with her parents. Turned out her sister's family dropped by for a short visit. When she reached the gate, her then 5 year old nephew ran out to greet her. While he was tugging on her hand like little kids do, he casually asked, ""Why is your friend sitting in your car? Ask her to come in"". She drove back alone. She quickly brought the kid inside.",34,1776727299.0
1sr2t66,ohcoxa4,robintoots,"One time when i was in primary school, me, my sister and her friend were hanging out in my sis's room, it was around noon/around the time office people go lunch during friday, and my mum usually would go home during lunch friday. So when it came to the time my mum needed to go back to office, we salam2 her and i went to lock the door after her. Than around 10-30mins later *sis went out of the room and she screamed, right. So we went out and turned out my mum was in front of the mirror in the hallway, getting ready to go back to work.

So naturally we were like ""aik bukan mama dah keluar ke tadi"" then my mum said she had not gone out yet, she was in her room the whole time. So me my sis and her friend just woah okay so that happened, and we let it slide. Dont know if mum was pulling our leg or whatever but yea",35,1776728378.0
1sr2t66,ohcy3m9,notlucienlim,"Before the age of 7, I always saw people in mirrors, not any reflective surface, just mirrors. They would look like everyday people you would see on the street in normal clothes, and would not interact with me even if I tried to talk to them (e.g., bump the glass, say hi). I always recognised that they were spirits, but I thought it was normal because I grew up watching cartoons like Danny Phantom and Casper.

Eventually, I told my mom about it and I still remember she was so shocked and made a big deal about it. She is religious and she brought me to a pastor for ""healing prayers"". Ever since I told my mom about it, I never saw anything or anyone unusual in the mirror again. To be clear, these sightings stopped after I told my mom, and before the prayers.

  
Looking back, I believe its more likely I just had a really active imagination, but am not closed to the possibility of it being supernatural.",15,1776731681.0
1sr2t66,ohd926l,Serious_Possible_920,"it was in apartment ria at genting highland, 2006-2007 ish my mum rented her boss vacation home there for a family trip, i remember the apartment was sunyi not many people there and have this weird sensation in the air, this happen when i was shitting (not joking) the toilet face the toilet door, there was a chopstick used to lock the door since the original plastic lock is broken and i shit you not i saw the chopstick moving (in an unlocking way) slowly until it eventually falls, never wash my ass as quick as i did then and bailed",15,1776735584.0
1sr2t66,ohdt7ea,Open_Boysenberry_955,"When my cousin was a toddler (like barely 2 years old), he had this weird “talent.” He could identify any car on the road. Not only brands but models too. ""That one Toyota Vios, that is Honda Civic, this is Proton Waja,” like nothing.
My uncle and aunt said they only let him watch normal baby shows, nothing car-related.
But it didn’t stop there.
He started pointing out parts of cars too. Like, if my uncle’s car made a weird noise, he’d say things like, “That one got problem already,” and he’d be right.
We all thought maybe he was some kind of savant.
Then it got… strange.
He started talking to an imaginary friend named Chandru. But imaginary friends are normal, right? But this went on for months. And the way he talked wasn’t like a kid roleplaying.
One day, my aunt heard him talking in his room:
“Chandru, you stink. Go away.”
“Why are you crying again? Just go see a doctor.”
Curious, she asked what Chandru was doing.
My cousin just shrugged and said,
“He’s standing there… bleeding from the head. Crying again.”
That’s when things got serious.
She started asking more questions, gently. Piecing things together.
Apparently, my cousin and Chandru worked with cars. Something like a workshop or detailing place. They love cars, always going on joyrides together.
Then one day, they got into a bad accident.
“He drives too fast,” my cousin said. “Always like that. The car went into a ditch.""
My aunt tried asking where this happened, anything specific but the answers were vague. Like he knew, but couldn’t fully explain it.
Over time, my cousin stopped mentioning Chandru. His “talent” to identify cars disappeared too. He grew up completely normal and doesn’t remember any of it at all.
But we still wonder what actually happened.",10,1776743073.0
1sr2t66,ohdnwf0,Freemangoo,"In the late 2000s, my work required me to travel frequently across different parts of Malaysia and staying in hotels became part of my regular routine. There was one particular hotel in Shah Alam that left a lasting impression for unsettling reasons.

On the first night, at around 2:00am, while I was asleep, I felt someone tapping my hand and heard a woman’s voice murmuring something I couldn’t understand. This continued every night throughout my five days stay. I reported it to the front desk, but unfortunately,no other rooms were available.

After checking out and driving south, I was involved in a serious car accident that resulted in my vehicle being written off. Thankfully, I escaped with only minor injuries. Looking back, I’ve often wondered whether the incident was due to fatigue from being repeatedly woken at night or something more unexplainable.",9,1776740962.0
1sr2t66,ohdx66r,helloszeeeeee13,"a few from my aunt, kinda seram: 

1) 30ish years ago, her high school organised one-day-trip to p\*s malaysia hq. not sure why the air cond that day was blasting extra cold air, and light was extra dim. anyway, a bunch of female students were scrambling to take a group photo at one of the walkway, teacher waited the walkway was empty and took a few shots. that time was still film camera ok. few days later, teacher came back with the photos, they saw there was a figure, full face covered by hair, sticking between 2 students. 

teacher recalled the walkway was empty, and 2 students recalled there was no one between them. my aunt saw the photo, not sure how she slept that night. they burn the photo at one of the chinese temples near petaling street btw. 

2) i think i shared this somewhere before, but here goes: it was right outside of my parents house LOL

fast forward to 10+ yr later, aunt married and have 2 berry cute sons. the same aunt usually OT til like 7pm ish, hence she usually dropped by at my parents place for dinner and to pick up her son (my parents live with my grandma). around 8 ish, her 3 y/o son stated nagging <fan ook kei> (means go home). so my aunt scooped her son and left the house. she parked her avanza right opposite of our place, literal one jalan in between. 

while securing her son on the child seat, mind you, she was facing her son, and her son was looking behind her. 

her son, out of no where, blurted out <nei zhou mat yeh>. which means what are you doing. my aunt said securing seatbelt. and again, her son repeated <nei zhou mat yeh>. this time, my aunt abit annoyed and wanna hantam her son d. but when she looked up, her son was not looking at her, he was looking behind her, and repeated <nei zhou mat yeh> again. 

walao my aunt thought it was some robber, but there was no one behind. and her son, again, looking behind her and repeated <nei zhou mat yeh> 

she slammed the car door so fast and dashed to the driver seat. blasted ultraman song and speeded home lol.",9,1776744754.0
1sr2t66,ohcpd90,sypherica,"I'm kinda born ""protected"", so shit never happened to me but always to those around me.

My sister experienced so many. She shared a room with me throughout her childhood and teenagehood. Our cupboards were beside one another, and on top of the cupboards, there were luggage bags. There is still some space between the top of the luggage bags and the ceiling, enough for an adult man to be on all fours. One night, when I was asleep, my sister said she saw something crawling on top of the luggage bags. It screamed ""bagi aku darah!"" or smth to her, and she got so scared, she ran out of the room. I was still there sleeping 😐 The next day she got her period...

In my college dorm days, there were 4 of us in one room. On weekends, one girl would usually go home so that leaves only 3 of us. One weekend night, apparently something(??) happened and the other 2 girls got so spooked they left the room. I was there sleeping once again 😐 I woke up next morning to the room door wide open, chairs knocked over, books and papers everywhere on the floor. I found my roommates in the next door's room. They never explained to me what happened except it was very scary and they were chased out (????). Bruh... meanwhile I was there having a perfectly restful sleep 🤦‍♀️",20,1776728534.0
1sr2t66,ohcsiut,muddie83,Heard a woman singing happy birthday behind my house at 2am. Opened window and there was no one.,8,1776729651.0
1sr2t66,ohdyfrp,Repulsive-Bed-3505,"Back when I was 17 or 18, I was a night owl. My routine was basically staying out until 3:00 or 4:00 AM every night, just lepak at the CC or the Mamak with my friends.

The vibes around my house were already a bit scary or we call keras. Right in front of our gate is like hutan overgrown area (a power substation zone), the house to the left was abandoned, and the house to the right was a Buddhist prayer altar. It always felt like someone was watching.

One night, I got home around 3:00 AM. As I walked toward the stairs to head up to my room, I glanced toward the kitchen. I clearly saw my sister standing at the sink, washing dishes. I remember thinking it was weird for her to be doing chores that late, but I was so penat and sleepy that I just dont mind it off and went upstairs.

My bathroom is connected to both my room and my sister’s room. I went in to use the toilet and reached over to close the door leading to her side.

My heart absolutely dropped.

Through the gap in the door, I saw my sister sound asleep in her bed, completely passed out. I froze. If she was up here sleeping, who did I just see washing dishes downstairs?

I was so terrified that I didn't even pee. I bolted to my bed, pulled the covers over my head, and prayed. Luckily, whatever it was didn't follow me up.",8,1776745317.0
1sr2t66,ohdz70u,Tatsumonkey,"Screw you guys, no one is getting sleep tonight!",7,1776745656.0
1sr2t66,ohebouu,Nafeels,"I believe I shared this story before but anyways,

During PKP season, some unis throughout East/West Malaysia during this time “forced” students from outside the state to study in-campus even though it’s online only. We Borneo students had to return, which meant the campus was empty for the most part. 

Cue me going nonchalantly to the faculty hall to refill my water bottles at 4 AM like I usually do many times before. A place usually lit by lights and students was unusually empty, dark, and quiet this time. Was wearing headphones and blasting some metal songs while filling up, when I heard a faint singing in the background. I wondered if it’s just my imagination so I did the mistake of unplugging my headphones and now a singing female voice can be clearly heard. I froze a bit before I ran while reciting Ayat Kursi loudly, and the damn thing was still singing loudly throughout which only stopped as I left the hall. 

Luckily the next 10 min walk to my dorm went without further incident.",6,1776751644.0
1sr2t66,ohen10f,Tiny_Cucumber_2293,Enjoying the stories in this thread...any one here who goes for ghost hunting? I am from KL,6,1776757893.0
1sr2t66,ohcgv0n,Conscious_Law_8647,"She didn’t like my enthusiasm about my Hot Wheels collection.

https://preview.redd.it/7n76lskadfwg1.jpeg?width=3024&format=pjpg&auto=webp&s=eb5e597038b6234126f347647d6a25937ae1c5ff",18,1776725564.0
1sr2t66,ohc24s6,Exact-Boysenberry161,"i saw a ghost looked like casper. that thing height was around 7-8 stories building. because of the funny look, i wasnt scared. the thing followed our ferry and it happened like 15mins",11,1776720677.0
1sr2t66,ohc4ubn,Long-Refrigerator-42,"Not my story but my sister's

One time she was home alone and it was around 9 to 10 pm, and she heard something in the living room and thought it was us coming back, so she went outside her room to check and in the dark, one of my little brother's toys started playing.

She promptly locked her door and turned up the volume of his earbuds until we came back",12,1776721527.0
1sr2t66,ohcht4s,Zackleh,Few days ago there was this one dude on Reddit who believes he's seeing and touching djinns. He realises they are djinns and wants to marry them.,5,1776725889.0
1sr2t66,ohdg4xj,Drunk-Foxy1738,"I was at a boarding school for 5 years. During my final year, which was the year I took SPM, there were these occurances that happened only during the night in the dormitory where student's food were stolen and the rubbish were left piled at an open space. 8 of us volunteered to try and catch the perpetrator as we thought there were people stealing food. I use people because we assume there were two person judging from how the packaging were opened, one was using scissors and the other teared up the packaging.

The investigation was held before maghrib and ended after isyak which was at 8pm or so. We were locked inside the dorms with no electricity, no backup outside the building, no adult supervision and all exit doors were locked so the perpetrators can't get away.

Long story short, they weren't humans.",7,1776738116.0
1sr2t66,ohepmot,muuhfi,Many times lol. Just two days ago I heard something humming in my office room around 2AM. My wife was sleeping in our master bedroom. I was alone in that room. There were a few humms then I said fuck it. Time to sleep. A few other times there were things falling out of the blue. All happened around 2-3 AM. But whatever man.,3,1776759411.0
1sr2t66,ohgcueg,tempebae,"In my family everyone got paranormal premium subscription except me. They can see things. I’m stuck on free trial. See shadows only.

But till today I’m still annoyed la. Like why I only get teaser trailer version? My family got premium, I get shadow cameo only 😭",3,1776783313.0
1sr2t66,ohgnxqb,Sweaty-Ad-8377,"In the year 2013, when I was still a child, my parents took me with them to visit my (mother's sister)aunt's house.She is a very kind and gentle person, I felt save with her. One night I sleeping beside my her when I woke up suddenly in the middle of the night because I have heard loud noises coming from above us. My heart was pounding, I looked above, I was shocked and terrified at what I saw above the room, a floating blackish-white ghostly figure drifting across the room and wailing. I was screaming so loud that my aunt woke up, she saw it too. She hurried to carry me in her arms and came rushing down the stairs. Strangely enough that ghost didn't bother to chase us. My other family members also woke up because of my screaming and asked my aunt why she come down stairs. She explained the situation  to them  and they believed it. I'll never forget how terrified I felt that night. 

Till now, the room is used for storage. Everybody is not allowed to go in there in midnight🚫.",3,1776786520.0
1sr2t66,ohgp178,turtleofdoomm,"When i was 4 or 5, half the kampung chased down a penanggal. Saw the damn thing hiding under a kelapa tree between the kelapas before my grandma pulled me away. When i tell people, she just laughed and told everyone it was just a durian bat.",3,1776786823.0
1mucezz,n9hulov,[deleted],"Not a woman, but honestly not talking about finance is a pretty big dealbreaker.

Y'all need to discuss this shit cause money is literally top 1 divorce maker.",184,1755592252.0
1mucezz,n9i8v6f,Ray_Hayata,"""Bag his money up"" is the single biggest most toxic piece of advice ever.

Read your comments and it's literally both of you did not discuss your finances and actually communicate on the important matters. 

You can't be telling people for so many years you have been together and you did not see this coming. You yourself are part of the problem as you overstayed in the relationship, overlooking all these major flaws.",103,1755600315.0
1mucezz,n9i4w5n,Negarakuku,"Wow, so you have shifted from one extreme to another? Bag his money up? Lol.",97,1755598253.0
1mucezz,n9i9rho,Der_Redakteur,"those words. hmm idk if I can agree with ya. Teaching girls to be a gold digger? Then you said not all men are like this? which one is it? You said not all men are loser like the person you married with, but now you want every women out here to be a gold digger just because you married a loser? Idk if I can support you on this. Yeah your man sucks, even asking for a formula he gets mad. But now you want us men to deal with potential gold diggers women after reading all of that just because of your mistake? hmm idk man. Sorry for you though.",25,1755600751.0
1mucezz,n9juicd,jackystyle51,"TL;DR: OP thought her marriage would be like Snow White, but reality didn’t come with a fairy tale ending.

Just another case of bitter women giving bad advice to other women—truly a classic.
Instead of reflecting and taking accountability, it’s easier to blame everyone else. Because let’s be honest: watching a woman take real accountability is rare. Somehow, it’s always someone else's fault.

Let’s call it what it is: He was a deadbeat from the beginning—and you knew it. But you ignored it because he made you “feel” good. You didn’t fall for lies; you fell for your own fantasy. You romanticized his incompetence and called it love.

“I was lied to for 20 years.”

Seriously? Either you were unbelievably naive, or he deserves an Oscar. Either way, it doesn’t reflect well on your judgment.

“My friend got $1k a month in alimony and they got no kids.”

Cool story. That’s alimony—not child support. Two completely different legal concepts. If you’re entitled to child support, pursue it. But confusing the two is on you, not the system.

And then there’s the “bag his money” talk. Honestly? That kind of thinking is what leads young women down the wrong path. Instead of chasing wallets, maybe start by choosing a better man. A decent man will spend on you willingly—you won’t have to “bag” anything. No matter how you spin it, it still looks opportunistic.

Start preaching recognizing actual red flags instead of this shit. That’s not empowerment—that’s immaturity. And you're reacting with your feelings not with your brain. And hey, the real victim here? Your son. He’s now stuck between a deadbeat dad and a mother who refuses to own her choices. That’s not strength. That’s negligence.

To the women listening to this kind of advice: Instead of learning how to ""bag his money,"" maybe learn how to choose the right man in the first place. That’ll save you a whole lot more pain—and self-respect—in the long run.

Also stop saying ""my truth"" no such thing exists. There's only 1 truth.",25,1755619625.0
1mucezz,n9httuv,[deleted],"OP married a bum

https://i.redd.it/wfda4e4prxjf1.gif",142,1755591777.0
1mucezz,n9i4iet,Dear_Archer7711,"1. Get with a lousy man
2. Get pregnant without securing finances
3. Divorce and encourage gold-digging
4. ???
5. Profit

Time and time again women choose to get with losers and then complain. Of course financial security is important. You made a very poor decision to have a child  with this man. A man who loves you will not even let you walk away. 

Your comments make you sound like you are irresponsible and have very little accountability in the matter. But it takes two hands to clap. Your entire post reeks of greed. That is why you are not receiving the support you are looking for here.

I’m sorry this has left you in a bad place, OP. Yes, your ex is by far a dipshit fuckwit. But you have an equal part accountability in dating the guy, marrying the guy, and then deciding to have a child with the guy. Love can supersede money, but love is also conditional, which I’m sure you’ve come to learn. I know you are upset, and you feel cheated out of your time, effort, youth and maybe even your money. I’m sorry you are going through that. But you are the sum of all your actions, and now you have to face the consequences of those actions. 

Don’t let this experience turn you into a misandrist gold-digger. Once you do, you will forever lean into the pain and anger that you are feeling right now and you will never break free from it. Your child will suffer, and so will you, and your ex will still be who he is without you.",86,1755598047.0
1mucezz,n9hwbrf,Imaginary_Rest_7029,"U know whats smart? Dont think u know better than others when u have failed. Its delusional that woman who divorce somehow think they know better than others. 

Its not hard to find a responsible ,hardworking man who also is able to love.",48,1755593316.0
1mucezz,n9j5mu4,nightfishing89,"I was actually in a pretty similar situation as you. Married for a decade, together for almost 20 to a man who didn’t turn out to be the man I thought he was when we first got married. He was abusive in all aspects — physically, mentally, verbally, emotionally and worst of all, financially. He took out loans in my name which amounted to half a million due to a gambling and drug addiction, took off with another woman and left me high and dry to pay off everything. And yes, to be a single mother with no form of support whatsoever. Heck, he hasn’t even bothered seeing the kids for years now. They don’t even remember their father anymore. 

The only takeaway I have from this bitter life experience is that it is important to self-sustain. I’m glad I did not throw away my career to be a sahm so when this happened, I still had the means to support myself and the kids, even though it was tight and many sacrifices had to be made. So yes, I always think it’s wise to never be reliant on a man finance-wise. When the rainy day comes, let it be your own umbrella that keeps you from getting soaked. 

I also learned that I shouldn’t be a pushover so easily. When I found out about the mountain of debt, instead of putting my foot down that he should settle it, I told myself as his wife I should do everything I can to help him. I’m the one who bled myself dry while he got away scot-free. In fact I’m still settling some of those debts, but instead of feeling down about it anymore, I just see this as an expensive life lesson. 

I have since remarried and my new husband is wonderful. He’s a gentle soul who loves my children and treats me well. He’s younger and still building his career so I went into this relationship with full knowledge of that. So finance-wise, I don’t mind covering for him whenever he needs help and he also helps me out whenever I need it. I don’t see it as him “owing” me anything financially in that sense despite us being married. Sometimes I pick up the bill when we eat out, sometimes he does. Can’t be too calculative of who’s contributing more, etc. As long as he doesn’t put me in a world of hurt and debt like my ex, I don’t mind helping if needed. 

So yeah, I do deny him when he wants to give me something if I think it costs too much or if it’s unnecessary. Do I deserve that gift or treat? Sure I do. I am the mother of his child as well. But I feel like now is not the time for that so it’s ok. It’s the thought that counts too. I think it’s a bit toxic when you’re in a relationship constantly thinking of who owes who what. I think the most important thing is to have a clear financial goal, be realistic about how to split your finances, save up together, etc. since you are building your future together after all. This relationship did not make me any “richer” in that sense but it has fulfilled me in other ways rather than financially. 

I know I rambled a bit but hope you get the gist of what I’m saying.",10,1755612521.0
1mucezz,n9hvw3m,Think-Past-7346,"U say u self sustain with your kid and feel proud of it yet self contradict yourself by asking girl to secure the bag before anything, just goes to show that youve regretted the decision. I pity you found the wrong guy to commit but asking fellow ladies to secure the bag first is just low in this day and age of feminism, you should empower fellow ladies and show yourself as an examples that if any ladies met shit some shitty guy, just leave them and be proud and dont ask a cent from the shitty guy cause ladies can still make it without them, any monies you get from them is gonna bring “bad luck” and i sure as hell doesnt want my kid to grow up knowing they come from some shitty man and were monetarily supported by such pariah.",36,1755593050.0
1mucezz,n9hunbf,manjolassi,isn't child support compulsory in malaysia? why not issue a court order,21,1755592280.0
1mucezz,n9i09wb,Tricky-Look-7075,You could have REALLY worded it better and not sound like / be a toxic influence,21,1755595671.0
1mucezz,n9id6mh,Salt-Tradition-2965,Maybe you chose a wrong guy.,8,1755602319.0
1mucezz,n9it6pw,iskndrism,what is it about woman and bad life choices nowadays. just days ago someone said bout their marriage same tone as this like men is at fault. my gosh.,7,1755608492.0
1mucezz,n9hxk2v,nopalhappy,"Frankly, this advice goes both ways. Men too should secure their finances before committing to a partner. Of course, if you already have a partner, the situation is more complicated, but the heart of it remains the same, love is important, but financial stability is what gives that love room to thrive. Without it, resentment and stress often creep in.",11,1755594053.0
1mucezz,n9hxnci,leepinkdesu,My real love is money.,7,1755594108.0
1mucezz,n9ky0pn,pokegomsia,"Given how OP replies, seems like she hasnt realised that she is also part of the problem. Bag his money up... lol if that isn't an advise from a gold digger I dont know what is.

I also dont believe her words fully, the guy may or may not be a bum who doesn't contribute to the household but I suspect the problem runs deeper than just that.",4,1755630827.0
1mucezz,n9huo12,BrokenAdventurer,"Take your own advice. What do you think our mothers have been telling us? These exact shits for years. 
But Noooooooo, you choose the fairy tale pathway, and then has the audacity to make it a public service announcement 🙄",16,1755592292.0
1mucezz,n9jskng,DaveLisya,"Look am sorry that you went through that, but being a (male) I didn't make those problems, I have been the one encouraging my partner to buy a property, helped her to pay it too on some months, even helped her to pay the maintenance fee, encouraging her to keep working and pursue her career, told her that you need to sustain yourself and the kids if am gone, on top of that she bought a car and my parents paid for her car in full amount. gave her expensive handbags and wallets LV, coach, iPhones. 

In return, I get supports and prays from her, my journey in career working wise wasn't all that great, tried a lot of things, it was a good run, in the end I found something that was able to bring food to the table and still have a roof over our head. 

Not gonna judge you, but not all man are the same, they are bad and good ones to each of it's own, you just haven't found the right one. 

  
All the best.",3,1755619067.0
1mucezz,n9m7kno,Kumo-3,"""Men have been digging gold out of woman.. Our time, our beauty, our body.. for centuries""

How about women who choose guys who put hardwork on his body, going to gym to to tone his body.

You think only men seek your time, beauty, and body?

What if you're not that beauty and have no body figures, still saying men is digging your beauty and body?

Really, what a self-centered view, literally one-sided.",3,1755644527.0
1mucezz,n9hx6y5,Affectionate_Bit262,"Nah girl you married a fucking loser, if you asked for money i would understand his anger but if you asked to buy baby stuff and he got angry ok i understand that he was a loser from the get go, understand that you are just angry at one person if you say go get the bag meaning your mom is stupid not getting the bag from your dad then and she should get the gbag and leave your dad ASAP, so think about it if you married a good man even if you went through divorce he will still buy baby stuff for you not every us the same",5,1755593835.0
1mucezz,n9ilmu5,LGgyibf3558,"True love requires mutual and reciprocal effort and sacrifice. That's the main part you're missing here. You want to promote being just a gold digger isn't helping anyone but fueling your pain. 

Love is mutual and reciprocal if you love someone, you'd do everything you can to best care for that person. 

Sounds like your ex is a complete deadbeat. Fuck him",2,1755605795.0
1mucezz,n9iyh29,tunkameel,"I'm sorry for your story OP. but truth be told, it's probably because you failed to notice or at least remind him to stay true to his duty. hear me out, I'm not blaming the victim here.

it is a man of the house duty to provide financially. it wasn't bad if the wife earns more and wants to help her husband's burden, but sometimes you should remind him too in a subtle way of his duty. if not, the man will slowly become irresponsible and totally let go of his duty. it could be one of the reasons why he slowly became financially irresponsible.

sure, you can say that love supersedes money, but it will only apply if you guys can handle the financial responsibly. in your current stage, it seems too late for him to be responsible in the household financial, so it's understandable if he totally didn't care bout money for child, since he used to do it that way.

also, your ex sucks. hope you can do well and recover from this. cheers sis",2,1755610244.0
1mucezz,n9j0uiw,AffectionateTouch189,You didn't share anything about what lead to the divorce and did you fight for alimony in court ?? Seems like you're  missing more crucial points. Pretty stupid of you not considering financial before marriage lol,2,1755611019.0
1mucezz,n9ml1lz,tomlin-sanity,i think its not whether the man is rich or not. its important to choose a man who has provider mindset and know his responsibility. and may Allah always bless us with the feeling of enough with whatever we have. tak kaya takpe yang penting rasa cukup tu.,2,1755649127.0
1mucezz,n9n1smo,AdSuperb3176,"It’s not about love, it’s not about money, *it’s about integrity*.
Love and affection is one part of the equation, but relying on that alone is delusional. As partners, you should hold each other accountable on your agreed responsibilities. He may not need to be so rich, but he should still contribute. And if he didn’t do that while the marriage was on, he has less reason to care now that it ended.

I am sorry that your marriage did not work out, but I dont think that’s the lesson we should learn here.
He could be rich and still be irresponsible after the divorce. A man with integrity will fulfil his responsibility during marriage and also in case of divorce.

It is not easy to find good people in a pool where the toxicity looks more apparent. We hear more about the toxic relationships, it dont mean that healthy relationships dont exist. To all the people out there seeking love, dont let a toxic relationship suck you into that same toxic behaviour. 

A healthy and loving relationship is not a fairy tale, it requires constant work. It is not flawless, it means accepting each other’s flaws and supporting each other to become better people and overcome the challenges. Nothing can figure itself out, you either choose to figure things out or leave the relationship.",2,1755654933.0
1mucezz,n9huucj,Wonderchese-Duck,"don't know who downvoted u but i am totally with u. i made it a point to impart importance of education and independence to my daughter and wife because I am not gonna be here forever and in case they met a scum, they will have chance to escape and live better lives.",5,1755592401.0
1mucezz,n9j14nx,[deleted],"Man this is so cringe. This is basically prostitute advice, men use our bodies so we should take their money.

Disgusting.

My conclusion is OP is toxic and partner left her and ran far far away. I can't imagine being married to such a loser.",3,1755611110.0
1mucezz,n9hy0kz,dandydaddy101,Yeaa there's no way I'm gonna marry someone that I truly love without ensuring my financial situation is table enough. Sorry to say sis I think your EX dont love you enough.,2,1755594326.0
1mucezz,n9ji6e4,Satan-Himself-,need to reflect some more auntie.,2,1755616154.0
1mucezz,n9k8lii,DeltaKaze,"Imagine destroying your own life and then trying to poison others to do the same.

You're no different from Andrew Tate but for women",2,1755623594.0
1mucezz,n9inoq3,ActuallyHenryCavill,"![gif](giphy|4baoNZ5Qo8dX2)

sounds like skill issue, I take of my girl and make sure she can get money too. But not mine, if she leaves, she won't get a single cent. My money, I decide how I spend it. and I ain't giving it to an ex lmao. 

pick a better partner, You had a kid with no future planning and a broke ass bum.",1,1755606554.0
1mucezz,n9iyvbl,FuraidoChickem,"Man honestly you sound so bitter, pls go get help. 

Relationship is about building each other up. Sacrificing yourself for your family is pretty normal especially when you have children. But if you keep sacrificing without looking for reciprocation then you’re just being used. 

Sorry your situation didn’t pan out but maybe there were red flags you’ve missed.",4,1755610375.0
186gswd,kb83yui,PolarWater,"He's right, let's go back to hornyposting about aweks and amois, quick.",259,1701235159.0
186gswd,kb7y0ey,tepung_,"""You tak suka you keluar""",220,1701232014.0
186gswd,kb81au0,FashionableGoat,"Too many batu api nowadays, one echoing the other and people are emotional lot, easily get swayed. So the tension is high especially involving race and religion.",77,1701233719.0
186gswd,kb8edq4,se_petpigs,here i am... being racist to everyone and no one acknowledging it,74,1701241598.0
186gswd,kb8abip,UbiWan96,"The way i see it is the majority conservative malay netizens  having culture shock finding out the existence of a 'Bangsar Bubble' in a left wing leaning internet forum. If you think these r/Malaysia monyets are malay/ islamophobic, have you seen the comments of your fellow brothers in mainstream social media platforms whenever race and religion is mentioned????",147,1701238860.0
186gswd,kb8jlbj,XsenceDan,You know what is victim mentality?,21,1701245528.0
186gswd,kb88jz4,Key_Bicycle1966,Too pent-up and annoyed cuz all malays nsfw subs gone I guess,51,1701237780.0
186gswd,kb89iz8,swagmaster12629,"r/Malaysia community is quite cringe but this kinda shit is weak bro. Malay/Muslim is not under attack in this sub lol, way better than the other sub",59,1701238360.0
186gswd,kb8hdo0,fai123,"What's this about hating muslim and malay?

I'm scanning all the posts in the sub today and didn't see anything offensive. Is there something I'm missing?",15,1701243823.0
186gswd,kb9212y,Lawlette_J,"#""WAAAAAA MuH InTerNeT sAFe SpACe!! MOOOOOM THEY ARE CYBER BULLYING ME!!""",14,1701259709.0
186gswd,kb8d9q8,katabana02,Semua salah r/malaysia!,40,1701240813.0
186gswd,kb8grw7,[deleted],Alahai bila aku shitposting mcm semua buta pulak jgn hipokrit lah bro,11,1701243359.0
186gswd,kb88fug,MysteriousNobuX,"Nooo, this sub should hate everyone equally",25,1701237715.0
186gswd,kb89q9r,locosss,"Its kid first time on the internet, dont be harsh on him everyone. Wait lemme get your mom for you.",33,1701238487.0
186gswd,kb8cw8r,[deleted],Nobody give a fuck if you muted this sub just leave and go back to malaysia sub lmao,34,1701240563.0
186gswd,kb87nwr,Dangerous_Reach8691,*checks hot and top posts* You hisap gam ke OP?,48,1701237253.0
186gswd,kb8ni8h,Gnnk16,"Everyone: Horny horny
OP: It iS alL aBoUt HaTInG mUslIm aNd MaLaY",11,1701248710.0
186gswd,kb81iyo,U_gotTP4my_bunghole,"Welcome to the internet, baby.",30,1701233839.0
186gswd,kb8gikz,cringer_regnirc,"Yeah, whatever happened with talking like deranged asylum patients about amoi gyatts?",9,1701243168.0
186gswd,kb8yz4e,ninjahit123,"Bro is comparing his situation to that of the Palestinians, out of touch, leave and never come back till you understand circumstance.",10,1701257733.0
186gswd,kb9fykw,[deleted],"""Hating Muslims and malays"" Kek",9,1701266865.0
186gswd,kb8acys,[deleted],"Can't claim internet as tanah melayu, malay left crying",68,1701238886.0
186gswd,kb8c4yi,SnooHobbies7676,Because people can post whatever they want and as long as the mod(s) allow it then it’s its game.,9,1701240051.0
186gswd,kb8ktby,[deleted],How are we even hating on muslim and Malay lol.,8,1701246502.0
186gswd,kb8ooxu,BarnabasAskingForit,"Oh, apparently r/Bolehland is an airport. Okay, bye.",9,1701249694.0
186gswd,kb8v23b,mistar_z,What did our Fem boys roast you on about this week OP?,9,1701254880.0
186gswd,kb81zkq,Eggnimoman,"Lol. As if sub that primary consist of melei that OP preferred, doesn't talk shit about non-muslim.",45,1701234083.0
186gswd,kb8booq,ClacKing,"Oh boo fucking hoo, maybe look at your own faith and wonder why ppl like to whack instead of victim blaming like a sohai?",32,1701239749.0
186gswd,kb8gjb6,Such_Yack,Who encouraged you to announce your departure? Weirdo. Nak attention mintak dari mak la,14,1701243184.0
186gswd,kb8tu3l,Lyu90,Bole bg contoh hatred punye post about Muslim n malay?,7,1701253922.0
1t18sn4,ojeps0n,popicebyyui,"Where is common park to sleep?

Like in residential area, business center, masjid, r&r etc. 

Did police ever kacau you?  If yes, what your usual SOP so you won't be sleeping in balai instead? 

Do you sleep with car running idle or not?

Your famile, how they react to this? Or they remain in the dark about this? 

Lastly, is this good for your back/spine? 

Edit:spelling",46,1777676872.0
1t18sn4,ojep4sy,wannazmi4321,"khidmat to family final boss, salute boss!!

wna
how shower
when work
how's life in a car
where park
did people bother",14,1777676651.0
1t18sn4,ojepo5a,airdropper77,"Ok at which location do you park your car for sleep? Shower? I am always wondering how you guys do these. And also safety, how do you handle yourself with stragglers or the weird ones out there assuming you encounter one?",7,1777676835.0
1t18sn4,ojeptsz,Fillandkrizt,Need more context. What prompted you to suddenly go homeless and what were you living in before?,4,1777676889.0
1t18sn4,ojetwgg,Slight-Expert-8319,"Did you feel safe?

Where there any times you didn't?",4,1777678295.0
1t18sn4,ojezeue,Olly_Joel,"Why you quit after 3 months?

Also van life could probably turn into an RV life 😂",4,1777680222.0
1t18sn4,ojgf6y4,generic_redditor91,No shade on OP but this is why some homeless people are homeless btw. I've talked to a few and was surprised when they told me that they chose this life for similar reasons. Just prefer it over paying rent/owning a house.,4,1777700640.0
1t18sn4,ojeqeu6,Traditional_Bunch390,What you do when you need to shit? Or even pee?,3,1777677090.0
1t18sn4,ojezy30,spikeeew,"When you sleep with engine off, is there any way to get some natural air in by cracking open thr window a bit? Or too danserous?",3,1777680412.0
1t18sn4,ojf0f42,EndChemical,Does your family miss you? What do you do now to make a living?,3,1777680579.0
1t18sn4,ojezz0x,Ok-General-4148,Did you do the deed at the front or back seat,2,1777680421.0
1t18sn4,ojf212z,SamahaDeb,how to get the best sleeping position?,2,1777681154.0
1t18sn4,ojgjp17,rdmark009,what's your monthly petrol cost like? do you turn on AC/engine on idle when you in your car?,2,1777702951.0
1t18sn4,ojiio0p,Far_Objective4266,"I'll ask the important questions?

You got lucky while car living?

You got high while car living?

Ever surveyed for a proper van since you mentioned you were thinking of it?",2,1777733692.0
1t18sn4,ojjlju2,Legitimate_Maybe_611,"1. No one kacau you / call the police on you ? 
2. Where would you bath ? 
3. I imagine you own a certain number of clothes as to not take too much space of your car ?",2,1777744990.0
1t18sn4,okd9yp3,Bebsi-Cola-2336,"I have a big enough car to try living such life. Maybe I would actually try it just for the kick, been itching to go about vanlife for a while. Thanks for the inspiration.",2,1778118694.0
1t18sn4,ojf1z5y,Due-Trouble-5149,"Your almera 1.0 turbo has ""0 gravity"" seat, van doesn't have em",1,1777681135.0
1t18sn4,ojf5x0z,Vast-Excitement-5059,What the decisive factor that make you live in the car?,1,1777682549.0
1t18sn4,ojfbcn8,shootist4861,Where do you shower and take a dump? In your office? What if you gotta pee in the middle of the night?,1,1777684470.0
1t18sn4,ojfgkua,surftochill,How do you keep the ventilation going and how different is your routine if it's heavy rain?,1,1777686301.0
1t18sn4,ojfiyjm,Spiritual_Tooth9086,"Did anyone knock on your car window out of concern before?

I’m not homeless, but I did slept in my own car many times due to exhaustion from work. And despite the fact that I had already turned off the car engine and slightly roll down the window, there were times when random strangers came knocking on my window out of concern. I don’t mind about that though, quite the contrary, I actually feel glad to know that kind people still exist. 

Just wondering if you have similar experience.",1,1777687143.0
1sxvml8,oipnpjy,averycuriouspigeon,what industry tho..,28,1777366145.0
1sxvml8,oiq5zyb,jerkoffmaterials,PLEASE do sell feet pics,14,1777375222.0
1sxvml8,oiposbk,Traditional_Bunch390,"After going through countless ""oh no"" economies (97 crash, 01 911 crash, 08 wallstreet crash, 20 covid crash), no rasa d. Don't need to panic, everything will be alright at our end of the world. At least now still have ehailling to support a bit.",18,1777366750.0
1sxvml8,oipqpzg,jrngcool,Lately? More like neverending since covid.,9,1777367834.0
1sxvml8,oiqi980,Apprehensive_King782,Software Engineer?,4,1777379753.0
1sxvml8,oir8rh9,swagnation99,"Stay strong, learn how to pivot & learn new skills",2,1777387714.0
1sxvml8,oipzjgt,Dry_Departure1258,Ok i will support and buy,2,1777372401.0
1sxvml8,oitck6y,JJack1202,About what age are you?,1,1777408239.0
1sxvml8,oivyh7y,rdmark009,Just wondering how much do your company pays in compensation when doing lay offs? Few months of salary?,1,1777440692.0
1sxvml8,oj83us0,Batang_Benar69,"https://preview.redd.it/lvpiw8hgyeyg1.jpeg?width=198&format=pjpg&auto=webp&s=3ff54a27077903139533bcff85e23cbddd331878

So that feet pic.. how much are you selling it for?",1,1777592282.0
1sxvml8,oipnkln,Miyubo,"Unfortunately I am at Sarawak, otherwise would buy to try as I am coffee lover.",1,1777366069.0
1sxvml8,oippycm,profmka,"First time I’ve seen coffee in cordial form(and subsequently bombarded with more of the same down in the shopee recs). If the pictures are all you, they’re all pretty good. Wish you success whichever way u going",1,1777367413.0
1sxvml8,oiprn5v,Feeling-Bid8885,Feet pic or OF is definitely a good idea,1,1777368350.0
1sxvml8,oipnevq,Necessary-Writing-42,"Link for feet pic? Hahaha

Goodluck OP",0,1777365979.0
1sxvml8,oipntaw,ern27mo,"All the best OP
mind to share what sector you're in?",0,1777366202.0
1t9qlkw,ol46bui,SeaAstronomer4446,Hmmm I feel bad for the boyfriend tbh...,91,1778470611.0
1t9qlkw,ol4j6j8,MayweatherSr,"she dont want you, she just want the attention you give her",36,1778476482.0
1t9qlkw,ol478b8,ADAMMMU,"Bro u were trying to steal someone's gf. Whatever she feels for him is her shit but as soon as you know she has a bf, you shouldn't have crossed the line. It's not just the confession but everything else you did with her. Even if her relationship wasn't great, you don't just step in until they've resolved it on their side.",100,1778471001.0
1t9qlkw,ol4dmla,SoHIGH25,"honestly i have been in a similar situation not too long ago.. except we didnt really hang out that much past working time because i dont want to cross the boundaries, i hold myself back from asking her out cause ik she have a bf, but stuff happened and she turn me down eventually

and after some time now, with the lovey dovey filter slowly fade away, i kind of see how she is kind of a red flag, and im glad we didnt end up tgt or anything.. ik it sounds like im being salty or petty, but mind you, she does all this with me knowing damn well i have feelings for her, i asked her day 1 whether she has a bf or no, she said yes, then the next day she still ask me for lunch and hang out knowing damn well my intentions.. and kind of lead me on until i finally confessed..

like i wouldnt say im not at fault here, but im just saying, a person that does all these with you while having a partner aint that good of a person either.. learn it the hard way ✌🏻",13,1778473839.0
1t9qlkw,ol4e6lh,SextupleRed,Spill the tea on the borderline cheating things you are doing,10,1778474098.0
1t9qlkw,ol4g116,Hour_Reference_8542,Had to cut you out entirely from the guilt of expressing shes losing feelings from her bf earlier. She realizes how its kinda of a disrespect to her bf and regrets it. Congrats on getting a gf btw,8,1778474961.0
1t9qlkw,ol4hgks,AdJealous2193,Hey at least you shoot your shot. But next time others ppl bf might shoot you with BB bazooka,7,1778475646.0
1t9qlkw,ol3yw3h,Complex-Anxiety-5264,Dont shit where you eat 🤷‍♂️,27,1778467538.0
1t9qlkw,ol4mpcr,kuhanh91,"She just wanted the attention while having LDR. Hanging out will 2am or until morning with another dude while having a bf? And even crossed boundaries? Major red flags 🚩 there itself bruh, if she could do it to her current bf.. she could also do it to you.",5,1778478232.0
1t9qlkw,ol4lokh,Vigilant256,"Why did you bother confessing ? Just ask her out and you will get your answer. 

Also you need to differentiate girls using you as a emotional tampon and romantic interest.",6,1778477728.0
1t9qlkw,ol49aj1,Acuriouslittleham,Dude. She sendiri crossed boundaries. So not entirely your fault also,10,1778471892.0
1t9qlkw,ol4gjx2,Al-Razi865-925,"![gif](giphy|wWue0rCDOphOE)  
Ahahhaha bro isnt getting that puss",4,1778475208.0
1t9qlkw,ol4ovzz,SteeringWheelzzzz,"She's an asshole. Even bigger than you actually because she's the one in a relationship. Emotionally cheating and staying out until late night alone with another guy. I would dump my girl too if I found out about that. But in the end, she's only using you for attention and just be glad you don't end up together.",3,1778479332.0
1t9qlkw,ol4xu7i,PastaFreak26,"Congratulations OP, sounds like your actions, no matter how embarrassing they were, put you on a path that eventually led you to the path of actual happiness. 

Personally, I think the saying ""never shit at the place you eat"" applies. I guess emotions sometimes get the better of us and we tend to give in because we think it's special, and it is, but it can also be a fatal move to your professional life. I don't know many office romances that ended in a happily-ever-after, and it takes two special individuals to realize that. 

Sounds like your colleague has commitment issues, as she herself knowingly engaged in a situationship with you whilst being partnered. I think you were graceful and polite about your confession, and she was also incredibly delicate with the situation, though it looks like she couldn't bring herself to maintain the same rapport thereafter. It happens, not everyone can remain friends with someone they've shared an intimate past with.",3,1778483982.0
1t9qlkw,ol51wea,_LichKing,Dun eat and shit in the same place,3,1778486192.0
1t9qlkw,ol3zheq,Jaded-Philosophy3783,">maybe I'm an asshole for confessing to someone's gf

no \*maybe\* there",11,1778467772.0
1t9qlkw,ol5hnhp,Dip2pot4t0Ch1P,Dont shit where you eat or something (never have experience tho lol),2,1778494510.0
1t9qlkw,ol5nqy1,jamesmyspace,tldr : op wanted to ntr the gal i think.,2,1778497278.0
1t9qlkw,ol5rsth,Thin_Illustrator2390,"I was in a similar position as you, pretty much identical, bf also LDR overseas. Started out as friends coworkers but became basically best friends. We even bicker and cold shoulder each other over stupid shit lol. eventually I developed some feelings but i never acted on it simply because don’t want to kacau lol

Like she would even come to me and complain about her bf when they had fights and I would always play the devils advocate and try to defend the bf simply because I don’t want to masuk campur. Like if they are going to break up, i want it to have nothing to do with me so if we did date, i can do it guilt free. There were even instances where she come to me and ask me personal things and I would straight up say “go ask your bf” and she would get mad

ya I got over it because at the end of the day, I valued her more as a close friend. She’s married her bf now but we’re still friends and I’m happy for the both of them. 

So here’s the same story but different outcomes",2,1778498954.0
1t9qlkw,ol4p14u,Academic-Regret3945,"Hey, dont feel so bad. And thank God u didnt end up with her. I dont think u actually know what happened. 

She was actually trying to hook u, and luring u to be her simp.  But because u maintain boundaries ( like a man), she decided that u cant be the spare tyre. And because u are now a liability to her new future spare tyre, u are blocked.  

You are not an idiot, you arent embarassing. You did very well.",2,1778479405.0
1t9qlkw,ol4mji3,Allen_oo,"I have been in a similar situation, and turns out she was just being friendly. Saya je yang syok sendiri. And yup, from close friend to stranger in a matter of seconds",1,1778478152.0
1t9qlkw,ol4q4wx,DameArstor,"Having been in an LDR myself that ended up in marriage, confessing to someone that has LDR partner in the first place is an asshole move. She's not completely blameless however as her boundaries are...*thin*.",1,1778479964.0
1t9qlkw,ol4zdjv,soulscreammmm,"The amount of people talking as if this doesnt always happen is funny to me, a lot of people dont give a F@@k if you gt partner or not, if they want you ,they will cross the line. At least he admitted it wasnt the best decision. In a perfect world this shouldn't be the norm, but lets face it ,in 2026 relationships are fake as F@@k. People have no patience to be loyal and understand sacrifice. I can find more loyalty in a grab food order than i can find in any young persons relationship.",1,1778484825.0
1t9qlkw,ol5phgk,jitkin32,"Issue isn’t having a crush on friends or coworkers, it is having a crush on someone that’s already taken. You should thank her for setting boundaries even though she said she was feeling out of love with the other dude. Cause if she did anything while still being with him, you would be dealing with a whole other headache.",1,1778498007.0
1t9qlkw,ol5xp9y,tibodak,"Oh well, kudos for trying. Life too short to worry about it. Lol",1,1778501196.0
1t9qlkw,ol688vg,mydixiewrecked247,"why cringe bro. it’s a life lesson. if u don’t go thru it, u can’t learn and get better 💪 now you have levelled up xp wise - just how it works",1,1778504811.0
1t9qlkw,ol6drrc,amoiformleis,"Let me chime in.

I used to be very close to this one female friend/colleague. She's cute and I liked her. Of course she has a long-distance boyfriend.

Anyway we got close, to the point we held hands, went out multiple times, including late at night. She also doesn't mind I lift and carry her (she's tiny).

One night, it got late and somehow I stay at her place. We didn't had sex (said she's saving it for her future husband lol), but we did cuddle, hold hands, and falls asleep together. I remember the morning after, I got so horny that I ""attacked"" her neck and gave her multiple hickeys. It was so hot seeing her changing her hairstyles to ""hide"" the hickeys (she usually tied it up). Anyways I stay at her place a couple more times after that. Watching anime while she's on my lap, giving light kisses to each other, playing with her hair, etc.

A few months later, she switched jobs. We tried to keep in touch but I guess the distance is too much so we stopped messaging each other.

What I'm trying to say is that she and OP's colleague are probably the same type of person who just wanted to have fun, regardless if they have a partner or not. Frankly I don't think that's the type of girl you as your partner.",1,1778506532.0
1t9qlkw,ol6jzhc,vitaminacademy,.....I wish I had coworkers,1,1778508367.0
1t9qlkw,ol6p1ov,2inchterror,If u were to shut up and initiate intimacy with her straight then u wudve banged.. Girls love to cheat man,1,1778509803.0
1t9qlkw,ol6r448,Tatsumonkey,"What many people don't realise is that if someone cheats to _be_ with you, they will later cheat _on_ you.",1,1778510392.0
1t9qlkw,ol9v6ms,administraitor7,Goal with no goalkeeper but you didn’t score🥲 You’re a good man for not persuading her into breaking up.,1,1778542140.0
1t9qlkw,ol9w96c,Wide-Literature2328,"if she cheats on her bf for you, she will cheat on you one day",1,1778542506.0
1t9qlkw,olacheq,j0n82,"It’s ok bro, what is done is done. If u ask me better to know and have an answer instead of always wondering what if over the years…",1,1778548151.0
1t9qlkw,olbsoje,Small-Progress3832,"hey man, we all cringe at things we did and thats totally okay. discomfort is growth. you are obviously the better person for acknowledging crossed lines (aka her cheating), and took the initiative to own up to it. you’ll be surprised by how uncommon that is as ppl tend to turn a blind eye.

glad things turned out well and enjoy your relationship now op!",1,1778569701.0
1t9qlkw,olcab46,osrs_Punde,"Karma will always come back bro, I pray another guy does the same thing to your current gf :)",1,1778579139.0
1t79lda,okna4pm,Kayubatu,JPJ literally has a seperate app just for queueing,75,1778250732.0
1t79lda,okn9m1n,Regular-Variety-552,"wanna see a blatant corruption?, look at our government

![gif](giphy|YPGWdX3YIQXdtE4M0i)",55,1778250591.0
1t79lda,okonhzr,GlobalizedPutra,"Mara issues are bumi issues bro. Better don't touch. 

Majority would rather get rxped financially politically socioeconomically by rich bumis than to embrace meritocracy.",32,1778263876.0
1t79lda,okncmew,Suitable-Document373,Different person also want to earn their cut too..,10,1778251406.0
1t79lda,okqwuui,niceandBulat,"When qualifications and skillsets are not the main considerations but ethnicity is, what do you expect? But hey, Cinas like me will often be hired to shadow and often complete/clean up projects awarded through affirmative action. Not complaining too much, it's literally how we make most of our money.",5,1778289897.0
1t79lda,okqygot,NutShellShock,I've never seen one government related entity website that either worked properly or designed with modern UI and UX requirements like accessibility and responsiveness. Even some websites are like designed by someone stuck in the 2010s.,3,1778290500.0
1t79lda,oks00jj,DefinitelyIdiot,"*corruption is bad when I'm not involved. If I get involved I WILL DEFEND IT*

![gif](giphy|s8rJd1bqyVAzGb2meS)",3,1778306699.0
1t79lda,oknh1us,Short-Juggernaut-374,"Not sure about you but they stated that payment will take three days to update.

So as long as you're a regular payer with no outstanding, there's nothing to worry about.",3,1778252584.0
1t79lda,okolbdj,genryou,This seems less about corruption but more on lack of system design knowledge,5,1778263279.0
1t79lda,okr5gu6,tnsaidr,"SOCSO website also have the same issue , it feels very disjointed and different people worked on it",1,1778293109.0
1t79lda,okrfcbc,DramaticRestaurant87,Sounds like a website/tech issue. Not really corruption?,1,1778297041.0
1t79lda,okqs11z,Electronic-Contact15,"Not sure how this is evidence of blatant corruption? 

Is it a terrible website? Sure

Who gets paid to make it?",0,1778288095.0
1t79lda,okokyf8,Nightingdale099,Idk why ebaki take weeks sometimes to acknowledge your payment. Maybe they're still using passenger pigeons.,0,1778263182.0
1t79lda,okrge17,asakuranagato,"Legasi UMNO terkini

X sama macam the first 3 PMs dulu

And now the same gang are still in power in the gov….haih",-1,1778297485.0
1t38plm,ojtj2es,FaythKnight,"Banana guy here. Married a more traditional Chinese wife. Her English isn't bad, just weaker, obviously her Mandarin is way better than mine.

We just met and clicked. That simple. If you would ask me if I prefer a more English ed girl, perhaps no, I can't really tell cause I haven't met one that clicked.

Before someone says I married down and she married up, let me put this clear. She make way more than I do. So it is a fact that it's the other way around in my case.

If I have to tell a reason, I think cause I like girls that are more cute? Eng ed girls doesn't like to act cute, at least not as much. They are cute in their own way, but not like Chinese style I'm sure you know what I mean. As for her, she said I'm more romantic and willing to give more emotional support, also she's tired of religious stuff and all the pantang larang, and I dgaf bout those stuff. Usually Chinese ed guys focus on money, less in the romantic part.

This is just my case obviously. There are countless scenarios out there.",115,1777876056.0
1t38plm,ojtjzyi,nightfishing89,"Probably sample size. As a total banana, I married a chinese-ed guy whose English wasn’t the greatest at the beginning. Can’t blame him as he grew up in a more chinese-dominant area, attended a Chinese school, only had chinese friends, only spoke mandarin with his family members, etc. — you get the gist. Admittedly, communication was a bit awkward at first when we were dating. I didn’t mind but he perhaps felt a bit of pressure. He was (and still is), however, very open to learning and being corrected. He told me to correct him if he ever made any grammar or pronunciation mistakes. Over time, his English has become a lot better. As opposed to what other comments say, I don’t see this as “dating down”. There is no language that is more superior than the other. It’s more about the connection you have and that person’s individuality and values that makes them an ideal partner or not.",45,1777876549.0
1t38plm,ojth8ni,thrownaway1811,Just another thought I haven't seen expressed here yet. English speaking families tend to be more progressive and gender expectations are more repressive for girls in Chinese families. So if a banana girl brought up in a progressive family is suddenly expected to join more traditional Chinese family.... No thanks. whereas for men they get more worshipped.,52,1777875089.0
1t38plm,ojti4td,Select_Dragonfly7617,"I have only seen one banana girl + chinese ed guy couple in my life, the rest (about 10+ cases) are banana guy + chinese ed girl.",12,1777875558.0
1t38plm,ojttukf,jwrx,"guys are attracted to looks, boobs and butt......they fall for that first....then if they find out she not banana...doesnt really matter 

girls arnt as physical....a banana girl generally would want to be able to converse/etc",13,1777881930.0
1t38plm,ojthn4s,Bandit-Bunny-7727,"Eh dime and a dozen, ah lian can accept banana, but cosmogirl only want angmoh, not ah beng.",22,1777875299.0
1t38plm,ojtduwx,ConsiderationDry5456,"Men date down, women date up.",53,1777873356.0
1t38plm,ojusg67,Big_Restaurant4822,"why would a woman want to marry into a sexist-against-women culture? for a guy, marrying into such a culture causes him no harm and even potentially benefits",5,1777897960.0
1t38plm,ojtdjlg,bmw320dfan,"Beggars can’t be choosers

The guy being the beggar in this case",19,1777873197.0
1t38plm,ojteywu,CaesiumReaction,Probably because English proficiency isn't high up on men's priorities? I feel that men go for looks a lot more than women (for women the ratio of personality / prospects / capability would be higher than just purely looks). English proficiency is tied to the perception of capability so I'm guessing that's why in terms of trends we see what you say.,9,1777873920.0
1t38plm,ojtev94,No-Temperature1333,"One of my ex is banana girl while my English is pretty bad.

I think it's more about insecurity. I remember I was quite insecure at first when trying to pick up my ex.",6,1777873869.0
1t38plm,oju2bk6,darknes4life,"I'm banana and dated a Chinese ed girl. The language barrier didn't really stop us from getting to know each other. 
We come from completely different worlds culturally but we both always tried to work things out and understand each other. 
She admitted that her English definitely improved once she dated me and became more confident in her corporate job especially when giving presentations lol.

But for me I think it comes down to the mentality that you can have with more Chinese ed girls, especially since Chinese private schools tend to be alot harder. She was working a much more prestigious finance job compared to me. But I admired the drive that she had and it's not really something I see in many banana girls.",5,1777886631.0
1t38plm,ojty2x3,King91OM,"Cause both sides cover what the other is lacking. I'm considered banana since I can't speak or read Mandarin properly, but I can speak basic Cantonese courtesy to Wah Lai Toi. I can speak good English though. Meanwhile, my wife's english is basic while her Mandarin is on the higher level.

When we go holiday, anywhere need Mandarin she'll take over while anywhere English I'll take over. Compliment each other is what I would say.

Met in Tinder and hit it off. It's been about 7 or 8 years now and we're still together, having married for about 4 years now.",9,1777884303.0
1t38plm,oju0m1u,phadenswan,Its not in my experience. Banana date banana. Chinese-speaking date chinese-speaking. Banana with good chinese dates either.,4,1777885690.0
1t38plm,ojvgmaq,holomatic,Sometimes I read posts like this and wonder wtf you guys in west Malaysia are doing. Is it the air pollution that makes ppl so judgy.,6,1777905380.0
1t38plm,oju2m0p,10000purrs,"Two things play the role here(I think)

English Ed more open minded and flexible, so they don't mind datibg someone out of their circle

Gender wise, girls are also more open
to date different races, let alone someone outside her bubble.",3,1777886788.0
1t38plm,oju5h8f,lilylah,Funny cuz im an english ed malay girl and i kept attracting bananas. All 3 of my exes were bananas and im currently dating a non banana who seems like a banana lol,3,1777888305.0
1t38plm,ojv6fjn,Pooop69,"Guys care more about looks. How many banana Chinese guys gonna reject a pretty Chinese Ed girl?

Girls care more about communication, money and education. Percentage of bananas who fill these conditions are higher.",3,1777902456.0
1t38plm,ojwz9cu,MoonMoon143,Banana lady here. I disagree with your generalization. Have a nice day.,3,1777920052.0
1t38plm,ojz9b37,CutePencilSharpener,"probably a bad take but i believe that english speaking chinese girls tend to be more smarter in general. theres a belief that chinese educated people are book smart while those who go to national schools are more street smart.

same applies here. non chinese ed girls tend to be more street smart. if their chinese ed bf is a POS she'll call him out on it. if i m being honest many chinese ed guys i know tend to have old school alpha male energy which if i m being honest is quite a shitty mindset to have.",3,1777945027.0
1t38plm,ojtgka8,RevolutionCapital359,Statistical probability. Banana girls are also popular with white men. So some banana boys have to go for cainis-chinese girls. Also gotta do with climbing up the economic ladder I reckon.,4,1777874738.0
1t38plm,ojts3fu,Hour_Reference_8542,Because they complete each other duh,2,1777880962.0
1t38plm,ojttpj7,Silly_Bat_2318,Its all about confidence Mr Jackson Wang,2,1777881854.0
1t38plm,oju3z8i,DearBookkeeper1046,Because chinese girls who cant speak english well means they are likely lower educated/tier/m40 means they are likely to be more appreciative of the things the guy did for her. And a simple thank u is something i have never heard from all my chiense exes.,2,1777887525.0
1t38plm,ojucwjk,Bowmore18,"Banana here. 
Met my partner, we clicked and we've been together ever since. 

I think it's mostly to do with appreciating each other's personality and differences and leveraging on one another's strengths to work as a team.",2,1777891869.0
1t38plm,ojudzpy,Upper_Disk_8452,"Coz Banana girls will find Indian men or Ang Moh men, or Singaporean",2,1777892340.0
1t38plm,ojv23db,Honest-Print9611,Because Banana girl is in a league of their own,2,1777901122.0
1t38plm,ojv8z9r,sinnersoul1980,"> Is it just that my sample size is too small or there is some reason for this?

The correct answer is:

Because a man's value isn't tied to his girlfriend's English level. A woman's value...in her own eyes and her social circle...often is.

Men date women. Women date status. 

A man with bad English = lower status. 

A woman with bad English = just a woman.

So no, your sample size isn't too small. You're just noticing a pattern that most people are too polite to name. In a world where honest conversations are punished and uncomfortable observations get you labeled...discussing this dynamic is taboo.",2,1777903213.0
1t38plm,ojy8e4j,HarlemWealth,"I see so many with experience as Banana marrying with Chinese ed. If I form a group, anyone Want to join telegram/fb group? Support each other and get Advice from one and Another.",2,1777932751.0
1t38plm,ok004vv,BodiHolly,"Take it from me, a banana who used to date a Chinese educated girl whose name is based on a fruit. She hardly gets English jokes or humor but I do understand Chinese humor so it gets pretty tiring explaining and their responses can be a tad boring. Eventually we broke up because we hardly spend time with each other as we were in uni that time.

Married a bilingual girl that can balance English and Mandarin and never looked back since.",2,1777954904.0
1t38plm,ojtkhpm,Clear_Mode_9108,lol what kinda question is this. So English is more superior and seen as dating a lower status if that person’s English is subpar? What in the coloniser mentality is this,4,1777876814.0
1t38plm,ojugyxs,ntq9607,Interesting the distinction between banana and traditional Chinese still exists in Malaysia. The distinction meaningfully exists only among the older generation in Singapore.,2,1777893601.0
1t38plm,ojtnsgf,platysoup,"Some of us like ahlians. As long as her Chinese is good, then we’ll simply be covering for each others’ weaknesses.",1,1777878587.0
1t38plm,ojtrkap,muddie83,"I am an ongoing case study. 

It's the different experience a banana gives compared to a guy who is Chinese ed. Very different worlds. Also her family is more blue collar and mine white collar / professionals. So another spice to the mix. 

I had my doubts initially but I felt why not give it a chance as my previous relationships with banana girls have never worked out.",1,1777880671.0
1t38plm,ojtzna3,lmnsatang,"i'm the opposite but the core reason is because my husband speaks english as well as a native eng speaker despite being chinese ed. he's the outlier, making us the outlier in your example lol. we also come from fairly different backgrounds, with my parents being business owners and very comfortable financially and his being gov servants and middle class.

for me, communication is very important, as well as being able to have inside jokes, the same humour, etc. this would be impossible for someone who isn't fluent in english. 

i never had any issues dating eng ed guys on dating apps (screen through their university) and my husband went to sunway uni so i thought he was eng ed. i was wrong, but only found out through our conversations, instead of the very moment he opened his mouth.",1,1777885159.0
1t38plm,ojuck95,reddithoroughly,Who's running the survey,1,1777891718.0
1t38plm,ojulk19,KarmaFarmingperson,Uhh opposite attracts?,1,1777895443.0
1t38plm,ojwecc0,ZeninShades,"Guys don’t really have much options in the general dating scene. So they usually tied down the first physically attractive girl that gave them a chance. Girls on the other hand, usually have better market and more options so they tend to be more selective.",1,1777914495.0
1t48tjb,ok0qug2,Open_Boysenberry_955,"True. I'm in a situation where I have to pretty regularly visit government hospitals and clinics due to the declining health of my parents. The nurses are always amazing. Friendly, cheerful and funny too.",9,1777968450.0
1t48tjb,ok0t9qy,jacobcrackers14,"actually the bad ones are hiding in the, ward not clinic level only.",10,1777969829.0
1t48tjb,ok24r5a,Ferrates,"We often use SISPAA to lodge complaints about healthcare workers, but did you know you can also use it to express appreciation?

If you’ve had a positive experience, consider submitting a note of thanks. Just include the location and time of your visit, and describe what made your experience meaningful. The clinic will be notified, and I’m sure the staff, especially the akak, will truly appreciate the recognition.",5,1777989087.0
1t48tjb,ok1p6aa,Low-Band6870,"I tak pernah hadap nurses yang sombong, atau biadap di mana2 Klinik kesihatan or hospital. 

Tapi doktors yang sombong, suka marah? Ye,  banyak kali. 

Sometimes they macam purposely macam nak malu kan you. 

And yes, nurses yang kurang kisah sebab dah penat, and dah tak peduli sangat, memang dalam ward.",3,1777984253.0
1t48tjb,ok2br98,intangible8228,"HKL one of the our country busiest hospitals. It make Hospital Ampang, Sungai Buloh, HTAR, Shah Alam and Selayang look like child play",2,1777991084.0
1cp9at2,l3jhih9,thedamnbear,"1. I acted toxic a lot.
2. Malay gf that I want to bring to marriage
3. I was willing to break up with my current gf to get back with her.

You’re a piece of shit OP.

https://preview.redd.it/6td94634oqzc1.jpeg?width=1131&format=pjpg&auto=webp&s=ce54a4b836db80e80dc57ae83d5b11710127109d",775,1715407414.0
1cp9at2,l3jbmw1,uL4G,"Wear a wedding ring, a lot of girls suddenly interested in you",140,1715403661.0
1cp9at2,l3jl9ji,heikimiy,Op is just straight up a fucking cunt,140,1715410037.0
1cp9at2,l3jfp2v,yuiop19,OP trying to flex?,129,1715406205.0
1cp9at2,l3ji2pw,[deleted],Many pigs in Malaysia.,41,1715407800.0
1cp9at2,l3jr58m,ohmann888,"“Woman can sense if you’re not a loser”? What do you mean, you are a loser.",41,1715414350.0
1cp9at2,l3jc356,tuvokvutok,"Where do you think all this sleeping around is going?

You'll grow old, if you start having kids, and then get divorced because of this, your kids will grow up messed up psychologically, they probably will abuse your grandkids and the cycle will continue for so long down your own lineage - because of your lack of self control. 

Also, like I said, you'll grow old and when your kids hate you, you probably will be lonely at that age, no amoi will want your dick anymore, and even if you got money, no one will love you for real, for you. You'll die alone, sometimes, literally. 

There's nothing good that will come out of this.",103,1715403941.0
1cp9at2,l3jckko,Linu5extips,"Kawan gegirl saya cakap perempuan faham perempuan lain and thus bila ko ade awek value ko akan naik, meaning ko ade something yang perempuan nak.",63,1715404241.0
1cp9at2,l3jftz3,Inevitable_Run1698,cant relate nobody wants me,67,1715406293.0
1cp9at2,l3jl18r,FaythKnight,"https://preview.redd.it/o3wc38m9uqzc1.png?width=720&format=pjpg&auto=webp&s=cf414eba8cfd59633852ea4300055e3d9ac99dea

Nah ni lah OP ni. Gatal. Kasi potong je. Gadis baik xcukup. Nk main2 lagi.",30,1715409872.0
1cp9at2,l3jhqcr,Nickitkat,"Even if you're honest with ur current gf I still think you don't deserve her at all man. What a piece of shit you are for even considering to curang with ur ex had she not turn you down to be sex buddies instead and you looking for something serious with her doesn't justify that at all.

The fact that you'd leave your current one in a heartbeat says alot about you and your current relationship. So why are you with her in the first place. I bet you didn't tell her that part about your ex didn't you cuz you knw she'll probably leave you're sorry ass.

What a pathetic piece of shit.",90,1715407564.0
1cp9at2,l3jtcih,Sushicomel2905,"Please break up with your girlfriend lolll because she's clearly blinded by love to stay with you. What will happen when you get married to her? Suddenly, another amoi ngorat and you cheat. Btw YTA hahah",23,1715416029.0
1cp9at2,l3jk00e,Big_Yesterday1548,Ni sinopsis drama akasia terbaru kat TV3 ke?,17,1715409133.0
1cp9at2,l3jpjxl,[deleted],"Before GF, you have low self esteem.

After Gf, you become overconfident and make up cringe scenarios in your head.",16,1715413146.0
1cp9at2,l3jtlif,10000purrs,Op is full of tahi kuda,15,1715416223.0
1cp9at2,l3jj7qv,Classic_Broccoli_163,"if youre willing to break up with your gf for your ex, even if youre regretting it now, you still made that choice. i hope you leave your gf bc she deserves so much better than ‘the girl he settles with bc hes ready to be in a committed relationship’. just saying",13,1715408583.0
1cp9at2,l3jd6wb,Sufficient-Edge-2967,"""if I can get your man, means I'm better than you""",30,1715404630.0
1cp9at2,l3jct25,serpventime,women competing against women,37,1715404391.0
1cp9at2,l3jikoj,[deleted],"Fenomena ini sebenarnya ada nama tau iaitu ""Wedding Ring Effect. Senang cakap, kalau kau ada kerja group presentation, kau nak pilih orang yang banyak experience buat ke tidak?

Selain itu, orang lain juga akan rasa selamat berada sekeliling kau sebab bila kau ada dalam relationship, diorang semua akan anggap kau sebagai orang ""selamat""  yang boleh dipercayai. Dalam kata lainnya, ""Dia tidak akan buat apa-apa benda pelik kat aku sebab dia sudah ada relationship dan sudah ""diverifykan"".",13,1715408145.0
1cp9at2,l3jlqgs,DenseFormal3364,"Just a piece of golden advice. 

If the woman suddenly attracted to you AFTER you were taken, and they ALREADY HAVE A PREVIOUS relationship BEFORE, regardless of their current single or taken status, get away from those parasites immediately.

They will destroy you.

Women greed and jealousy are seriously terrifiying.

In those parasites head, theres only 2 thing that will satisfy them:

1. The feeling of superiority of defeating other women even though they didnt know anything about that woman.
2. Highly valueable things that YOU owned.

Women that knows her own value wont chase taken man like a parasites. These kind of women are whores that could care less about you or your love.

Once you becomes bored to them, they will leave and you will suffer.",26,1715410369.0
1cp9at2,l3jq24d,EpikLooser,"Kalau kau perompak, kau pegi kedai emas yg ade Pak Guard, CCTVs 24/7 and alarm system atau tapak sampah yg tkde org kisah? Same shit bro. Only with a partner, others see the value when you are attached. After I got my first serious gf, suddenly got one classmate who’s a model who want to bang me. Never in my life. Anyway that gf is now my wife.",9,1715413528.0
1cp9at2,l3jrx09,ventafenta,pencurang lmaoooo,8,1715414936.0
1cp9at2,l3jjjhm,ClacKing,"People like things they can't get.

When you give it to them they don't appreciate. 

Same like relationships, dah sering bagi x hargai.

Yg x dpt tu paling manis rasanya.

Semua tu nafsu.",7,1715408811.0
1cp9at2,l3k0ipo,[deleted],narcissist. yuck,7,1715421650.0
1cp9at2,l3jo54t,Smaugsmug2,Damn OP low-key a piece of shit,7,1715412089.0
1cp9at2,l3jok1e,AsfiqIsKioshi,"You're a piece of shit but putting that aside, they probably see those men as dependable. If a woman is willing to mark a guy, that probably gives signal to the others that he is partner material or got some sort of good quality. 

Even if you were just good friends with a girl, chances are other girls will want to be friends with you or at least feel comfortable around you. I swear perempuan got telepathic signal between themselves.",6,1715412398.0
1tay3le,olcof8a,avtarius,"If you want a contest in depression, Korea and Japan.

If you want a contest in complaining, Singapore and Hong Kong.

If you want a contest in bad vehicle driving & riding, Thailand, Singapore, China.

There are other arenas but too many participants require mention.",92,1778585330.0
1tay3le,olcneks,_SBV_,Every country sub is like this tbh,75,1778584935.0
1tay3le,olcnkdi,Giotto027,"Sebab boleh dik

Positive stuff is boring anyway",34,1778584998.0
1tay3le,olcpq00,moore927353,"But if you post something interesting, funny, or entertaining.

Then all the **negative nancy** Bolehlanders will say that you're ""Karma Farming"", or tell you to ""stop posting AI slop"". 😑",12,1778585829.0
1tay3le,olcz2rl,greatestmofo,"Reddit as a whole is absolutely not representative of Malaysia, I've iterated this multiple times.

If Malaysian subreddits were representative of Malaysia, we won't even be a Muslim country to begin with. Our political positions would be so different that Malaysia would be basically unrecognisable.",13,1778589121.0
1tay3le,olcl4nn,BaseGroundbreaking43,"Stay away from internet, you will be at peace. Internet full of negative especially religion wars.",33,1778584033.0
1tay3le,olckkt8,RoughGiGaMo,Hmm? I think Brunei sub also seems depressing. Just saw a post about uni dorm infested with rat. lol,12,1778583809.0
1tay3le,olcl4dh,Glad_Jeweler7525,Huh I saw many doomposting in Japan sub too,9,1778584030.0
1tay3le,olcsh1k,Afraid_Swing_4090,You haven't included free riders in group assignments!!,4,1778586843.0
1tay3le,olczp6z,321aholiab,What have you done to give us positivity?,7,1778589330.0
1tay3le,olcyn2h,Regular-Variety-552,"because they don't want to put the real shit that their country is facing on the Internet because the online news outlet been doing that. I don't why Malaysian redditor be reposting the news here, almost like they want to incite something.",3,1778588974.0
1tay3le,oldx2v8,Dip2pot4t0Ch1P,"That's just r/Malaysia, bolehland used to be just a wacky lil meme place for Malaysians when refugees from r/my who got tired from the super strict rule in r/my discovered they can post anything in here and the mods won't care",3,1778598962.0
1tay3le,olcogvp,Traditional_Bath_810,![gif](giphy|3o7abpYhfcdB0pN6FO),2,1778585348.0
1tay3le,olcolgw,jrngcool,First day on the internet?,2,1778585396.0
1tay3le,olcomd7,Organic_Blackberry64,Kalau tak suka....,2,1778585406.0
1tay3le,olcpuvj,npdady,Doomers are numerous on the internet,2,1778585882.0
1tay3le,olcqpqm,Su152Taran,Kalau you tak suka you boleh......,2,1778586203.0
1tay3le,olcswex,Gumuk_pindek,You sure no complaint on other country sub?,2,1778586996.0
1tay3le,olctl8t,aoibhealfae,...we're Cyberpunk 2026. lol,2,1778587241.0
1tay3le,old0zic,spaghetticode94,God said we humans are unique people.. oh wai,2,1778589749.0
1tay3le,oldd3rw,AISB2020,Why are you taking reddit seriously in the first place duhh,2,1778593466.0
1tay3le,oldm3lh,Impossible-Map-1754,"Bro I am interested in farming but no subreddit about malaysian farming, I only found it in tiktok",2,1778596006.0
1tay3le,olcmnry,sirgentleguy,Yeah Singapore subs are very happy with themselves,2,1778584643.0
1tay3le,olcoae9,Throwaway__xx92,Nothing wrong with negative post lol.,2,1778585277.0
1tay3le,oldhvd5,PcGoDz_v2,![gif](giphy|4Hx5nJBfi8FzFWxztb),1,1778594840.0
1tay3le,oldpzhy,DameArstor,I mean that's par for the course with every country's subreddit. Nothing new or out of the ordinary here.,1,1778597071.0
1tay3le,ole41bu,keanu9reeves,"Reddit is just a bubble with some keyboard warriors that mostly stay indoors, dont join the sub, just come in once a week scroll scroll abit and move on",1,1778600790.0
1tay3le,ole64jk,kugelamarant,Where got goon?,1,1778601335.0
1tay3le,ole884l,Traditional_Bunch390,Touch grass dik,1,1778601898.0
1tay3le,olepkw4,SwimmingLiving138,"Idk mate I think it's the bias of you being a Malaysian and living in Malaysia. Grass is always greener on the other side, but that's hardly the truth. Other countries have other issues. 

Mate, street racing in Europe where they go 300kmph and wrap themselves on poles, robbery and high speed chases, organized crime or militant cartels, hate crimes, serial killings, trafficking rings, slavery, war, genocide, drug epidemic, gun violence, Impact of climate change and rising sea levels, earthquakes, volcanoes, tsunamis, the list goes on for the things you don't have to worry about in Malaysia. 

Also btw there are rempits in the US too but with bigger bikes. Imagine the combo of that same (I would say more) recklessness but with more power. Have you heard of road takeovers? stretched bikes with nitrous? Lowering straps? Squids? 

I'm glad I live in Malaysia.",1,1778606477.0
1tay3le,olh5zdz,Poteto_7396,"every social platform is the same, if you focus on negative stuff, negative stuff is all you will see and remembered.",1,1778632175.0
1tay3le,olhiod1,matsalehuncle,It's almost like the majority here have forced religious indoctrination and the minority have 2nd class citizenship..,1,1778636434.0
1tay3le,olhkdoq,Wide-Literature2328,"Majority of the reddits in other countries, the only positive thing are posted bg foreigners who travel to the country lol",1,1778637009.0
1tay3le,olhomaa,lipgl0ss4ngel,"what is there to be genuinely happy about besides good healthcare? our food is slowly killing us, we’re severely overworked, transportation is absolute bonkers, there’s more malls than things to do, there’s nothing to enrich our lives, everything is hella expensive, it’s so hot bcs of the lack of nature, you need a car to get around, the only benefit of working is going back home",1,1778638428.0
1tay3le,olhopbi,raiken92,"See kids, this is what being chronically online does to someone. Don't be like OP. Go out, touch grass, talk to actual people..",1,1778638456.0
1sr7k76,ohctsl1,Dicky_Dicku,Hannah : Kenapa tak bangun awal?,77,1776730112.0
1sr7k76,ohcutch,muddie83,Just sound. Say it loudly. People will likely back u up. But remember to attack their attitude and not their race or religion.,41,1776730481.0
1sr7k76,ohdcdyq,ItsNotJulius,"Point and laugh. Then turn to other people and say ""Dia tak reti beratur la guys HAHAHAHA kesian dia""",13,1776736781.0
1sr7k76,ohctxvs,leongzxc,"these are your typical queue jumpers, they probably do it OTR as well,

but meh, queue jumping is not a crime so nothing anyone can do.

just rude attitude.",9,1776730165.0
1sr7k76,ohdhcvs,BeneficialCup2317,"Malaysians or ppl in Malaysia need to be managed, need strict enforcements for things to run smoothly. Welcome to Bolehland.",5,1776738560.0
1sr7k76,ohdy9c1,Iz__n,"And then people inside had difficulty exiting the train. How do you gonna enter if no one come out. These people are selfish, brainless prick

And also, this what happen when the polis bantuan didn't do their work. Had one station where the PB is very strict and it was a bliss",4,1776745239.0
1sr7k76,ohe3ngx,SamahaDeb,same as highway exits. always got new lanes. the worse one is that mess of npe exit to sg besi exit to cheras exit to smart exit to spe exit to god knows what else,3,1776747677.0
1sr7k76,ohcy9ol,EverSoInfinite,"So you just gotta cut in front of them. And when you do so, you loudly shout ""Woi! Beratur! Beratur!""
They'll be so confused and ashamed they'll give up.",5,1776731741.0
1sr7k76,ohe30km,mlsy97,Same reason why people double park over an empty parking. Some people just do what’s convenient for them without consideration for others. Need to be sounded off or else they will not learn,2,1776747382.0
1sr7k76,ohe7kc5,GymsharkSingh,"Let me guess, masjid jamek?",1,1776749537.0
1sr7k76,ohe7s9z,GymsharkSingh,"Faced this in abdullah hukum, at the gate to tap the IC, a bunch of people just skip queue and tap their ic, they kept sticking beside us and then just potong last minute",1,1776749647.0
1sr7k76,ohe9wgs,Traditional_Bath_810,![gif](giphy|l0IypeKl9NJhPFMrK),1,1776750720.0
1sr7k76,ohepb4b,GeirrValdr,"There's another type that straight barges into lrt, didn't wait for ppl to disembark first",1,1776759224.0
1sr7k76,ohcvn0e,Urakushi,"Well as a joke,you witness a bunch of walking cibai(s) in real life,that my friend,should go on discovery channel,or better yet,national geographic channel",1,1776730783.0
1sr7k76,ohdgals,spaghetticode94,Time to create another layer underground and add more trains.,0,1776738171.0
1sr7k76,ohcx6p4,Imaginary-Fly3622,That was me. I started the third queue. Hehe sorry,-14,1776731348.0
1smmzyr,ogfdl97,Gr3yShadow,"if your parents are still working, can't they apply for the loan themselves?

30k loan with a 25k interest? that's a hefty loan there!  avoid if possible",138,1776296987.0
1smmzyr,ogfe782,-ENIX,NO NO NO NO NO NO,95,1776297193.0
1smmzyr,ogffln1,roboto_jones,"Unless you are already financially comfortable to take care of the loan yourself, don't do it. All families say they can make the payments, until they can't. Then it's your problem, not theirs.

Be an adult and ask them what the loan is for: car loan, mortgage cover, general expenses, or luxury purchase? Then you determine if that's reasonable or not to take on the purchase.

Personally, nope. Not carrying a loan for them but more than happy to help out financially with what I can afford to spare.",61,1776297675.0
1smmzyr,ogfmc6e,No-Control-809,"Hey, OP dont take the loan. I took a housing loan with my mom preparing every documentation for me. She initially said that its for her, but want to put it under my name because she too old and cant apply a full tenure. She also is planning to sell the previous house that we were staying and use it to cover for the payment. I felt reassured after hearing that. Regardless, my initial assumption is that she probably will have a hand in paying the loan since she said its for her. I never really asked much about her financial situation, since she always bragged she could have paid her current car loan completely anytime she wanted too. So i assumed she was financially stable. I was actually stupid for thinking that way. She never got that kinda money. Now after buying it, i have been fully paying it monthly, for the past 3 years. I am now 29 years old. Staying with my mom and her husband. I have been job hopping like crazy these past 3 years just to get that comfortable increase in wages. She have sold the house that I mention before, havent gotten the money from the bank yet (long ass process). But now she said, she wants to use the money for haji, and relocate to somewhere else for me to stay in the current house. Now that might sound reasonable since im the one who has been paying it. But I hate that this part of my life was so affected by moms financial decision. Really think about this OP",35,1776299981.0
1smmzyr,ogfe24g,_fried-Chicken,"Family is family, but taking debt is different thing. 

That debt is not even good debt, so why would you want to carry the burden. 

Just let your parent be responsible with their debt, it's not like the debt will carry Foward after they die.",49,1776297145.0
1smmzyr,ogfeaio,axlalucard,macam ahlong je. you dont get your self involved with ahlong. that is a pit too deep to kambus,22,1776297225.0
1smmzyr,ogfe86n,SnooCats7523,"My advice , don’t do it . You are just starting out and you don’t want to make this a habit . Your parents are adults who have lived longer than you, let them figure it out.",18,1776297202.0
1smmzyr,ogff9os,Southern-Leather3001,Absolutely no. No loving parent should ever put their child into financial debt. They're just starting their adult life.,14,1776297560.0
1smmzyr,ogfkl3z,astra_ag,"My sister in her 40s has to take on loan for a car that my parents wants. Initially promised they would pay, but no they don't, lol. Listen OP,  you know your parents best. If you realized they're the type that give an inch took a mile kind, better not give in. Before anything, before you're established they wanna take advantage already? Geez. Give monthly enough kot.",12,1776299374.0
1smmzyr,ogffluu,dc0899,don’t do it. the resentment will destroy your relationship with your parents before they’re financial issues do.,11,1776297677.0
1smmzyr,ogfjvh2,StunningLetterhead23,"Personal loan, especially unsecured (without collateral), is the number one loan that you need to avoid if you really care about your finances. 

Especially not for such a lengthy period like that. As you already mentioned, you'd end up paying almost twice of the loan amount including interest. 

First thing you need to properly discuss with your parents is finding any way to increase income like doing Grab, Lalamove or whatever. 

If anything goes wrong with the loan, it'll be your credit history that will get fucked. You're still young. You don't want a mistake this early on your path to be an obstacle for your future. Much less during this time full of uncertainties.",10,1776299133.0
1smmzyr,ogflugf,Independent_Year_453,"Hey man, coming from a guy who just applied a personal loan for personal purposes, I'd say no.

When it comes to finances, family is the worst and biggest one I'd say no to. Typically you'd get sweet promises now until something goes wrong, then you're stuck to pay it as part of ""your obligation to parents"".

Fuck that noise. Don't agree. It will be hard to say no to your parents but I'd rather say no than be stuck with a 50k payment.",8,1776299812.0
1smmzyr,ogff70d,Inner-Ingenuity-638,You go apply and ask the bank officer a favour to secretly reject your application. Show the rejection letter to your parents and tell them it is what it is 🤷🏻‍♂️,22,1776297535.0
1smmzyr,ogfehcs,nickosama,"It’s obvious, but since you’re asking, the answer is no. Shouldn’t even be taking a loan in YOUR name for someone else, if they want to pay for it, they can apply themselves.",5,1776297289.0
1smmzyr,ogfpmj9,West-Idea3912,"Why not just do the AKPK? 

The step before declare bankruptcy if not mistaken. 30K no small amount bro",6,1776301108.0
1smmzyr,ogfv0pk,Dvaed,"That smells like PWB, 30K loan for 7+ year and need to pay 6++? Just say no op. If you agree can confirm your life gonna change to worse.",6,1776302947.0
1smmzyr,ogg17an,getyourownwifi,"1. Always treat ""lending money"" (or loan on behalf of someone in this case) as you will never get the money back, be it family member or friend.
2. If you are financially stable (no debts or commitments), helping a family is always a priority.
3. Understand why they need the 30k, is there a better way to resolve? Or lower the amount of loan.
4. Understand how are they gonna pay the loan monthly for you, if they are struggling financially at the moment. Chances are you will be the one tanking the loan from halfway onwards.
5. Also, 25k interest is absurd, even loan shark is not charging that high.",7,1776305117.0
1smmzyr,ogfg7fc,Ok-Application-hmmm,"Please don’t, debt is far worse than feel guilty. Is not that you don’t want to help but it just risky. You will ruin your life. What do they need with that much tho? May argue with parents but it’s better than living miserable because financial",4,1776297882.0
1smmzyr,ogfi39z,Purple_Formal_8453,Don’t do it. Never lend money to your family and never let them know you have money.,6,1776298531.0
1smmzyr,ogfs7v6,ch7mbucket,Ask for cagaran. If they have land put your name in the land first. Then you can return it after they finish the loan,5,1776301983.0
1smmzyr,ogg0hld,MkTaimus,"My dad tried to psycho me into this type of boomer financial thinking plan, i fought back hard. Even religion is saying if anything to do with money, do it in black and white (collaterals,etc) as it can destroy families if taken lightly",5,1776304865.0
1smmzyr,ogg8v2c,leonhhh,"they wont pay it back, or came out with a lot of excuses afterwards, save yourself from the trap, don't fall for it",5,1776307838.0
1smmzyr,ogg8ync,sulhianuar,"Trust me, they wont pay back. And you will be in a deep financial trouble.",6,1776307876.0
1smmzyr,ogfvaem,Character_Prune_2029,"if your parent have an asset like house change it to your name first and if not it a bad financial planning… or you need to sit with your parent and talk about what the financial problem is bc sometime the loan is not 30k but more…. and kene keras skit with them 😂 bc you are 26 do you have planning to get married, kid bc that loan need 456 years to settle if you are really good at managing your money…",5,1776303041.0
1smmzyr,ogfzegv,BrokenAdventurer,"Young man, be real when it comes to money. 
Please met up face to face if possible. Ask them to run through with you:

1. How they are going to repay the loan? Get it as detailed as possible. 
2. What is the current income, commitments and leftover - this you would see if no.1 is factual. 
3. What are they going to do if they got terminated by their employer? What are their backup plans? 
4. What is the root cause of them getting into this mess in the first place? If the root cause doesn't get address, be firm and say no. 
5. What are the amount is their EPF? Or other assets like stocks, ASB etc? If all are zero, get the fuck out of there. 

If they are reluctant to address your questions, again, tell them no. If they have no plan, they plan to fail and probably to use you again. 

I'm sorry you have to parent your children but no, it's not your duty to fix their problem. I'm a mother myself.",4,1776304485.0
1smmzyr,ogfkstg,Spidey13a,"Family and loan is a great combination for an initial disaster, unless taking it professionally which would strike through the ""family"" aspect in it",3,1776299447.0
1smmzyr,ogfmq9h,Chemical-Watercress2,"Very hard NO, there’s a million ways to go wrong. You’re family, not ATM.",3,1776300118.0
1smmzyr,ogfugkq,Emotionally_broken99,"Stand on your feet on this. Just don't, please this is for your own future. I heard so many story on how the parents fuck up their children future by using their name for loan and didn't pay back as promised. This time just be selfish",3,1776302752.0
1smmzyr,oggi1xe,iammisselle,"Don’t. I volunteered to upfront a new house for my parents as we sell their current house. It’s been 7 years and I have been paying thousands monthly for the new house mortgage, while old house goes thru years of back forth with pejabat tanah, bank etc due to lack of documentation (which I had no clue of until the interested buyer’s lawyer informed us). House is still not sold yet, my parents have already moved into the new house, so I’m stuck. I love my parents but haihhhhhh

I suggest you: 
- tell them you’ve met with AKPK / a financial advisor  on your current state and with PTPTN (I assume u have study loans) and monthly spending they strongly advise you against this loan. Refuse
- if they’re already have a problem with money, what makes u think they can pay this new hole they’re digging? Maybe suggest mom to sell off her gold jewellery and other assets. Dad’s car? Maybe they do second job like affiliate? Or maybe even u and siblings try to take up extra jobs? If you’re still living with them, take over water/ electricity bill so they can instead use that portion on their monthly money commitments. 

So many other ways, but once you’re stuck w loans, that’s it.",3,1776311476.0
1smmzyr,oggw77s,princemousey1,No. Sounds like your parents are actively getting scammed. Find out who’s asking them for the money and what other licensed/unlicensed moneylender loans they have taken.,3,1776317594.0
1smmzyr,ogh4c71,Blakz111V2,"If you want to risk damaging your credit score, go ahead and take a loan under your name for someone else. But if they can’t repay it, you’ll be the one facing serious consequences.

Once your credit score is bad, banks may reject you from getting any financial products especially when you actually need emergency funds. And when that happens, your last resort might be turning to illegal lenders, which is far worse than dealing with a bank.",3,1776321608.0
1smmzyr,ogh7w7n,lawrencekhoo,"If your parents have property, ask them to mortgage the property. Mortgage interest rate much lower than personal loan interest rate. 

If they don't have property, then borrow from rich relative if possible. 

If no one else can loan them, and you still want to do it, then consider it as taking on personal loan to gift the money to them. 

No way they will pay back the loan: i. They are no good with money, they will be no good with money in the future, and will not make the loan payments. ii. They are old already, likely retire or no job, soon. No income, cannot pay.",3,1776323446.0
1smmzyr,ogfeghw,No-Home9054,No,2,1776297281.0
1t4ap6q,ok126vw,Twerktilassbounce,https://preview.redd.it/9bu2f1brjazg1.jpeg?width=593&format=pjpg&auto=webp&s=d58f8407d67e6784b05e2383e8dea99acb83fed0,45,1777974746.0
1t4ap6q,ok1jqlv,Brief_Agency5475,At least the father's name wasn't A. Tang. The son's name would have been Henry bin A. Tang,28,1777982340.0
1t4ap6q,ok16mu5,GenjiiTakeya,https://i.redd.it/zw2189v9qazg1.gif,11,1777976939.0
1t4ap6q,ok14e5v,ManDan_666,Hahaha. I like it. Good job my dude. Keep it up.,9,1777975859.0
1t4ap6q,ok1jo9i,paddle_resistance,![gif](giphy|G8xwi3ghEd02c),4,1777982317.0
1t4ap6q,ok24eh7,Traditional_Bath_810,![gif](giphy|l4JyX3V0yydvPHNBe),3,1777988985.0
1t4ap6q,ok17271,Just_Illustrator6906,"Well..

![gif](giphy|4YYe7Y5AFao365KFPh)",6,1777977141.0
1t4ap6q,ok12t99,Dicky_Dicku,Tak kelakar langsung,-4,1777975062.0
1syz89g,oixvk2s,maryamamanda,"honestly i think it's a modus operandi, i was at klcc and a woman came up to me asking for money, she saw me eating but i told her i paid my food with card and didn't have cash on me. She looked unsatisfied and said the same thing before walking away, and said that muslims should help each other lol",34,1777471012.0
1syz89g,oiy4dd8,Nightingdale099,"I bet they're M40 lmao by Malaysians standards. Mine told this sob story of donation package for an orphanage to break their fast. I was unemployed at the time , literally scraping by whatever my parents gave me. The cheapest package was 15 , and I only have 5 btw and as I was about to give my entire liquid net worth, he looked at me with sheer disgust and walked away.",13,1777473507.0
1syz89g,oiy3xj5,Lurker4Memes,"Same thing happened to me. This a scam. Met two of these kind of foreigners (middle eastern or pakistani) with the same ""fake injury"" and asking for money.",10,1777473384.0
1syz89g,oiy4xim,Allen_oo,"Dulu pernah buat haji tahun 2018. Solat subuh dekat surau. Lepas habis solat datang sorang mamat arab ni duduk depan aku cakap dia student, tak de duit tambang nak balik madinah. Mula2 pelik kenapa kalut nak balik madinah sedangkan hari wukuf dah nak dekat. Tapi masa tu mood tengah ""holy"" so bagi je la dia beberapa riyal. Lepas tu aku terus bangun nak keluar, tiba2 datang lagi sorang mintak duit sebab tak cukup duit nak beli kain ihram untuk haji. Terus sedar diorang ni memang geng target orang yang senang ""bersedekah"" masa musim haji/umrah. Memang muka tak malu guna agama. Dekat mekah pulak tu. Itu belum lagi yang jenis nak jual Al Quran, dia tiba2 pass Al Quran dekat kau, bila kau tak nak bayar nak pass balik Al Quran tu, dia pergi sembunyi tangan dia tak nak terima balik. Kita pun jadi serba salah sebab tak de tempat nak place Quran tu. Nak letak lantai nanti dosa. Nak pass balik dekat dia dia buat gampang macam tu pulak. Dekat Malaysia ni susah sikit nak jumpa (at least in my experience) orang yang freely guna agama to score a few bucks, tapi dekat sana, bersepah. So sad.",4,1777473661.0
1syz89g,oiz67j1,batzmaru,"Yoo.. wtf. Same thing happened to me here in sabah too. Middle eastern guy ask for money to go to hospital, even showed me his colostomy bag filled blood+urine. Asked for rm50 for grab fare and food. Only gave him rm10 for food. Few days later I saw the same guy in the area talking to some other ppl which i assume he is telling the same story. Next time i see him Im gonna start recording.",2,1777483657.0
1syz89g,oixwlp0,GaryLooiCW,"Should start recording

![gif](giphy|600M0ra9vX95ZvjaKI)",1,1777471312.0
1syz89g,oiyrjtw,thrownaway1811,I've seen this scam in Ampang and also PJ near mega rise mall. Also London. 😂,1,1777479739.0
1syz89g,oiyx161,EndChemical,"Who's gonna tell bro nobody gonna give him money on Friday, maybe a few suckers or tourists lol",1,1777481236.0
1syz89g,oj1norc,kimi_rules,"Was it in PJ? Saw the guy you described on Monday but he had injuries to his stomach and even show it to me. It's either fake or he was stabbed there and will definitely die in 48 hours without getting immediate treatment. 

Either way it's end-month for me and I literally have no money in my wallet or bank account, dude was disappointed and walked away lol.",1,1777509897.0
1syz89g,oj2mg21,Nikolaisme,There are people that will use anything to guilt trip others. It’s entirely up to that person as to whether to fall for such manipulation or not,1,1777522541.0
1syz89g,oj3e12a,retrofrenzy,"""We are Muslim and we should help each other""

True but lol, no. I've heard ""The hand that gives is more honorable than the hand that receives"", but Islam never encourages it's practitioners to beg.",1,1777536034.0
1syz89g,oj3yxdh,iammisselle,"Next time you see the dude, do Malaysia a favour and take his picture / footage and share it here,  threads etc. 
Taking advantage of kindness, what a scum.",1,1777546965.0
1syz89g,oj53ofb,Longjumping_Sea_1730,"From Islam POV the most patience person will be the first to enter Jannah on the day of resurrection. 

You can ask nicely or ignore , unless they are bothering you, then report them. 

This is why Islam in Malaysia is always on higher standard and praise by all other nations including Japan. Malaysian muslim are being thought on how to be more patience than disruptive.",1,1777560505.0
1syz89g,ojt7fvv,Pomegreenade,"Does he show you his colosomy bag and a scar in the middle of his abdoment that looks suspiciously like drug mule scars?
Yea, he's a scammer. Encountered him in Ara Damansara once and he won't leave us alone until I have to give him cash",1,1777870187.0
1syz89g,oiy73iy,Ok_Sheepherder4451,"In sabah, we have china state beggers with medical cards requesting financial aids. Wild times",0,1777474247.0
1syz89g,oiyg3vi,KL_Private_Access,"Don't feel bad about not intervening, you were sick and caffeineless, and honestly, safety first. These scammers can get aggressive if they are cornered or called out publicly. The ""miraculous healing"" you saw is the biggest giveaway. Usually, that ""disgusting injury"" is just high-quality SFX makeup or a very convincing prosthetic.

Using ""we're Muslims, we should help"" is a classic emotional blackmail tactic. The irony is that public hospitals in Malaysia are extremely cheap (RM1 for citizens, and they won't turn away an emergency case for a foreigner), so his story about ""no money for treatment"" doesn't even hold water. If you see him again, just keep walking or, if you feel safe, take a photo from a distance and report it to the nearest auxiliary police or security guard in the area.",0,1777476665.0
1sl7rd8,og4mov4,Seanwys,"Life presented you with a plan B in case plan A doesn't work out lol

https://preview.redd.it/qsw9jewbq5vg1.png?width=226&format=png&auto=webp&s=cb6ac2d27ba6c98061ad405ee506662131ae95e2",120,1776173032.0
1sl7rd8,og4gi62,sflpul,Its mean u have gay face,205,1776171089.0
1sl7rd8,og4ilzi,Infinite-Ostrich3601,"Depends on how hot the gay guy hitting on you. If he’s above 8, then ur hot. If below average, then u have ur answer. Same applies to any straight people hitting on each other. You don’t see hot gay dating a fugly gay.",44,1776171761.0
1sl7rd8,og4j7yq,Limp_Conference9194,It means youre good looking to guys. Straight girls and gay guys (generally) dont really share the same stuff theyre attracted to.,32,1776171955.0
1sl7rd8,og4gw6l,SultanMelakaIsReal,Nah def the gaydar been beeping on you. Time to check on yourself pal...,12,1776171214.0
1sl7rd8,og4mm0q,Particular-Alarm-283,https://preview.redd.it/m41215l9q5vg1.jpeg?width=1080&format=pjpg&auto=webp&s=6173574a1402381fdacf93c9628a884b68c7673a,12,1776173008.0
1sl7rd8,og4ht8k,ikkkky9029,"Just FYI, females and gaymen have different preferences and things they find attractive, if you've never been complimented by females but keep getting hit on by gaymen it probably means you look gay, and hey that's not a bad thing who am I to judge.",11,1776171507.0
1sl7rd8,og4muj0,Fillandkrizt,"As a gay guy, I would say most of us have a pretty high standard with an exception. Gays are men and men are inherently sexual so most of us are attracted to good physique. Your face could be average but if you have a shaped body with a few definition (doesn't even need to be muscular) best believe you'll get hit on. Women's taste are way broader and forgiving imo. 

But then again this also depend on a lot of other factors that can only be determined by a photo evidence for me to give anything concrete. Conclusion is don't read into it that much",10,1776173080.0
1sl7rd8,og4igs8,Alternative_Fan2458,Can't say until i see your face. (This is bait btw),5,1776171715.0
1sl7rd8,og4k10n,virphirod,"I think you have those ""bottom"" face. So masculine gay men, like those ""bear"" type would love you. But not woman tho",6,1776172208.0
1sl7rd8,og4gr1o,Glittering_Level_841,It may not mean you're good looking but you're certainly hot! So take it as a compliment and a boost to your ego.,9,1776171169.0
1sl7rd8,og4ir09,amiodarone_,"It's really subjective honestly, because the male definition of beauty is completely different from the female definition. So maybe you're just more eye catching towards guys than girls 😂",5,1776171806.0
1sl7rd8,og4ip8u,Twerktilassbounce,"To that specific person only unfortunately. But lucky for you, it's never too late to discover new thing",3,1776171791.0
1sl7rd8,og4pxrf,Equivalent_Sun_8476,come post some pics so we can comment better ;),3,1776174021.0
1sl7rd8,og4rmh6,amely_5ai,*Processing img 55k39gvru5vg1...*,3,1776174526.0
1sl7rd8,og4u8gf,I3usuk,Try dulu bos,3,1776175299.0
1sl7rd8,og4hyeo,AnUnknown_Player,"As an actual gay guy, I would say yes.

Edit: but it depends on that person's thoughts and feelings",4,1776171553.0
1sl7rd8,og4igbw,furyplantz,"Gal compliments my look but no gay lou compliments me but I know.some.gay lou in real life, they immediately knew I am not gay.

One time one gal suspected me a gay lou so he went intro me gay lou friend, went even like coffee date, and we talked, and he knew I am not gay.

Lol",2,1776171711.0
1sl7rd8,og4j3tu,Jaded-Philosophy3783,"No. Coz if you're ugly but your body fits their type, they'll still hit on you. You're good looking if  
A. older women who are strangers compliment you for your look  
B. random women cashier/seller give you discount and only for you",2,1776171918.0
1sl7rd8,og4mhti,Auriel21,Yeah to another men,2,1776172973.0
1sl7rd8,og8imjp,No_troller,Ey yo OP spill your pic here let us rate you.,2,1776212321.0
1sl7rd8,og9eug9,ZealousidealShift222,"Nope, i think mostly they think you will be a easy target or just try their luck to poke you with his banana. Stay out of it, some of these people are very nasty.",2,1776223275.0
148xv4g,jo3690a,mrdaud,"huh? I don't get the hate? Dua2 sub sama je from what I see. Penuh ngan beruk je aku tgk. Got good people, as well as idiots, same as everywhere.",54,1686738873.0
148xv4g,jo2nnrz,linktothepastz,OP wants tutup periuk nasi pondan,52,1686721935.0
148xv4g,jo2frkn,Quirky-Local559,"was going to say something... then the username.

Greenlight.",62,1686715964.0
148xv4g,jo2ii3x,LaggerOW,kalau diorang tutup r/Malaysia pun x lama lagi nanti keluar ah r/Malaysia2,29,1686717941.0
148xv4g,jo2wosu,zpikemccuck,Just open new subreddit r/malaysiabahagiankedua,12,1686729995.0
148xv4g,jo336vt,EvileyeofBlueRose,"My man woke up and said ""do it pussy""",12,1686736201.0
148xv4g,jo2iyo1,electronickittens,"Meh sometimes important and interesting information can be found there and i don't care much about the ideology stuff. Im not a lurker and if any of the content irrates me, I'll just go away i didn't even join the sub lol",18,1686718286.0
148xv4g,jo32hfg,Medium-Impression190,You do know that the Mods for both of these  subs are the same people?,22,1686735543.0
148xv4g,jo2j6cz,Mrdannyarcher,Haha pondan,8,1686718446.0
148xv4g,jo5ppxi,Bryan8210,"Dumb shit post OP. Just because that sub contains post you don't like, you kecam. Are you a shitty supporter (no, worshipper) of that non Malay provoker of racist shitty Hadi Awang?",6,1686781543.0
148xv4g,jo2ikum,Severe_Composer_9494,"Like it or not, r/malaysia plays an important role. A lot of things that we don't dare to speak in open, we speak there. 

Its not just about politics also. For example information about scams or faulty products or disasters are conveyed very quickly in that sub. Other subs can't replace it because the number of subcribers and viewers are much much lower in number. Plus, the mods are very active, which makes me wonder if they're getting paid. 

Yes it is very secular and liberal-leaning, in a country that is turning more religious and conservative. But it has its importance, at least for me.",39,1686717999.0
148xv4g,jo3k39r,[deleted],Like this countries boikot yahudi propaganda. Same people using iphones and facebook,3,1686747802.0
148xv4g,jo36iwr,Ah__BenG,"I just want r/Malaysia to buka again to contain Msian redditors leaking onto 4chan, with cringe posts.",3,1686739093.0
148xv4g,jo6lmla,Redxer,This is just waaaay to pety . macam ex bf takleh move on and putus terus,3,1686797807.0
148xv4g,jo3e2vl,Beautiful-Tension457,Bolehland is a sub reddit where I could act as stupid and laugh at stupid stuff. Like that gas mask lover dude and post that Malaysia reddit doesn't even allow. I just hope all the stupid element remains in this sub reddit even if a lot of Malaysia reddit join this place.,4,1686744364.0
148xv4g,jo2xjec,kinwai,Jgn la woi. Kang diorg nyemak kt sini,7,1686730809.0
148xv4g,jo31am7,EffaDeNel,"hahaha no. i have valid reason, i need to observe both conservatives and liberals perspective on rising matters either within malaysia or globally",7,1686734426.0
148xv4g,jo33zeg,Tuerto04,Weh ELI5 sebab aku bodo,2,1686736922.0
148xv4g,jo2gits,hybridjunkie,Berdasar,6,1686716502.0
148xv4g,jo2qz24,mark_the_lizardman,"Yeah, keep it private forever so we won't have to face all the atrocities in there",6,1686724743.0
148xv4g,jo2p6m1,WhyHowForWhat,Penduduk r/bolehland hardcore pula,3,1686723212.0
148xv4g,jo2zirg,KnowingMyself94,Jangan wei nanti budak acah2 mat saleh datang sini buat semak,4,1686732726.0
1sqdpce,oh75hk9,Max-ImumOccupancy120,Lol. FU. Thanks.,12,1776656115.0
1sqdpce,oh7a0ml,eq9953,"Remind me of this one

""My niece call me Ankle, I call her my Knees""",14,1776658074.0
1sqdpce,oh7gmwr,bruhddaa,"In honour of those 5900 people who lost their jobs in Selangor and KL in March, here's some dark dad jokes.

1. I was gonna tell a joke about the layoffs, but sadly none of them work.

2. Why is my wallet like an onion? Because when I open it I wanna cry.

3. What type of tea is hard to swallow? Reality.",11,1776661165.0
1sqdpce,oh74um3,Billy_Butcher139,knee how fine shyt,11,1776655848.0
1sqdpce,oh772hr,eddxtrastrange,"![gif](giphy|ZfEdVllj7OaKWeTuDM)

Sangat munasabah tapi tak munasarawak at all",6,1776656788.0
1sqdpce,oh7kd5u,Accomplished_Steak14,This is lacist,3,1776662989.0
1sqdpce,oh7xlnc,CoffeeScribbles,"What do you call a tiny mother?  

Minimum",3,1776669956.0
1sqdpce,oh742xv,carson6545,good one,2,1776655527.0
1sqdpce,ohaxzbt,AccForAsk,"Why usually it's the men who go out to throw the trash? Because it's trashbin not trashbinti
 
I heard this from the chic code podcast recently and I love it so much",2,1776708971.0
1sqdpce,oh7617w,Background-Care-426,"And when he sees you inspecting a cloth, 
""Bu how""",1,1776656346.0
1sqdpce,oh773h8,Penny_Curious,Aishooo 🤦‍♀️😅😆😂,1,1776656799.0
1sqdpce,oh7ita5,ttgrafaiaitt,African American with expanding knee,1,1776662221.0
1sqdpce,oh7ui6z,vyogan,What if you see an African American?,1,1776668261.0
1sqdpce,oh8mi0x,surrodox2001,"""Hen How""",1,1776683400.0
1sqdpce,ohdkmk8,Cincau_Masam,"Grandma asking a japanese person: “Why is this curry so salty?”

Clueless Japanese person: “Wakarimasen”",1,1776739752.0
1sqdpce,ohdv5rr,matsamdol,Need more of this,1,1776743887.0
1sqdpce,ohs6t97,[deleted],[removed],1,1776931887.0
1sqdpce,oh7ugl7,BuckDenny,"My fav dad joke . 

The other day I saw a great magician. 

He opened his jacket and screamed ""Allahu Akbar"" and he and 30 other people disappeared.",1,1776668237.0
1t0liua,oj9xcb3,generic_redditor91,"Short term, take up more side jobs. Reduce expenses. Cook at home, delete shopee/Lazada, stop all money burning hobbies etc etc.

My friend was shocked when he looked at his monthly expenses and realised all those eating out and being active in the pickleball community had hurt his wallet in 2025. But now he reduce pickleball and pickup beyblade. Haizzz. Gonna hear him meroyan again next month how expensive those gasing spare parts costs.

Long term, take training courses. Got a few free/low cost stuff you can apply for, sponsored by gomen. Use the courses to get better wages.",90,1777618283.0
1t0liua,oj9w2cv,malaysianlah,Yup msia every year price sure go up de.,20,1777617623.0
1t0liua,oj9x4jx,JustOrdinaryUncle,"cant really give a good suggestion now as things are going downhill everywhere thanks to the orange turd, really fucking hate Trump and his Epstein class people, but you can try and negotiate with your boss to allow wfh and organize with your neighbor to create a community farm to cut down food cost.",20,1777618170.0
1t0liua,oj9w9el,Recon_Unit,"Lacks detail, dont know your paycheck, also do you use diesel?",14,1777617725.0
1t0liua,oj9y5fx,MaxMillion888,It is every country friend. not unique to Malaysia,6,1777618701.0
1t0liua,oja2il5,Sweaty-Strategy2848,"Hi, sorry to hear about your situation.  
based on the details in the chat, roughly i think i get the gist of your situation. taxi driver, 3k per month but not stable.

Obvious thing out of the way, you are in the profession where petrol has the highest impact to your bottomline. To be frank here, the gig economy is not what it has been propped up to be. For all the stories of grab drivers making 10-15k a month back when it 1st started, the landscape now and then landscape then has changed drastically, with so many drivers in that space, its no longer possible to make that sort of income. The reality of it today is, its a dead end role as there is no upward mobility, and the payment to you is always going to be the bare minimum the company can afford as any increment will impact the bottom line of the company, which if you look at the economics of the company, is barely making margins. they arent scamming you, they are drowning them self, the issue is the industry.

The only honest long term suggestion here is to use whatever connections you have to get into something that has potential for upward mobility. Alternative is to start from 0 and try looking and applying for roles with entry positions. 

again, sorry on your situation, all the best pak cik\~",7,1777621044.0
1t0liua,oj9xd26,Stock_Reading_3386,"If you're searching for groceries, maybe you could ask your nearest masjid or surau, they usually have food bank they put out for the community to take. It certainly helped me when I was jobless because cari kerja lain. It just basics mostly, but you could get creative with it if you search online recipes",4,1777618294.0
1t0liua,oja8at1,eegatt,"I just came back from making a new prescription eyeglass. Wanted zeiss lens, got quoted rm700 just for the lens, asked the shop for cheaper alternative, gave me some random brand thats rm80 cheaper. Went with zeiss. 

Even budger option is expensive in MY.",4,1777624205.0
1t0liua,ojarje6,Isukaaaaaa,Stop eating out and reduce buying in those expensive coffee shop (if you haven't),3,1777633940.0
1t0liua,oj9z0fp,Miyubo,How much salary? and define your basic cost of living.,2,1777619156.0
1t0liua,oja1ou5,MashWankey,Cook food at home. My bet you are spending most of your money buying or eating outside. Basic groceries price still relatively stable and cheap.,2,1777620590.0
1t0liua,ojaa4zg,Chryeon1188,Look for new job and add more side jobs,2,1777625220.0
1t0liua,ojaach8,averycuriouspigeon,"Banyai habis at makan luar, find ur fav hawker stall and food court, i managed to only eat nasi ayam everyday and its only 7rm haha",2,1777625335.0
1t0liua,ojau7l0,That-Anything7867,"Its bad. Been bad for a while. I'd say, around 10 years or so, maybe more, depending on who you ask.

Making ends meet-wise, my honest suggestion is to get a second source of income. Side gigs can really be a blessing.",2,1777635060.0
1t0liua,ojaxso6,M3Seriesz,Define basic cost of living,2,1777636463.0
1t0liua,ojc9ogf,sadakochin,"It is. Unfortunately if everyone can do the job you do, the pay will suck. The only way to survive is to do things other people cannot do, then there is more likelihood of higher pay. Is it fair? Not really but we do what we can.

Ubah gaya hidup is the worst advice. It solves the problem now, but it won't solve future inflation. Only way is to learn new skills that uplift salary.",2,1777651011.0
1t0liua,oj9wpnm,Proquis,Take improvement courses and get promotion,1,1777617956.0
1t0liua,ojaze9w,byeolia,"home cook meal but the saving part is that u need to cook the same meal for one week or meal prep la. if u cook different meal everyday, than it will cost a lot. freeze the cooked rice and the meal in a small container and defrost.",1,1777637055.0
1t0liua,ojdunvt,cocobunana,can consider singapore,1,1777666975.0
1t0liua,ojii0kl,Traditional_Bath_810,"Work harder? And drop all unnecessary spendings?

![gif](giphy|bbcXfKM7sacXZFb8ri|downsized)",1,1777733500.0
1t0liua,ojtyusl,KaleidoscopeNo7375,Find new job with higher salary.,1,1777884724.0
1t0liua,ojvpyta,Frequent-Total8018,[ Removed by Reddit ],1,1777907928.0
1t0liua,ojaifbz,MosaicDream,"Eat plain bread with nothing. No jam, no filling. Every meal.

Drink only plain water, nothing else. No alcohol, no coffee, no tea. 

If you can, work in a company that provides hostel. Best if hostel is 5 minutes walking distance from work.

Do not own any vehicle or property. 

Do not have any hobby that consumes money. Certain games are free to play. 

Do not have any friends. If they ask you to hang out, just reject. 

If you have any worldly desire, kill it. Continuously repeat to yourself ""there is no money, only the void"" to kill your worldly desire. 

Not everyone can do this though, this way of life is very brutal and painful. Even though it does work.

Hope this helps.",-1,1777629675.0
1t8o22n,okwlh8i,cyberkewl,"Sorry to hear that bro but why did you guys keep all those expensive valuables in the car? Personally even for a cheap rm400 electronics item I dare not do that, not just because every kena stolen but what they might do to my car and cause a lot of hassle. What more there's company stuff in your car from your SO which is all the more reason to take it along with you everywhere you go.

More importantly now change all of your Google and account passwords, make sure your SO report company laptop stolen so they could remote wife if have such capability or remote lockdown etc. you can try tracing your phone or your SO phone of the thieves are not that smart but most likely unrecoverable..",54,1778368915.0
1t8o22n,okwdwik,CorollaSE,"This sucks. 

You mentioned no sigh of forced entry. Did you lock the car, and was it unlocked when you came back to it?

It's true that you were targeted. Thieves wait at the carpark with electronic devices that clone the cars key fob, enough to open the door. 

However, its also likely that if you didn't lock the car, an observist simply walked to the car and took everything out. 

Do you remember locking the doors?",11,1778366147.0
1t8o22n,okwynyv,Purple_Formal_8453,"There’s always signs plastered at various places to never keep valuables in your car. I work remotely too and even travelling in Japan I bring my laptop and luxury time pieces with me where I go.

Tough lesson learnt , but I recommend brining a back pack instead of a laptop bag. It’s easier t carry for longer periods of time",4,1778373878.0
1t8o22n,okwj72h,prepaidelbow,"Probably can trace back to who has the information about the goods being in your car if you suspect this theft is well organised. Otherwise, it is simply not your day where you could have done more to secure the items rather than leaving it inside your car. I'm leaning to the latter scenario with this limited info where the item can be seen from the windows and the perpetrator had a field day.",3,1778368083.0
1t8o22n,oky241a,tetsu2323,"This is so common that loss from unattended vehicles are excluded from insurance coverage by default.

Also common among new hires from my previous companies. Get new company laptop, leave it in car during lunch/dinner and gets embarrassed when it gets stolen because of their stupidity. What pissed me off was I was indirectly affected once cause my stupid manager lost her laptop and took the new one allocated to me before my first day, so I joined a new company with an old laptop that was lagging with battery issues.

Same with Teresa Kok, who left thousands in her car to go for a jog..Then blow more public funds on CCTV on something that could've been prevented.",3,1778389879.0
1t8o22n,okw6sfu,GGgarena,"you car window get broken? 

or they hacked the car bonnet?",6,1778363628.0
1t8o22n,okwkeh6,WeddingAccurate3576,is it handbag kind of laptop bag or a backpack one?,2,1778368525.0
1t8o22n,okwmxbq,I3usuk,No cctv footage?,2,1778369441.0
1t8o22n,okwn8lt,mckhalifa,Have you tried using iPhone Find My to track the location?,2,1778369558.0
1t8o22n,okxau5a,rockyescape,This is good reminder for all us to always carry our belongings where ever we go. Hope you get your stuff back OP 🙏,2,1778378499.0
1t8o22n,oky96vm,StudioAffectionate14,"Judgment errors aside, shouldn't relatively popular tourist destination - hell, all public parking spots with significant traffic- be equipped with not just CCTVs, but actual working ones?

But sorry for your loss OP, but on the bright side these are all tangible and you're safe.",2,1778393485.0
1t8o22n,ol1xy7n,SmoothCafe777,Sorry to read about this. Thanks for posting as a reminder to others,2,1778442652.0
1t8o22n,okxgszw,EverSoInfinite,"Guess you were targetted by Rolex. Or you had a gambling debt to pay off. Either way

![gif](giphy|tRvZsttenOxESROoEm)",1,1778380789.0
1t8o22n,okxudks,I_bought_shoes,Dang...bro hope you get them back but MY police....GL. Dunno about organise crime but GTHL is a very common theft spot for valuables not just in car parks but in hotels too.,1,1778386401.0
1t8o22n,okyhiyo,joe_kopitiam,once u kena like this you'll be paranoid about it for the rest of your life,1,1778398002.0
1t8o22n,okynamj,PitifulBat4557,"Sorry for your loss man. Having things stolen especially the watch is pretty much worse. Just remember next time to take all the valuable belongings with you, but lets say you want your hands free, you could invest in air tag next time and put it somewhere with your iPhone, in case if the bag gets stolen with company phone inside you could still track it on find my device on your personal phone to track down where the thief is.",1,1778401190.0
1t8o22n,okzlpdl,Midget_On_A_Bicycle,"So sorry to hear that. Can i know how the bags were stolen? Were the doors left unlock or did the their break a window, or did he snatch it while you werent looking?",1,1778417781.0
1t8o22n,ol31lp2,bigkkjmonster,You are obviously a Singaporean,1,1778455488.0
1t8o22n,ol4id0t,UnusualBreadfruit306,This is why we have insurance,1,1778476082.0
1t8o22n,okwcavs,Conscious-Package192,90 days visa-free travels invite a lot of unsavoury characters.,0,1778365573.0
1sso8iw,ohnc8he,Zackleh,"The relationship was 2 weeks. 

The post length tho......",115,1776871693.0
1sso8iw,ohndslz,ShahLeClaire,"You're lucky it's only been 2 weeks and he showed his colors quick. Although I'm sure the emotional rollercoaster sucked to go through, having it be over in such a short moment is a blessing honestly. Genuinely wish you better luck in the next one!",38,1776872122.0
1sso8iw,ohneq8h,doodoobonerman,I want my 2 minutes back,32,1776872379.0
1sso8iw,ohnfd7x,ForeverExecutioner,"It is blessing in disguise that you guys broke off early.

Best thing you can do now is move on and find someone else who will treat you better or enjoy your single life.  
It up to you but don't be a cuckqueen and get back with that jackass.",15,1776872553.0
1sso8iw,ohnb8j2,Traditional_Bath_810,![gif](giphy|xXflsa7VrvT7gGzNFN),15,1776871418.0
1sso8iw,ohp5q6h,hrric4ne,so this guy fucks both maddy and cassie ? is the guy's name nate jacob by any chance ? are you in euphoria's universe ? so many questions,11,1776890007.0
1sso8iw,ohntqy9,Loose_Ad5143,Lucky you no give him piap piap.. else you regret,9,1776876515.0
1sso8iw,oho1kow,MosaicDream,"When i was in university, my classmate got into a relationship with another classmate. They lasted less than 24 hours.",6,1776878630.0
1sso8iw,ohnlbwa,JREjunior,">Then on Sunday night he told me he wanna go to club. Trec btw. I said okay because that’s his life before we even talk so it’s not my place to say no.

did he invited u to join him and then u rejected?

sounds like hes into u just for the sex",6,1776874190.0
1sso8iw,ohomnmw,10000purrs,"Eh good la, trash takes itself out.",5,1776884528.0
1sso8iw,ohnjzdq,Infinite-Ostrich3601,I think he wanted to pak you only la..,4,1776873815.0
1sso8iw,ohqdqh7,WeddingAccurate3576,"Blessing in disguise.   
  
Prediction: when he is at his lowest point, he will come crawling back, asking whether you would like to go out again. There is a chance you may say yes. You would be a fool to go out with him a second time, and you would not be the only one.",3,1776904532.0
1sso8iw,ohpxpx1,Famous_Chicken_1469,This ain't love this is bullshit. Cant believe i read it. :/,3,1776898964.0
1sso8iw,ohqb3kr,Brief_Platform_alt,Life would be much less complicated if you stay away from haram stuff.,3,1776903630.0
1sso8iw,ohqq2j7,Ill_Vacation_1791,It’s ok move on. Only 2 weeks. Won’t count,2,1776908750.0
1sso8iw,ohrm2a9,Olly_Joel,"Dang. 2 weeks and already a roller coaster. 

At least you're free.",2,1776921108.0
1sso8iw,ohohfhm,_zenith33,kids these days sigh,2,1776883050.0
1sso8iw,ohnjnzg,stinkbabyy,"Honestly, I know you're feeling bad about it now. But I KNOW you will look this back and think it's really not worth your time or feelings to dwell on this or him. 

It's a nothing burger but a lesson nonetheless I guess",1,1776873727.0
1sso8iw,ohnwt68,CharmingCharmelon,![gif](giphy|PMHHlYc9z65Aqrowaz),1,1776877335.0
1sso8iw,ohpz17v,Feisty-Weird-9941,"Hey sister. Move on, he’s not worth a second of your breath or your worry. I know it’s easier said than done, but you’re dodging a bullet getting to this stage so soon.",1,1776899415.0
1sso8iw,ohqe1nm,Aggravating-Law6151,interim couple,1,1776904639.0
1sso8iw,ohrlm7d,TalosStalioux,"The fact that your relationship start with ""why not"" is interesting. Not to say its bad, just interesting",1,1776920900.0
1sso8iw,ohrpbqa,Asleep-Pattern4478,TLDR,1,1776922665.0
1sso8iw,ohs5gld,frostfeint3,guuuuuuuurl,1,1776931129.0
1sso8iw,ohspld5,Stock_Ear_7019,"Man, is this how the guys get laid. Just do stuff without labeling and BAM you got em.",1,1776941691.0
1sso8iw,oht6b6o,sometimehehe,Dont drink and drive.,1,1776948007.0
1sso8iw,ohpi7e5,wildsummerlily,You are not his GF. It doesn’t count until a mutual agreement on exclusivity happens.,1,1776893799.0
1t5wyhf,okdewdv,ShahLeClaire,"I somehow automatically read this whole thing in the voice of Benwoah

https://preview.redd.it/5y47fctxkmzg1.jpeg?width=462&format=pjpg&auto=webp&s=f7b33248c2952488a346a8f874c68813f7c817ac",45,1778120373.0
1t5wyhf,okddzv6,Fuzzy_Mulberry5511,"My house kena break in once. Of all things they could have stolen ... my cash deposit box, my mum's jewelry, my gaming pc ... they decided to steal all my slippers. Yes I had to walk barefoot at the nearest mall to get new slippers.

Fuck theives",25,1778120062.0
1t5wyhf,okdc188,Fraisz,"exquisite rant, steal his selipar next.

/s

>!fuck thieves!<",13,1778119397.0
1t5wyhf,okdhd3u,SextupleRed,Do you know when your new shoes are coming in? I'm totally not going to steal them as well,9,1778121236.0
1t5wyhf,okddq8a,Maatesh,Valid crash out. Bummed for you man. May your day gets better.,8,1778119971.0
1t5wyhf,okdcvtu,I3usuk,Mine now bb,10,1778119685.0
1t5wyhf,okdqlpd,HyperDron,"Sorry bro, I sold it to pay for my new ferrari. Thank you OP i will never forget your kindness",3,1778124699.0
1t5wyhf,okdjsmi,itanium123,Is it the 23rd May volleyball tournament?,2,1778122105.0
1t5wyhf,okfaqz8,Wyn_000,"How come this type of post mods don't kacau aa? My ""slightly angry"" replies pun kena banned.",2,1778151957.0
1t5wyhf,okdnn8b,syukara,fuckity fuckity fuck,1,1778123544.0
1t5wyhf,okdsr5s,Interesting_Grass_42,"Have a good day ahead, aside this day.",1,1778125552.0
1t5wyhf,okdyqqd,PsychoFluffyCgr,"Over 20 years ago, I had my shoes stolen by one of my friend before she left for a job, I was working that time and wearing different shoes. 

I still remember to this days, it was the first nice sbeakers I bought with my saving. 

Nice shoes is not cheap, I hope that person will have cramp, double toenails with warts under his/her toes,  bleeding cracked heels and unlimited fungi.",1,1778128047.0
1t5wyhf,oke2hx8,zookitchen,From a person whose house got broken into and so many irreplaceable stuff stolen i feel you. But glad you’re okay n in one piece. All the best on your competition!,1,1778129723.0
1t5wyhf,okegehe,Regular-Variety-552,"how tho, where did you left them?",1,1778136534.0
1t5wyhf,okf8ytw,rudeeamin,"Bro, cuba check dalam poket, mana la tahu jumpa.",1,1778151219.0
1t5wyhf,okgbnkq,eclipse_extra,This is why I prefer r/Bolehland.,1,1778163967.0
1t5wyhf,okglpc5,kevvie13,Around 30 years ago my bro's got his 1 shoe stolen and left the other sjde on the rack. Wtf.,1,1778166692.0
1t5wyhf,okddj0h,Twerktilassbounce,Thank you thief for this,1,1778119901.0
1t5wyhf,okee2x9,Own_Performance_961,I feel so sorry for you brochacho,1,1778135346.0
1t5wyhf,okdf1aq,expectstupidreplies,got special shoes for volleyball ah?,0,1778120419.0
1t5wyhf,okl2uxs,stratof3ar89,"On a side & unrelated note, anyone wants to buy a pair of used sports shoes? Someone at a volleyball court game them to me recently.",1,1778218614.0
1t1jiwu,ojgznfg,EuclideanEdge42,Anyone who starts this convo started it because having kids is sadly the greatest achievement of his/her life.,67,1777711424.0
1t1jiwu,ojh8mlp,Noone_2See,"This is common uncle and pakcik grab driver conservation. I got a whole ass life advice from pakcik grab, full on vent about 'ridiculous restaurant owners' by unc grab, and honestly i think only indian grab drivers are mostly keep out from personal/weird conversations. Mostly cuz they're taking to their family on phone while driving though lol",26,1777716329.0
1t1jiwu,ojhwewl,Baracudasi,Double the generational trauma and pass it to the next gen.,8,1777726628.0
1t1jiwu,ojhhitn,aoibhealfae,"Pretty normal actually... I kept being asked if I am married and what my age and then if they can ask me out for coffee.. except they know my house....so... .

But yeah a lot Gen X-Boomers are raised with ""have kids young so your kids can take care of you"" mantra. And then act surprised when their kids aren't being too attached to existing as the parent's retirement plan.",6,1777720718.0
1t1jiwu,ojgulmi,bmw320dfan,"I don’t get many ppl’s insistence on getting kids. It’s not only a massive financial commitment but a huge time sink

Ask the uncle if he’s happy grinding in his old age as a Grab driver. If no kids, where would he be?

I also don’t get the argument that couples need kids to sustain the relationship bc of boredom. That is the dumbest reason. Imagine you find out that you’re not compatible after having a kid. Then what? Divorce and you’re stuck with alimony payments, or be stuck in a lifeless marraige",18,1777708654.0
1t1jiwu,oji717q,Smirkeywz,"A lot of people love my rides.

""Hi, going to xxxxx?""

...

...

...

...

...

"" You're welcome""",5,1777730183.0
1t1jiwu,ojhfbyz,nahuatl,Always turn on Quiet Mode to avoid unsolicited advice and prying personal questions.,3,1777719721.0
1t1jiwu,ojhpcuf,Gulbuddinshah,"I agree with that Grab driver. You really don't want to retire while your kids are still in university. 

Easier said than done, though.",3,1777723983.0
1t1jiwu,ojgyn1r,Spiritual_Tooth9086,"No. This is not normal Grab driver conversation, because asking personal questions to random customers may offend them instead. Not a wise thing to do. 

But this is indeed one of the most common “casual” conversations for local uncles and aunties, especially when talking to people much younger than themselves. He probably was just repeating the same thing he said over and over again, to every young people he met. 😂😂 

Old people tend to run out of topic to talk about, so… they have the tendency to talk about their own past instead, to give out “wise” advices to younger generations.",5,1777710867.0
1t1jiwu,ojhn2zb,Speaker-Slight,"It’s funny how the reaction changes based on the messenger. If Elon Musk says 'population collapse is a threat, get married and have kids now,' people call it a strategic masterclass. When a Grab uncle says the exact same thing, it’s a joke. We value the status, not the logic.

![gif](giphy|pp37ctN31nM7pr03iu)",7,1777723091.0
1t1jiwu,ojieces,SulkingOnion,"Actually… if you plans to have kids, better to have them earlier like when you still 20-30ish.

After 35 it is very hard to be chasing after those little gremlins with unlimited energy…",2,1777732402.0
1t1jiwu,ojig8q1,InitialElephant128,Mine couldnt shut up about #bellasyedyes and goes on to shame ruhainis(?i dont follow much celeb gossip) and call her names and says she ruined the marriage and then end up dont wanna marry alif aziz (even though he was the one who has cheated with multiple women?). It was a very frustrating ride but I was tired and just wanted to be left alone…..,2,1777732968.0
1t1jiwu,ojjsbtz,Reasonable_Mood2108,"It’s that generation. They learned it from their earlier generations— and it has worked. 

It won’t work for ours. No way can our kids take care of us. We will be the last generation to do double care…",2,1777747029.0
1t1jiwu,ojki45s,Bitches_Be_Crayfish,"When your post said ‘full life plan’, I thought uncle was selling insurance and admired the hustle.",2,1777755060.0
1t1jiwu,ojm7ig7,Specific-Ad-1055,Y'all don't select quite ride and tell the uncle you selected quiet ride? :/,2,1777777111.0
1t1jiwu,ojgwn55,jasmineakainstant,Having kids so that they’ll take care of you when you’re older… 😬,2,1777709767.0
1t1jiwu,ojh0rva,Starring_Kampung,"Don't take it personally. Maybe he just wants to chit chat -- some Grab drivers have a habit that they don't feel comfortable with silence while doing their job / cant keep quiet -- Though his life advise cannot pakai one -- I dont agree with the idea to treat my children as my old age life insurance & carer -- how can I guarantee whether my kids will be there for me? The best way is to plan my old age retirement carefully so I wont burden my children. If my kids want to care for me, then good for them. If they dont, it's ok bcos I have my plan. My point is, this uncle comes from a different era so he cannot place that same era's perspective to today's adults.",1,1777712033.0
1t1jiwu,ojkos7m,Murky-Scratch-8136,"Everyone is unique and different. No right or wrong.

IMHO if I have the chance, I would want to have kids in my early to mid 20s. Very tiring when they are less than 3 years old, but as you see them growing up, you will be happy with their achievements.",1,1777757195.0
1t1jiwu,ojleh7y,justplaypve,"normal je tu kalau borak dengan makcik pakcik auntie uncle,",1,1777766294.0
1t1jiwu,ojluenm,Radiant-Topic966,"I think it's more so that you could have company of your children when you're older, and also so that you don't have to live with your life force all but spent trying to raise a child when you're nearing 50s.. 5 to 10 makes a whole lot of difference in one's ability to not fall asleep sitting on the couch for no reason whatsoever..",1,1777772208.0
1t1jiwu,ojndbof,chiengify,"I have a different view. I believe modern society no longer requires such a large population. This explains the global decline in birth rates, even in developed nations (especially the EU, with its superb welfare system, still failing to boost the birth rate). Plus the emergence of AI, fewer people can achieve the same productivity. This makes concerns about population decline sound more like a scam to lure people being born into an increasingly difficult era.",1,1777797511.0
1t1jiwu,ojnhurd,Abe_Bob_Nasrul,"In Asia especially of course sometimes they're more into it than your own families or relatives too 👀🤣😂‼️🔥✨

https://preview.redd.it/nnb1i8154wyg1.jpeg?width=450&format=pjpg&auto=webp&s=3230fd351db7136566da6293a9b66c1c23951a8b",1,1777799998.0
1t1jiwu,ok6cqev,Ancient_Unit_2773,"I met a grab driver last time who drove a BMW... reason for doing grad, ""have my own time away from the misses""",1,1778033684.0
1t1jiwu,ok9hozs,Peridot1958,Very common. I spent the last almost 18 months using train + grab as my primary transport. The amount of grab drivers who know of my fertility issue 🤦🏻‍♀️. Even more than the people in my personal life. Because they always ask whether i’m married and followed by oh how many kids do I have. And that is with quiet ride request. But layan je lah.,1,1778079606.0
1t1jiwu,ojgvxal,Puzzleheaded_Bowl314,A moment of silence for his kids 😔,1,1777709372.0
1t0dydd,oj8nt3v,322ismystyle,"because other girls already snagged the nice guys. The more older you become, the pool of nice guys start to shrink. The types of guys exist:

the ones you are meeting:

1. The player - He is still single and not committed because he wants to play as much as he can.
2. Another woman's husband - Exploring new girls on the side.
3. Asshole guy - He is still single because his terrible personality is putting all women away or constantly  available in the market because every girl is breaking up with him.

The ones outside your radar:

4) The broke nice guy - He is still single because of his low paying job so doesn't have money to afford weddings and to constantly go out with a girl.  
5) Heartbroken nice guy - You wont find him because he already withdrawn himself from the dating market because he kept getting rejected by girls when he was young.  
6) Gay nice guy - obviously you are not his target market.  
7) Overworked nice guy - focusing on his business ventures or grinding for career ladder because material wealth is more important that relationship

8) Mental nice guy - You wont see him outside because he is constantly going in and out for mental therapy.  
9) Jailed nice guy - He is inside the jail because of crimes he didn't commit so you aint seeing him outside.

10) Unemployed nice guy - He is at home being fed by his parents and gaming all day so he is inside surrounded by 4 walls.

11) Uninterested nice guy - They never had heartbroken or any other issues but simply thinks that hobby is more important than having relationship. Thinks relationship is a burden and free time is better spent on hobbies.",78,1777599281.0
1t0dydd,oj8eqoz,Longjumping-Fly6131,me at 40 this year and collecting cats.,72,1777596086.0
1t0dydd,oj8pce0,AngelBear1107,better marry late than marry wrong.,35,1777599834.0
1t0dydd,oj8e6qq,Every_Reality_9721,As a 38yo single mum. Agree whatever you're saying and more. Enjoy life babe,15,1777595888.0
1t0dydd,oj8dqix,LittleStarClove,My happily single 40yo ass has no advice for you other than don't have babies just because you want babies. They grow up to have minds of their own.,23,1777595728.0
1t0dydd,oj8p7ex,tempebae,"I pray you get a man who treats you right and in laws that pass the vibe check but if destiny fumbles, then I hope you go full feral in the best way. Healed, glowing, and untouchable. And please eat.",9,1777599784.0
1t0dydd,oj8g6wa,Necessary-Writing-42,How do I apply to be an heir to you mama?,7,1777596595.0
1t0dydd,oj8mrbp,dunkiedunk,May i know why you want to get married so much ? I have been engaged but i have no desire at all to get married. I never think abt it at all,6,1777598898.0
1t0dydd,oj8q09a,MosaicDream,"Today, a loyal man is rarer than a virgin adult man. They do exists, just damn hard to find.",3,1777600070.0
1t0dydd,oj8tvel,Twerktilassbounce,"Just found a cat today in the dumpster, hope he will stay if i fed him

jk",4,1777601426.0
1t0dydd,oj9c0j3,PsychoFluffyCgr,"Try not to feel desperate of finding someone you want to spend the rest of your life with. Otherwise you will just attract many of those players and take advantage of you. 

Is better to put high standards and understanding ourselves than just go with anyone just because you want to have children. 

You still very young, building a stable and safe space for your children take times. There's many of us over 40 who still single, is not common in SEA society but many do enjoy being single with many reasons.",3,1777608389.0
1t0dydd,oja2blo,Disastrous-Bet-3917,"I have seen something interesting as of late. 

A girl has a few good best friend with boys who are married. When she try to talk to someone who she is interesfed in the office the boys best friend will suddenly step in the conversation and disrupt it out of their own nature.

At first i tot its their protective nature maybe sees her like their little sister. But after a few more observation and some eaves dropping. I think they have other plan... But the boys are married. Now... why?

Lookin for love in office is tough. If you want to have that. Please keep the info outside of workplace. Go silent, go quiet. U don wan evious men harassing ur love interested. Good luck sister",3,1777620936.0
1t0dydd,oj8yi38,KL_Private_Access,"It is completely normal to feel like you are stuck in a tug of war between wanting a family and enjoying your own peace. Your late 20s can feel like a high pressure zone where everyone is telling you to be patient while your own biological and emotional clocks are ticking loudly. The ""playboys and married men"" phase is unfortunately a common experience because those types are often the most visible and aggressive in social spaces. Finding a ""true gentleman"" usually happens in the most boring or unglamorous settings rather than through grand romantic gestures.   
  
It is okay to feel sad about the ""what ifs"" regarding grandkids and heirs, but do not let that sadness turn into a desperate decision that ties you to a manipulative person. Your appetite for life and food will come back once you stop viewing your current singlehood as a countdown to a deadline. Maybe try to shift your focus from ""finding him"" to ""being found"" in spaces where the ""overworked"" or ""broke"" nice guys might actually be. Think hobby groups, professional seminars, or even volunteering. Those guys are not usually at the club or sliding into your DMs with smooth lines; they are usually just living their lives quietly. Be kind to yourself this May.",5,1777603084.0
1t0dydd,oj8lpuk,jazzyroam,can start with making new friends and see is there  any potential candidate. ask friends to help intro.,2,1777598521.0
1t0dydd,oj8rk28,smolPPandFloorgang,You still have a couple decades more. It'll be okay 👍,2,1777600611.0
1t0dydd,oj94t94,DoggyJahat,"Being happy is an internal, self-sustaining state & not dependent on others'. Cultivate a fulfilling life independently, allowing others to amplify, not create, your joy. Inshallah, it will work out in the end. Good luck!",2,1777605484.0
1t0dydd,oj9e5k5,ForsakenFuel4152,u ken do dis sis!,2,1777609255.0
1t0dydd,ojam736,Aggressive-Company11,"You're not wrong in the facts but it's wrong for you to impact yourself due to it. Why should you punish yourself due to some bad experiences?

I fully agreed that nowadays it's kinda hard to find a quality partner; both men and women. Maybe everyone is meeting all the wrong ones... 

Anyway, to everyone reading this, just enjoy life. Be happy because you deserve it. Do what you like, be proud of yourself and keep on achieving more for your personal satisfaction. 

If there is - good. If there isn't - also good. Life is meant to be lived to the fullest! 
Don't lower your standards ending up with the wrong one.",2,1777631542.0
1t0dydd,ojb0fmr,Jaded-Philosophy3783,"Good & financially stable guys are so rare these days. If you're older, it's gets even more difficult. Probably you need to settle for kind but less attractive guys, or a recently-divorced man",2,1777637434.0
1t0dydd,ojb3nm6,deepsan_,hi gurl i feel the same way as you areeeee. i wanna settle down so baddd and have a partner. and i also ended up meeting guys similar to yours. 😞,2,1777638595.0
1t0dydd,ojbi5ej,DependentPositive496,"1. Review back where you meet those clowns, and avoid the same source again. 2. It’s better to be alone than with the wrong clown. 3. It’s ok to yearn but do something with the time you have, give back, volunteer etc, your nice guys will likely come from those places.",2,1777643278.0
1tatdi4,olc1i0m,Brave_Kaleidoscope22,The only cheating I do at my workplace is do all the reports early morning and schedule email to send eod.,88,1778574453.0
1tatdi4,olbrc8b,Inevitable-Handle-91,Just put the emails in the laptop bro,101,1778569018.0
1tatdi4,olbwozm,wikowiko33,"I share a room with another colleague. Another lower ranked colleague finds my roommate every single day maybe even 3 times a day. Talking about random stuff.

She realises it's weird for these 2 married person to be so close in an enclosed workspace. So she tries to act when I'm in the room. 

When I'm not in the room they talk like flirting. When I'm in she will act like he's bothering her. Sometimes freaking awkward he's telling about his exciting weekend and she's striagt up ignoring him looking at the pc. Then he walks out. But sometimes buddy tells a joke and she gets smitten and laughs. 

Thank god for earphones and partitions.",42,1778571840.0
1tatdi4,olbvbv0,AIRA18,"Yes. Seen plenty

A married colleague often gets flowers and chocolate delivered to her. We thought it was her husband beeing all sweet. Turns out she was secretly in a relationship with a guy from another branch. Husband founds out, freaks out, divorces her and husband got custody of their kids. 

Secondly, a boss and his secretary at my wife's workplace. He's a genuine good person from the outside, treats his underling well, goes to mosque every night for prayer. One problem, he likes to bang his secretary in his office. Also he's my next door neighbor.

Also once witness a catfight when a guy sleeps with two female colleagues and one of them finds out. I told this story here once and didn't remember the details but it was so bizzare seeing two married woman fighting for a work husband who is also married.

Finally at my last workplace. Lets call A & B. A is 45(F) and B is 20(M). They have a brother sister relationship at work, constantly teasing one another with banter and zinger. Until A is pregnant and the kid is a dead ringer to B with same facial features like jaw and lips, its more apparent now that the kid is in in primary school she looked like B more and more. Either coincidence or A&B has been bumping uglies. It's quite the water-cooler talk among people who worked there. Still could be coincidence",68,1778571089.0
1tatdi4,olbygt2,l0g0ut,The kind of cheating I sometimes do is claiming 37km mileage instead of 35km.,55,1778572808.0
1tatdi4,olbwnub,karlkry,"bos tanya kerja dah siap ke belum, cakap belum siap tapi sebenarnya dah siap",19,1778571823.0
1tatdi4,olbrvdu,ch179,Micro cheating? Lol first time know this..,16,1778569286.0
1tatdi4,olc9ysg,Seekret_Asian_Man,"Yes, husband and wife work in same company as driver and office lady.

New office manager join the company and charmed the wife secretly, their relationship got found out and the manager suddenly not coming back to work, husband want to divorce but the wife refused, she resigned after a while, with colleague give her a farewell meal, only for her to crawl back to our company through cable after a few months.",17,1778578970.0
1tatdi4,olc1qa2,SicgoatEngineer,"work husband / work wife situation? 

yeah. both married with children. the male is my supervisor, while the female is below my level. 

I'm just gonna shut my mouth lol, I'm there to earn money, not socializing.",19,1778574580.0
1tatdi4,olcab0t,veryverynicela,"That was a dumb article, lol",7,1778579138.0
1tatdi4,olccdku,BeneficialEbb6992,Yes. Me. Been cheating on my diet. Wife don't know about my snacks,8,1778580149.0
1tatdi4,olcebh7,Chemical_Garbage_754,It was more spicy and pretty much normal in airlines industry. For some reason when I switched to office job. The cheating stories just disgust me out lol. Maybe because there were a lot more ugly people,6,1778581076.0
1tatdi4,olbqdtk,ho4X3n,What micro cheating ad?,4,1778568537.0
1tatdi4,olbsrbb,FoodRevolutionary967,"mine dont, but the hella stories I got from friends and it usually the same type companies. even to the point the cheaters got married.",5,1778569740.0
1tatdi4,oldfxvs,Exact-Boysenberry161,"my ex boss secretary was his gf. his gf knew my ex boss got a wife. his wife knew his husband got gf. the office have a bedroom for exboss & gf to sleep. sometimes wife came over to the office to send food to husband. i had to make pokerface when the gf & wife were at the office. 

to add more fck up to the situation, ex boss have another scandal. he cheated on both gf & wife. few years later, gf+wife+ scandal left him.",4,1778594287.0
1tatdi4,olbv154,Organic_Blackberry64,What is the micro thing in micro cheating?,2,1778570931.0
1tatdi4,oldekgr,Pelanty21,"I used to work in a call centre for a month. It was super dodgy, about 40 staff all foreign students who graduated but didn't go home (no work visa). I was one of maybe 3 locals. One day, someone sent an email blast to the entire company complaining about how DURING RAMADAN, the team lead for sales (an African guy) was fucking the team lead for production (local Malay girl). Both left and later formed their own company doing the same sales/production thing.

  
My sister's workplace had a ridiculous case of cheating. A married guy (Mr A), was sleeping with his staff, a married girl (Mrs B). People knew but it was consensual so not action taken. Another married girl (Mrs C) who reports to Mr A, was also sleeping with someone else in the office and again, no action because consensual. When Mr A found out Mrs C is unhappy with her marriage and has cheated, he also wants a piece of the action and kept bugging her for sex. Mrs C's husband finds out and claims their marriage troubles are behind them and that Mr A is bullying his wife and should be sacked. He kept emailing everyone (HOD, GM, President, Directors, HR, Legal, etc) pressuring the company to sack Mr A.",2,1778593893.0
1tatdi4,olcmleu,Sure_Necessary6351,It's called work wife,2,1778584617.0
1tatdi4,old5e6t,CommunicationTime424,Hahahahahaha,1,1778591135.0
1tatdi4,oldc82e,-Poplay-,a lot..,1,1778593199.0
1tatdi4,ole7q3e,qtsapnupuas,I schedule all my emails to be sent after working hours to claim OT,1,1778601761.0
1tatdi4,olezwxg,DJon57,"Does sending a picture of me clocking in, that I took the previous day just so I could sleep an extra half an hour count as cheating?",1,1778609170.0
1tatdi4,olhmr1k,Awetaku,"I do not understand why people want to cheat. I put certain boundary when mingle with male coworkers. Not much haha hihi huhu... I can laugh like crazy or be girly/ gedik2 when I mingle with women but with men, personally I think that is a dangerous move.",1,1778637808.0
1t3876y,ojte79b,karlkry,"![gif](giphy|v9mNF825DPHHDN0i2L)

ive read this one before",51,1777873529.0
1t3876y,ojtbme4,Twerktilassbounce,"Class war, not race war. Also, too many ""exploitations""",14,1777872221.0
1t3876y,ojtbp0g,giggity2099,"corrupt, selfish politicians that tunggang agama like a cheap whore for money and influence, instead of focusing 100% on what's good for the country, have always been the ones holding us back. Unfortunately, we don't know how to realize this and demand for better",29,1777872258.0
1t3876y,ojtb1n0,PTSD_PTSD_PTSD,"Didn't know that Taiwan pay that well, I thought only semiconductor industry pays well there.

People who chase after money usually go to Hongkong, Singapore or Dubai, seldom Taiwan.",10,1777871932.0
1t3876y,ojtw75s,ho4X3n,Are we living in a simulation? I saw this exact post before,9,1777883245.0
1t3876y,ojthha3,[deleted],[deleted],6,1777875212.0
1t3876y,ojtbql1,Weary_Ad_5854,"For what it's worth, it is because we are loaded with natural resources that complacency, corruption, inefficiency is common.",6,1777872280.0
1t3876y,ojtvwwx,OrdinaryDimension833,"There are also people making making good wages and living comfortably in Malaysia. Some business owners are even thriving.

I don't see why you must go to Taiwan. Perhaps find a job in Singapore and you can come back to Malaysia more frequently?",5,1777883082.0
1t3876y,ojtbkr5,Aggressive-Company11,Get married and stay together. You'll significantly notice less homesick,3,1777872198.0
1t3876y,oju2z0w,malaysianlah,eh why you repost your post on reddit/malaysia. you karma farming bot ah,3,1777886984.0
1t3876y,ojubfib,pythogorax,i wanna work at taiwan bro,3,1777891204.0
1t3876y,ojtl8wf,npdady,If zakat money also got longsap... Everyone is trying to get everything all the time. It's a zero sum game here. Corruption will never end. So nothing will ever improve.,1,1777877224.0
1t3876y,oju9gcf,Bandit-Bunny-7727,Earn enough and then come back when you are financially comfortable.,1,1777890275.0
1t3876y,ojupcwk,nongning33,"If and only if politicians stop exploiting race and religion for votes. If we had a system built on real meritocracy and healthy competition, we could thrive. I don’t believe any race is inherently disadvantaged. Just look across the Tebrau Strait, or even at top SMK schools in KL. Top scorers can be any race. 

We have much more people and natural resources than our neighbour, yet we are so held back. But oh wells, ideals are just ideals eh. Once race and religion are stirred up, it’s hard to walk it back. These two things are deeply tied to our own identity, which makes them resistant to reasoning or debate.",1,1777896851.0
1t3876y,ojv1wam,FerryAce,"If you miss home can always work in SG, just next door, probably can pay higher than TW depending on field, due to strong currency.",1,1777901061.0
1t3876y,ojwhin9,ConcentrateOther8181,"Well someone's gotta pay for Noryana Najib's handmedown birkins! and her sg hospital birth fees... Also, how else will she post about how her father was wronged if not on the taxpayer dime!",1,1777915327.0
1t3876y,ojtc8gn,thetwister35,"I know there's plenty of people in struggling in Malaysia. But seriously? No one is struggling in Taiwan? Even rich Scandinavian countries have people struggling. 

The job market is crap because of the Iran war.

And yes I do agree that if there's less corruption, our country could really have done greater than now. There's always that notion with every country in the world.

Again, if you miss home, just visit once in a while. If you're lonely, get a partner or a pet. I've lived abroad for several years so I get your feeling. I also know that every country has its problems.",0,1777872531.0
1t3876y,ojtzan7,Common-Environment37,better kutip mayat outside night clubs in Taiwan than here,0,1777884969.0
1nuv9k1,nh45kpz,Accomplished-Yak8584,https://preview.redd.it/z75x6xztoesf1.jpeg?width=900&format=pjpg&auto=webp&s=280603c035fe23d976f2f922a5203759372e4a6f,273,1759283415.0
1nuv9k1,nh4jyd1,MotherNeedleworker30,https://preview.redd.it/qsla7zx55fsf1.jpeg?width=500&format=pjpg&auto=webp&s=05b32dfdd8c65f1c9c1fb87b06d52640f5e6d539,92,1759288907.0
1nuv9k1,nh434bw,Accomplished-Mix-136,Mmmkay,21,1759282529.0
1nuv9k1,nh47txn,Distinct-Dot-1333,"FYI, their fruit drinks are almost as sugary, and even worse for diets cos liquids without the fat content of cream leave you feeling hungry again even faster-er. And if you just want the fruits, well, just buy fruits...",42,1759284216.0
1nuv9k1,nh4k5kw,AK07-AYDAN,"Go MiXUE

Today (1st October 2025) will be the another day I will eat a MiXUE icecream product. Making this post so that i will be accountable in the future.",27,1759288988.0
1nuv9k1,nh43bif,PristineEagle,why?,16,1759282602.0
1nuv9k1,nh45krf,chriselvin1025,ok noted.,9,1759283415.0
1nuv9k1,nh47wwa,[deleted],kalau org nk belanja u still on?,4,1759284246.0
1nuv9k1,nh5p5l0,Fun_Percentage_9259,"I never go for mixue or any of the chatime or boba tea.
My body cannot take fake food. 
Treat your body well, your body will thank you later.",5,1759311480.0
1nuv9k1,nh47y16,I3usuk,"Good, try ai-cha pulak",12,1759284257.0
1nuv9k1,nh43fz9,Jaded-Philosophy3783,u/Only_Simple_Man hope you succeed,2,1759282646.0
1nuv9k1,nh46uvt,Mehlano,Just ice cream products?,2,1759283876.0
1nuv9k1,nh4ggkv,ParticularConcept548,Gaslighting 101. Dude is doing this so people will be curious to try mixue. Kinda lame tbh,2,1759287480.0
1nuv9k1,nh57pqa,hlmfrds67,This posting make me want to try mixue for the first time and testing whether its really that bad or not,2,1759300713.0
1nuv9k1,nh48eno,JapDrag,Ok,1,1759284424.0
1nuv9k1,nh4dx96,SeiekiSakyubasu,"drink watermelon juice bro, dahaga pun hilang dan naturally manis tak yah letak gula",1,1759286491.0
1nuv9k1,nh4ejva,ilovemixue,no why has bingxue taken over,1,1759286735.0
1nuv9k1,nh4er7n,Ok_Sheepherder4451,Cutting sugar out or just anti china?,1,1759286813.0
1nuv9k1,nh4gpln,revo747,Why though,1,1759287581.0
1nuv9k1,nh4kj8w,J3batDurhaka,Um.. okay?,1,1759289148.0
1nuv9k1,nh4noa4,mashed_potayto3s,Aight. I won't stop though. I'm broke,1,1759290479.0
1nuv9k1,nh4p0nb,SimplordXD,Noted,1,1759291056.0
1nuv9k1,nh4puzu,Capital-Reality-9237,Man goodluck and keep it up,1,1759291429.0
1t4d9p8,ok1mmmw,bmdood,"I was fired for being late once 12 minutes. The biggest sin I have done during work. 😂😂😂 Its okay, we move forward stronger comrade!",50,1777983369.0
1t4d9p8,ok2mri0,CorollaSE,"Bro.

Unfair dismissal.

Just file at industrial relations department. Present all the evidence.

It's illegal what was done to you",32,1777994133.0
1t4d9p8,ok1n1kl,chipchonks,"Let me guess, SME company?",18,1777983515.0
1t4d9p8,ok1vu5m,Far_Objective4266,"Terminated or didn't offer u a contract when it ended? Unless they have other reasons that they petik,they can't fire you even if you took 16/16 mc's",12,1777986405.0
1t4d9p8,ok1lncm,curseland,Seems like someone just hates you granted we still missing the other side of story.,18,1777983022.0
1t4d9p8,ok1lfdb,Melonprimo,"4 out of 16 and they already on your tail?

Usually if already half utilize, we will advise employee to go to hospital to go proper check.

One found ulcer in her stomach.",7,1777982945.0
1t4d9p8,ok44cdm,RegularBarber415,"no body mention this but if u r malaysian, quickly apply the unemployment to perkeso, they covered 6 month of your salary while you job hunting",5,1778008598.0
1t4d9p8,ok1o7w3,SirCiphers,"Always remember in corporate or any 9-5 job, that you are merely a tool and no one is your friend. So loyalty means nothing to them unless you are family.",3,1777983927.0
1t4d9p8,ok1pmxi,ho4X3n,Take as a good sign that you dodge a bullet.,3,1777984412.0
1t4d9p8,ok2795f,Penny_Curious,"Their loss, you can find other companies deserving of your skill set.",3,1777989811.0
1t4d9p8,ok1qbbi,ew_whoisyou,which company is this? drop names or hints. can escalate to JTK also,4,1777984640.0
1t4d9p8,ok29vkx,Traditional_Bunch390,You won't want to stay in this toxic place anyway.,2,1777990559.0
1t4d9p8,ok2pzwz,RaSheep,"I am so sorry for you but companies have this stupid strategy or 'rules' that if you're on probation, even if you have technically Annual Leave, Sick Leave or whatever, you're not supposed to take them. This is how they determined how serious you are to their company. It's idiotic thing but it is known office politic thing. 🫩",2,1777995024.0
1t4d9p8,ok1nsb7,Noone_2See,"When im on probation for 6 months I take zero sick leave. You're on probation, not a permanent staff. It suck, but it is what it is.",6,1777983775.0
1t4d9p8,ok1vwds,Far_Objective4266,"Terminated or didn't offer u a contract when it ended? Unless they have other reasons that they petik,they can't fire you even if you took 16/16 mc's",2,1777986424.0
1t4d9p8,ok3e8bn,kojimbob,Is this a China company?,1,1778001506.0
1t4d9p8,ok4ytcw,kai626,"This is unfair dismissal, and you have grounds to report. Please lodge a report, get unemployment benefits from SOCSO, and good luck with your job search.",1,1778017039.0
1t4d9p8,ok72rle,Comfortable_Exit_595,To the labour department we go~~~,1,1778044137.0
1t4d9p8,ok818m6,Talisman-117,Dude this is a slam dunk lawsuit,1,1778061991.0
1t4d9p8,ok8taqr,Anxious-Midnight-143,"I get why you’re frustrated, but probation is where companies judge consistency more than anything. Even valid sick leave can still affect how they see reliability early on. That said, forcing yourself to work while sick isn’t the answer either bad for you and doesn’t really fix their perception. Feels less like anyone is 100% wrong here and more like a mismatch between you and the company culture. Probably better you found out now than later.",1,1778072701.0
1t4d9p8,okdi24c,Rogue_Gouda,Work laws and ethics are just suggestions to these corpo pricks. The higher ups expects you to give everything you got to increase the company and shareholders value while getting paid peanuts.,1,1778121485.0
1nj3d67,nenfqpi,I3usuk,![gif](giphy|G6sJqVpD1U4jC),103,1758083031.0
1nj3d67,nenhm3p,Brandon_T1690,"watch out guys, Mohd Andrew bin Tate is here",190,1758083917.0
1nj3d67,neng6i2,definedbyinsanity,"Sounds like work. Does not suit my homogeneous, derelict and schedule-less lifestyle.",54,1758083236.0
1nj3d67,nenfa7g,GGgarena,>pro trader,40,1758082815.0
1nj3d67,nenibam,LastCloudiaPlayer,"Ada 120k 
Donate 100k

What? 

Self own charity ke apa",36,1758084248.0
1nj3d67,nenjc6h,sadakochin,"Dabbled in trading, I can tell you that sometimes the market can lie. And if you all in, it's bye bye forever.

The urge to gamble is strong and it's definitely not for everyone.",30,1758084726.0
1nj3d67,nenm5ok,Nafeels,I hope the others realize this is a shitpost and not meant to be taken literally,25,1758086119.0
1nj3d67,neni7y0,Poo_Pee-Man,Sounds like scam,22,1758084204.0
1nj3d67,nenj5nw,ho4X3n,How to be pro trader? Join his training course 🤣,18,1758084642.0
1nj3d67,nenhx0v,[deleted],"Already done bro. Not interested in marriage, yet not berzina kiri kanan too. I know marriage will bring rizq, yet most I know marriage open a lot of pintu2 ujian and dugaan, and lot of debt too. Anak autism, spouse problem, mertua problem, money/career problem macam2 lah. Mesti kena punya. At this age just want calm and praceful life. When you give 0 fuck what others think of u, u truly free to choose what route of life you prefer.",24,1758084061.0
1nj3d67,nent01y,eccentricjack,https://preview.redd.it/ucxihw9i3opf1.jpeg?width=1290&format=pjpg&auto=webp&s=378cb7581774de3f204a2e66b85191812ea4652a,10,1758089768.0
1nj3d67,nenm0ni,gay_for_hideyoshi,Talk about escaping matrix. Then spew matrix NPC garbage 10/10 would take OP red pill,7,1758086048.0
1nj3d67,nenitbx,zpikemccuck,"If you get sick/hurt, don't buy medicine. It's not that you *need* it to stop the pain, it's because you *want* to stop the pain. Remember; spend on something you need, not want.",11,1758084484.0
1nj3d67,nenikr6,MCMXCIV9,Okay Mr. Tate. I also need advices with how to choose a female escort?,3,1758084371.0
1nj3d67,nenl5vw,ProsomM,https://preview.redd.it/maw6vdt5rnpf1.jpeg?width=224&format=pjpg&auto=webp&s=04b50d732477d3815853687db30c3226c7b1ba08,4,1758085617.0
1nj3d67,nenlxhy,KLchip,https://preview.redd.it/4dbbhcabsnpf1.jpeg?width=447&format=pjpg&auto=webp&s=b6eda101e458db37573d0c577ce77f4cde6aff5d,5,1758086003.0
1nj3d67,neniqce,shironawa93,"What kind of stock trading you do? Bursa, global or US?",3,1758084445.0
1nj3d67,nenkuxe,Hikarikz,"2k become 120k. 
Ok bro. Escape the matrix (dream)",3,1758085466.0
1nj3d67,nennozo,z_anonz,"""stock trading till 100k"". i think bro skip the most important part",3,1758086918.0
1nj3d67,neniui8,Illustrious-Hold-141,"No Honda no hoe.

But if buy used honda, you'll get used hoe?",2,1758084498.0
1nj3d67,nenjiro,Yamato_D_Oden,Lihat lah kekayaan saya. Anda juga boleh kaya sebegini jika anda join team saya. Mari mari,2,1758084813.0
1nj3d67,nenl3mc,Negarakuku,Quality shit posting.,2,1758085585.0
1nj3d67,nenuhty,dunkiedunk,My advice: you dont need to give any advice anymore.,2,1758090608.0
1nj3d67,neodteu,Then-Prune-9439,is this shitposting ?,2,1758102172.0
1nj3d67,nf2kb8f,goldenrajhitmen,"I'll have whatever he's having. Doesn't matter drinks,smokes or snorts, just whatever he's having",2,1758289793.0
1nj3d67,nenoa9b,malaysianxrp,"What did u do during XRP 0.20sen ringgit in year 2021? I was one of the luckiest bastard. 

What you wrote somehow its resonate with me. Majority are too engrain with traditional route and its not for everyone brah. 

First trap of prosperity is to buy BRAND NEW CAR when you received your first 3 month paycheck. This will trap u into consumer mindset. 

I liked your post OP. Kinda curious whats on ur mind. Im open to connect. Message me",3,1758087233.0
1nj3d67,nengvy5,deccan2008,"Pandai, investment skill better than Warren Buffett.",1,1758083573.0
1nj3d67,nenkbhb,oilydong,Or just take a short cut. Any sugarmommies here? I could take some whipping or i can learn how to bark too!,1,1758085201.0
1nj3d67,nenkh3o,Nearby_Reception_823,"Some dude from MOMO trading called me to do stock trading

I said invest in doge coin",1,1758085277.0
1nj3d67,nenmxwn,luckytecture,Chat does this work,1,1758086520.0
1nj3d67,nenn20o,WingBeacon,"Aside from the stock trading bs and quitting job after 1 month, living with your parents is very good advice on saving money.

Free food (masakan emak)✅ 

No rent ✅

Less tax to pay (someone fact check me on this) ✅ 

Pinjam kereta bapak ✅",1,1758086580.0
1nj3d67,neno28f,Lower_Writer8250,"From someone who trades actively on the stock market—my portfolio size is 250k, and each of my stock entries is at least five figures—I can attest that your 'be a pro trader' tip has been criminally undermined. It's comedy.

Those so-called 'pro-traders' are trying to sell you their trading course and make money out of you. Real good ones (from hedge funds) etc are, by contract, required to be tight-lipped. What do they get out of tipping you?

I lost count of the number of times people with 'get-rich-quick' mindset lost their net worth in the stock market. Don't harbour the idea which the stock market is a sure-win.",1,1758087113.0
1nj3d67,nenop1a,lyuk369,bro wake up,1,1758087448.0
1nj3d67,nenplxc,deedeewrong,"“If you got RM200k from stock trading… if your 2k turns to RM 120k..” so many IFs! And what if the opposite scenario happens? What if your stock picks aren’t magic and you lose what little money you have? Go back to part time work and repeat the whole thing again? I agree with not taking loans that you could not afford to spend lavishly on cars and tuxedos (lol) but your overall advice is vaguely to play the stock market, leech off your parents and mashaAllah for the rest of your life. Sounds like gambling and gambling is not a strategy.",1,1758087931.0
1t0u64x,ojbkuy3,Balan-balan,"If you find it, please let me know, I am stuck here since 2021",73,1777644091.0
1t0u64x,ojbr0lh,KrisTheBunny,"Edit : asked a security guard, and he point the direction with the sign that literally has ""main entrance"" in it

also the mall is so big like you can have 30 generations living there like rumah panjang but pyramid instead",22,1777645860.0
1t0u64x,ojbmpi7,CiplakIndeed1,![gif](giphy|LNLpm8hhY2yc7GPXB9),9,1777644632.0
1t0u64x,ojbn6cy,Zackleh,Society is doomed. 🤦‍♂️,8,1777644766.0
1t0u64x,ojbnodt,Own_Performance_961,Literally me when I first went into the new wing in One Utama,5,1777644909.0
1t0u64x,ojbq53d,_SBV_,Kenapa nda tanya passer by or security ja,3,1777645611.0
1t0u64x,ojbvubd,deedeewrong,"Report yourself as a missing child at the reception. Then ask a security to come get you. Btw, I notice malls no longer page parents to come get their missing kid anymore haha",2,1777647222.0
1t0u64x,ojccufw,Potential_Respect952,Hi U can install Sunway App for map,2,1777651893.0
1t0u64x,ojbngcy,ise311,"Go ask the concierge or security guards, duh",1,1777644845.0
1t0u64x,ojbov7h,itsnx7,+1 been stuck in a loop there since 1997,1,1777645249.0
1t0u64x,ojbpokb,SoftCauliflower4100,![gif](giphy|l0HlRXkltYoxsUpnG),1,1777645482.0
1t0u64x,ojbw1h0,Common-Environment37,if u bebeh i help u navigate out,1,1777647276.0
1t0u64x,ojbz37n,WinterSnowblue,"Same! I had to call a friend to literally guide me with a video call because i was there at 8 am for an interview, and literally no one in the mall to ask questions 🫢🫢",1,1777648117.0
1t0u64x,ojc9rt8,aoibhealfae,hahahahahahah... last time I went there for Big Bad Wolf sale and I got lost too and then trying to find the family mart just to get to the BRT. Stopped by a Nintendo switch game aisle.,1,1777651037.0
1t0u64x,ojcn9ox,Frothmourne,https://preview.redd.it/5vx576ya4kyg1.jpeg?width=686&format=pjpg&auto=webp&s=22fcc061cddb21a4a759be7371676da7b2317dfc,1,1777654771.0
1t0u64x,ojcp6hx,Gnnk16,jgn juga kasi ketara bahh aduii,1,1777655285.0
1t0u64x,ojd1vqm,KyeeLim,"have a heart attack, they'll have paramedics carry you out",1,1777658716.0
1t0u64x,ojdnsoe,Lunartic2102,If you still can't get out by tomorrow let me know. I'll bring you out,1,1777664992.0
1t0u64x,ojdspyo,Nightingdale099,"OP , I was here for job fair during 2023 and I'm still here 🥲",1,1777666419.0
1t0u64x,ojezkvf,tangledupinbetween,"What's so hard about getting out of the Pyramid? You go in, see which zone color you are in, then go anywhere you want. Then find back your original zone color to find the exit.",1,1777680283.0
1t0u64x,ojfjxr0,Lem0n_Lem0n,"I've been living here since I couldn't get out in 2001, how do you find a security guard?",1,1777687497.0
1t0u64x,ojfw645,Various_Mobile4767,They gonna find OP in 2000 years as Malaysia's Tutankhamun,1,1777692041.0
1t0u64x,ojgibkn,Grendelfolton,Wait until someone rolls a 6 or a 8,1,1777702243.0
1t0u64x,ok73xgb,Ancient_Unit_2773,"Easy, by not going there at all",1,1778044687.0
1t0u64x,ojby71i,Impossible-Hold6998,"In this comment section there is a reply from a well-known porn addict named hardtruthteller96, i would advise you to not interact with him to avoid becoming a “victim”",1,1777647870.0
1t0u64x,ojbkrdr,TopAct9545,"There you go:
https://education.minecraft.net/lessonsupportfiles/escape-the-pyramid.pdf",-1,1777644061.0
1t0u64x,ojbnvjg,hardtruthteller69,"If you are stuck, it is the time to ask your step bro for help.",-5,1777644965.0
1t54uyi,ok7dbr1,microwave98,there's nothing to report . just two good friends helping each other,136,1778049322.0
1t54uyi,ok7etxh,Kopitiamtard1985,unless ali wife service muthu now we talking,184,1778050090.0
1t54uyi,ok7dt17,HummingHamster,"I'm guessing if they are working for a public listed company, then it'll still under corruption, but only IF any favour is done with respect to the company.

If A helped B rewire his house for free and in return B will help take care of A's children, then I'm guessing this falls under personal favour. So then comes the question, report them for what?",29,1778049565.0
1t54uyi,ok7d46w,Gccyy,Report for what and to who,30,1778049217.0
1t54uyi,ok7dy3j,shinichi-holmes,Bro stop overthinking,13,1778049637.0
1t54uyi,ok7eqgr,Bowmore18,"100% nothing illegal based on what you wrote. 

Barter trade isn't illegal, and nothing to stop friends from helping one another like what someone said.",8,1778050040.0
1t54uyi,ok7lxvn,ezaccountant,"just on tax pov, textbook answer is that u should be reporting the market value of the services u received as income but in practice this is almost impossible and nobody do this",9,1778053824.0
1t54uyi,ok7dg9u,uselessprofession,"Nope, no money has changed hands so there is no financial transaction to be taxed on",16,1778049385.0
1t54uyi,ok7dzxq,wikowiko33,"Ah Hock will come to the house and collect his rent and if they can't pay by next month, everyone will sleep on the street.",13,1778049664.0
1t54uyi,ok7eko5,Imnotstupid95,"wat fark oh?   
willingly give service in exchange for another service  
why would they get into trouble?

you wanna give butsek for food also can de ma as long as it's behind closed doors  
Whose gonna report you?",6,1778049957.0
1t54uyi,ok7kap0,InterestingResort429,This is what we called barter system,6,1778052937.0
1t54uyi,ok7g5qt,Drunk-Foxy1738,is OP by chance 'Ah Kau'?,3,1778050763.0
1t54uyi,ok7hziz,riez69,OP might be doing different kind of 'service' unrelated to the example.. lol,3,1778051707.0
1t54uyi,ok7krp1,7MuNz7,This sounds like 60s kampung spirit . Nothing to worry here,3,1778053190.0
1t54uyi,ok7ji4z,jrngcool,This sound like question for chatgpt,2,1778052512.0
1t54uyi,ok7nkl4,veryverynicela,Are u just trying to find a loophole?,2,1778054706.0
1t54uyi,ok7vx7n,EzioKagura,No nothing is illegal if it doesnt involve the current company or your current job for whatever you are doing. If it involves your current job. Simple word. Conflict of interest or accepting gifts from individuals or companies that have active dealings. Then it is illegal. Some company have no gift policy when it comes to official work.,2,1778059264.0
1t54uyi,ok7eda9,Old_Camel_6745,"Cannot bro. Because of the taxation law, Muthu will have to rewire the gov office and Ali will have to take care of one of the minister's kid.",2,1778049852.0
1t54uyi,ok81y3n,Theshibainuinyou,"It'll only become a problem if it's scaled up to businesses or politics, eg ""the arms length principle"". Both companies need to record the transaction as revenue and expenses for the LHDN.",1,1778062337.0
1t54uyi,ok86qao,Inner-Ingenuity-638,Just friends helping each other la. Unless someone stumbles upon a written agreement between Muthu and Ali. That’s why these kind of “arrangements” needs to be done verbally and trust between the two parties needs to be solid,1,1778064559.0
1t54uyi,ok8afzi,Olly_Joel,"Ali provide material. Muthu provide services. Ali should've paid Muthu for the service with at least the a discount instead of paying full. I am concerned about Ali wife taking care of Muthu's kids for a year when Muthu out but it's probably just very young. 

Honestly sounds like pedalaman life where everybody help each other out. If it's mutually agreed on, it shouldn't be a problem.",1,1778066099.0
1t54uyi,ok8ojte,321aholiab,"Edit: I edit to delete my answer. I trust op read it aldy. Fuck the ai guy, I'm not feeding this machine if people wanna copy and paste my answer.",1,1778071192.0
1t54uyi,ok98147,Different_Fan5374,"Kampung spirit ma.. I help you, you help me",1,1778076988.0
1t54uyi,okbcp2w,hijifa,"Maybe if they accept the 10k it would be slightly fraud, like Ali accept the 10k put in his company, Muthu also accept 10k put in company.

Literally no money exchange then it’s not issue at all",1,1778097250.0
1t54uyi,okcw743,rubik2003,So which one are you? Ali or Muthu?,1,1778114017.0
1t54uyi,okljwl6,Huge_Revolution1726,Nothing to worry. Go ahead as long as they don’t screw each other’s wives.,1,1778226964.0
1t54uyi,okxlmei,Professional_Cook314,"Chill dude just do it, dont stress. Lhdn got better things to do than chase ali and muthu over some favors",1,1778382713.0
1t54uyi,ok7fufk,Few_Ad_2433,What the brainrot…,1,1778050603.0
1t54uyi,ok8qhbs,Accomplished_Steak14,"# 1. The Strict Legal View (LHDN’s perspective)

Under the **Income Tax Act 1967**, income is charged on any ""gains or profits"" from a business, profession, or vocation. \[2\]

* **Muthu:** He is an electrician by trade. When he performs electrical work (even outside work hours) and receives something of value in return (childcare worth RM10k), that RM10k is considered **taxable income**.
* **Ali’s Wife:** By providing childcare services worth RM10k in exchange for electrical work, she has technically earned RM10k in ""value"" that should be declared as income. \[1, 3\]

# 2. Personal Help vs. Business Income

The ""trouble"" usually only starts if LHDN can prove this was a **commercial transaction** rather than a **personal gift** or mutual help between friends. \[4, 5\]

* **One-off Favor:** If Muthu helped once because they are close friends, it’s easily argued as a personal favor (non-taxable).
* **The ""1-Year"" Problem:** Because Ali’s wife is providing a service for an entire year, it looks less like a ""favor"" and more like a structured **contract for service**. This makes it much harder to claim it's just a gift if a ""busy body"" reports it with proof of the arrangement. \[1, 5, 6\]

# 3. Will they actually get in trouble?

If someone reports them, LHDN would have to decide if it's worth investigating.

* **Lack of Paperwork:** Since no money changed hands, there is no ""paper trail"" (no bank transfers, no receipts). Unless there is a written agreement or text messages proving the ""RM10k for RM10k"" deal, it is very difficult for the government to prove the value of the exchange.
* **Audit Risk:** If Ali or Muthu suddenly shows a lifestyle that doesn't match their declared income (e.g., they buy a new car while claiming to earn very little), LHDN might dig deeper. For a one-off trade between neighbors, an investigation is highly unlikely. \[1, 5\] 

\[1\] [https://www.reddit.com](https://www.reddit.com/r/Bolehland/comments/1t54uyi/is_there_anything_illegal_if_2_person_exchange/)

\[2\] [https://www.3ecpa.com.my](https://www.3ecpa.com.my/resources/malaysia-taxation/malaysian-taxation-on-foreign-sourced-income/#:~:text=The%20chargeability%20of%20income%20is%20governed%20by,or%20received%20in%20Malaysia%20from%20outside%20Malaysia%E2%80%9D.)

\[3\] [https://www.quora.com](https://www.quora.com/In-Malaysia-if-you-receive-a-hefty-amount-of-money-as-a-form-of-donation-or-friendship-do-you-still-need-to-declare-it-though-LHDN)

\[4\] [https://www.lexology.com](https://www.lexology.com/library/detail.aspx?g=a9bf999d-4471-4dda-ad20-6178e4c349c3)

\[5\] [https://invictusadvisory.com.my](https://invictusadvisory.com.my/are-gifts-and-transfers-from-overseas-taxable-in-malaysia/)

\[6\] [https://www.accaglobal.com](https://www.accaglobal.com/gb/en/student/exam-support-resources/professional-exams-study-resources/p6/technical-articles/taxation-individuals.html#:~:text=A%20contract%20for%20service%2C%20on%20the%20other,business%2C%20both%20chargeable%20to%20tax%20under%20s4%28a%29.)",1,1778071820.0
1t54uyi,ok7dmm0,Ancient_Unit_2773,No issue,0,1778049474.0
1t1ht2w,ojgnlrs,Slight_Ad_8568,"This case a bit similar to the one where a group of people flipped a car into the river and accidentally offed the driver. 

Thought want to help but actually make things worse. Leave it to the professionals.",46,1777704934.0
1t1ht2w,ojgvg7w,yazzo7,"Peoples opinion varies regardless of your action. 

A. He takes action and succeeds, gets praised as hero.

B. He takes action and fails, get blamed.

C. He waits for bomba, bomba saves victim, he get praised for not making hasty decision.

D. He waits for bomba, victim jump, he get blamed for not taking action.

If you say this will encourage people to not care/help, then if he succeeds it will encourage people to go on acting hero despite the danger. You know there's a lot of case where individuals who try to help end up dying especially in case like fire, drowning. Public shouldn't really engage unless they had experience or expertise. One person could not hold a person from jumping. He should've waited but I don't blame him. 

Remember the ATM commando who jumped from penang bridge to save the suicide victim? He do it because he knows his limit. That doesn't mean people should copy what he did every time there's a similar case.",29,1777709113.0
1t1ht2w,ojh4je3,Few-Computer-6609,"I remember few months ago there was a post in this group where a guy committed suicide by jumping off Penang bridge. 

The people around him were desperately trying to talk him out. Even one person said ""you need money? I can give money"". They were trying to stall until firefighter came to rescue. But alas, the guy jumped right after he answered one of the witness when asked ""what's your name?""

It's damned if you do. Damned if you don't. 
Feelsbad to witness that",12,1777714123.0
1t1ht2w,ojgylfl,RelevantPen3111,"Keyboard warriors biasa lah, can easily comment anything they want without clear conscience...",13,1777710841.0
1t1ht2w,ojgk6en,nawicav,This is good. We should not try to intervene in a dangerous situation. What if you get dragged along? What if you say something wrong that makes them jump? Stay far away and just call for the authorities.,11,1777703195.0
1t1ht2w,ojgl2ky,BabaKambingHitam,"No one said he shouldnt help. He should just consult the girl, drag it out and wait for a professional. Bomba will deploy air cushion. Bomba will plan how to grab yhe girl. Bomba has the actual experience. 

Help within your ability. Overestimate your ability cost life.",17,1777703649.0
1t1ht2w,ojgsp0o,AngelBear1107,"personally I think while that guy meant well, he failed taking into account that the girl might get startled or struggled (in which, this is what happened), worst still, could be pulling him down together. that's double tragedy.",3,1777707632.0
1t1ht2w,ojgqd40,TheHighwayApostle,"I think people should have common sense when trying to help.

Car overturned? A ditch right beside it? Flipping it towards the ditch? Really?

A woman sitting on a ledge? Her mind in a mess? Approach from her back and spook her? Half assedly grab her arm with just an arm? Really?!

No one said not to help, but ffs have some common sense la.",7,1777706376.0
1t1ht2w,ojgz2ph,pepega1222,"nah, the only correct answer is leave it to professionals.

will there be keyboard warriors questioning your inaction? yes, but they are wrong. Never overestimate your ability to help as it probably worsens the situation.

will there be an alternate universe where he saves the girl? yes maybe 1 in 10 chance but waiting for professionals would result in higher chances of success.",3,1777711106.0
1t1ht2w,ojh104q,xerxesbear,I would also get startled if someone approach me from behind,2,1777712160.0
1t1ht2w,ojgl3ha,giggity2099,"any form of help (counseling, psychiatric) should be given welllll before it comes to the point when they want to commit suicide. After that, there's nothing anyone should do but to wait for crisis negotiators to solve the issue. The guards and bystanders are NOT trained for this.

This incident should make both China and Malaysia do a joint effort to address mental health issues more seriously in their respective countries. Key word is ""should"".",2,1777703662.0
1t1ht2w,ojh3zor,BandicootSecret3250,"Yes true not to blame anyone but someone has to take responsibility especially after there’s a clear evidence of how unprofessional it was handled. The woman was clearly in unstable emotional state, but atst i believe if someone were to use a different approach, she might still be alive. She just needs someone to talk to, take as much as time as possible before doing any forceful actions. Truly unprofessional approach.

Condolences to the family.",2,1777713820.0
1t1ht2w,ojhwf0p,-OddLion-,In the end I feel is China tourists give us problems...,1,1777726630.0
1t1ht2w,ojjcytp,GlitteringWeight8671,"The issue is not that the police bantuan should not have done anything.

Look up standard procedure to deal with cases like this. It is never to try to grab the victim when she is not looking with ONE hand. The police was simply untrained to deal with this delicate situation.",1,1777742516.0
1t1ht2w,ojit02t,mangomansixtyseven,What do you realistically want the bystanders to do OP ? Even the help that came for her startled her into her drop .,0,1777736697.0
1sykdsd,oiuy06c,Xalkerro,"Entirely depends from couple to couple. The “general” consensus is couples going to have less and less of it as the time goes on. It’s not entirely true. The initiative from both sides needs to be there. Guys, bring your women out for a date atleast once a week, rekindle those passion. Try something new on the bed and keep the communication going. Most of the time those sex drives dies off due to no effort.",80,1777426466.0
1sykdsd,oiuyal5,notaknifeguy,"Marriage itself has almost no effect on the frequency, it’s having kids you need to be careful of.",73,1777426565.0
1sykdsd,oiv1rte,shafique155,"Been married for 6 years now with 2 kids, proud to say that we’re still having sex once in every 2 days.",42,1777427752.0
1sykdsd,oiv0ibu,Truth9892,"It is actually become less frequent because of having child, not time

Due to exhaustion of having to take care of the child and having less privacy

If you are childless, you can still have sex everyday if you want, even after decades",27,1777427319.0
1sykdsd,oiuzxh4,shiatar,"It is not linear like everyone seems to think. Frequency goes up and down throughout the years depending on life, kids, stress, health, work etc. Healthy sex life requires healthy communication.  Sometimes its the wife that not feeling it...Sometimes its the husband...sometimes both. Romance need to be worked on. Couples who think that its just THERE magically are the ones that will struggle. And no, just because your sex at some point is not great, does not meant the relationship is over... sometimes its just a phase... work at the relationship, go on dates, be affectionate. Schedule sex. It doesnt have to be  spontaneous and mind blowing every time. Manage expectations, everyone grows old.",10,1777427121.0
1sykdsd,oiuzz2h,international_sky365,"Meanwhile Me at the age of 29 (M) (non malay) 184 CM / 74 Kg  have a degree, working in corporate and still a virgin… I just couldn’t relate regarding about sex. I do have sexual desires, well I just masturbated that’s all. My peers always thought that I have a higher body count and have many exes, great advantage due to my height. And that’s not the truth. I have been just 1 relationship. Fyi, I have been rejected many times too and keep trying. IDK, maybe relationship or even marriage just wasn’t for me.",26,1777427136.0
1sykdsd,oiuwn7p,Mission_Public_8442,Daily become weekly.. Become bi-weekly.. Become monthly.. Now bi-monthly.. 🥹,31,1777426007.0
1sykdsd,oiv05kx,fructoseintolerante,Once a week on average. Because our child sleep late by the time she's asleep we're both already exhausted.,7,1777427198.0
1sykdsd,oiy0a45,NinjaWK,"Married for 27 years, we still do it daily, and it's been more than 10 years since we've gone more than a week without sex unless she's having a period, or either of us being away on vacations without one another. We sometimes do 2-3 times a night during holidays/weekends. We won't wake up in the middle of the night to do it during weekdays as we need to wake up early to send kids to school and prepare for work.

If your bedroom is dead, the relationship ain't worth it. Sex is not everything, but it is a major part of a healthy relationship. If we go 3+ days without sex, people around us will easily notice that we're grumpy and get angry with each other easily. Once we make love, everything's back to perfect again.",4,1777472363.0
1sykdsd,oiuxccp,PalmOilSludge,Almost daily unless too tired from work...,5,1777426243.0
1sykdsd,oiuwvcn,Twerktilassbounce,"Jap jap, manage expectation macam mana tu? Kalau dah kawin jadi kurang atau tak buat, takmo kawin ke macam mana?",2,1777426083.0
1sykdsd,oiv4ofw,Youlknowthatone,"Just saying, one of the signs of depression can be total loss of interest in sex. Sometimes depressed doesn't mean cry every day. Functional depression is absolutely a thing.",2,1777428750.0
1sykdsd,oiv6naa,jwrx,"there is no 'general' level of sex...totally depends on the partners drive, energy levels, compatibility levels. 

for us...its gotten alot better over 20 years, my wife was quite innocent when we met...and over the years has gotten alot more adventurous",2,1777429419.0
1sykdsd,oiuza34,Background_Oven8884,Not even married but we do it maybe 1-2 times in 2 months. Been dating for 7 years atp and we're still living apart so we barely had time for each other let alone having sex.,2,1777426901.0
1sykdsd,oiuzgr6,Away_Sample_724,You didnt eat the right food.,1,1777426964.0
1sykdsd,oiv20ju,Jaded-Philosophy3783,"lack of abstinence only makes it less exciting. Like going skydiving for the first time vs doing skydiving as part of a daily training after 1 year.

porn addiction tho, makes your intrument less sensitive, hence less rigid and less stamina. I've heard cases where they cannot even enjoy oral sex since it's no longer sensitive enough to feel it",1,1777427836.0
1sykdsd,oiv28ze,npdady,"Before marriage, about twice a week. After marriage, about once a week. 2 years into marriage about once every 2 weeks. 4 years into marriage, once a month. During pregnancy, 0. After baby was born, once a year.",1,1777427916.0
1sykdsd,oiv5nlv,Brilliant_Tapir,"Few times a week to once a week after kids. Wife is the type that needs more sleep even before kids, so worse after kids.

Unfortunately, kids are like me and don't require that much sleep.",1,1777429084.0
1sykdsd,oiv9hyo,Pieck_chan,once a week usually,1,1777430397.0
1sykdsd,oivc5lp,ShadeTheChan,"Most singles i know have less sex than married couples.

Not me say only, stats also says this… 

https://podcasts.apple.com/my/podcast/married-people-have-more-sex-than-single-people/id1185701282?i=1000641702896",1,1777431337.0
1sykdsd,oivcs5o,rakkksaksa,Minimum 3x a week 😅,1,1777431566.0
1sykdsd,oivq364,Wonderchese-Duck,"there is a saying where a guy would never change even after getting married whereas the lady always changes is quite true to me. u have to understand things like pregnancy, if unlucky, may change a woman. things that were working before somehow suddenly stopped working or u both have to somehow work around with new arrangements. usually, it is true that libido declines as guys age but the same may not be said about a woman though. some lady may start to enjoy it more than in their youth too. compatibility is very very important here because people think with guys it is always about being youthful and ""fresh"" but no, it has always been about hygiene and being a ""willing dance partner"". if she hit all the right ""button"", you know you never need another.

your expectation, is to understand and seen it by now, if your spouse is somebody willing to work with u on whatever aspect in life and be open to discuss anything - u know ""in hardship and prosperity till death to u part"" or she is those kind who expect u to handle everything because you're the guy. this will tell.",1,1777436880.0
1sykdsd,oivsibg,Key_Topic8084,"Daily, weekly, bi weekly, tri weekly, try weakly. 
20 years. 50s. 😄.",1,1777437938.0
1sykdsd,oivyimj,nightfishing89,"With ex-husband, I’d be lucky if it was even once a month, let alone 5 a year. I’ve gone through a whole year without it even. He told me he had low libido, turns out he was cheating with multiple women. 

Current husband, about 3-4 times a week, sometimes more. We’ve got kids together too but thankfully did now slow anything down. Only for the initial newborn stage but after baby grew a bit older, we found back our groove again. I guess the husband being a bit younger also accounts for the stamina but hey, no complaints here.

But as others have pointed out, it varies from couple to couple and also depending on your life situation (kids, health, stress, etc.) what’s important is keeping an open communication with your spouse and sometimes coming to a compromise on your needs or wants. Honesty is always the best policy, especially when it comes to marriage.",1,1777440711.0
1sykdsd,oiw11wn,Expensive-Nothing814,18 years now. Thank god we are still active. 3 kids.,1,1777441949.0
1sykdsd,oiw3htu,khairul619,Couple of days before and after her period,1,1777443166.0
1sykdsd,oiw554v,CuckooHunter,"Haha. It’s a rollercoaster. Married 10 years + 2 kids. We started off sex 2-3 times per week (pre-marriage). Now it’s twice a month. BUT! It’s quality sexy time la, not half-assed sex.

Kids + work + and all the stress around it is a mood killer. You’re dead tired by the time you have the time for it. There was a period (6 months or so) where we both found time for sex 1 every month or two months. It just was not in our priority list. But we joked and talked and stayed connected. I think that was key.

Once our kids got past the 5 / 6 year old mark, sex life opened up again. We were always connected though, we communicated and kept our passion alive. 

If you ask me, twice a month grade A bedroom session beats 3 times a week quickies haha. At least in my eyes and my personal experience.

That is genuinely the key. It’s what you and your partner want / need and how to get there.",1,1777443998.0
1sykdsd,oiw8o35,BadMoFaKor,"every night

https://preview.redd.it/rufxj87xu2yg1.jpeg?width=278&format=pjpg&auto=webp&s=54f46602c097a6b7a1ed456ebfa4d2ffbadf7dfc",1,1777445804.0
1sykdsd,oiwj84o,Senior-Effective6794,"Every alternate day. 

Its is not getting low for us, i dont know mybe because our kids already start going to school so we get more time together and boy i cant keep my hand away from her",1,1777451556.0
1sykdsd,oiwmfew,Allen_oo,"Once a week, every saturday, when the kids take a nap. Sometimes wife will ask for second round the next day. If we need to stay elsewhere during weekend, then its postponed to the next weekend.",1,1777453338.0
1t9r7r1,ol43hzo,Jaded-Philosophy3783,Being a mindless loyal customer is never profitable,73,1778469414.0
1t9r7r1,ol44fx8,CaptainPizdec,"Thank you for your honest feedback, our UMobile support team will revert to you shortly (5 to 14 business days)",45,1778469809.0
1t9r7r1,ol4ao6a,Accomplished-Yak8584,"Shhh....

https://preview.redd.it/u7dwm9funf0h1.jpeg?width=2048&format=pjpg&auto=webp&s=9478d89da925cf754d873b7788ce61f1a5874e28",16,1778472504.0
1t9r7r1,ol44k4c,squickwood,"Should just ask them then and there how do you port out along with all your 12 numbers and watch them scramble promising you heaven and earth only for you to say, 'Nah thanks tho'",12,1778469859.0
1t9r7r1,ol48arm,syukara,"Yea, like my case a month ago, I've been loyal to DG for over a decade, never once I pay late and for a moment I just realised I've been paying more than what I normally used, so I decided to change to another telco for cheaper monthly subscription and yea DG called and told me I've been long term loyal customer to DG and ask why port out? I just said I want save budget and after talking bunch of nonsense stuff, they finally offered me with a new plan that is RM5 cheaper thn my current plan and with unlimited data. Like...I told them I only consume like 10% data monthly so I need a lower data package and in the end they still not offering anything better. So they really thought RM5 cheaper a month is going to make me stay? Nah, I better off with other telco with plans that suits me better. So yea, bye bye DG",10,1778471463.0
1t9r7r1,ol46lss,radminator,"It’s because they decided to base their entire eligibility decision based on a third party credit score with no care about your payment history or customer record. How such dumb people reach senior management position, who knows.",8,1778470732.0
1t9r7r1,ol4se4q,williamtan2020,Funny thing is there will be Maxis/Celcom customers sharing your same experience and they're now talking to UMobile. Its just the Matrix for all of us I tellu,5,1778481129.0
1t9r7r1,ol4efyb,Virtual_Force_4398,They *all* treat you like that. Do not renew. Just search for a better deal and leave.,5,1778474219.0
1t9r7r1,ol49an2,ExpZer0,"What's the best Telco now? I'm using Spark, rm25/month, 40gb, 100mins.

Got phone ok, no phone also ok. Using Poco for long time, wifey keep poison me to get iPhone, if Telco give free ok la, what you guys recommend?",3,1778471894.0
1t9r7r1,ol4iyvg,shwaamon,"My friend, look at the coverage/price/speed priority, not the models you can buy under package.",3,1778476379.0
1t9r7r1,ol52f1l,juifeng,thank you for your payment for 2 decades and you will be missed - Legit Umobile CS.,3,1778486472.0
1t9r7r1,ol53ayu,idontknow_whatever,"Lol UMobile devices offer so shit one meh, when I ported out from Celcom (pre-merger) to Maxis I straight up ask the Maxis branch I went to what devices I can pair with just to survey

The Maxis staff told me if I take their RM109 plan basically all devices even the flagship iPhones and Samsung can be paired with the data plan with options 24/36mth contract. 🤷

Didn’t take them up on that as I ended up just taking the cheapest postpaid plan

Celcom did offer devices PWP also when went to their branch to begin the port-out process.",2,1778486950.0
1t9r7r1,ol4nipy,BeneficialCup2317,"In this era, why do ppl still want to use a contracted mobile plan with device?   
  
Use a mobile prepaid plan, use your credit card fpp 0% or paylater 0% facility to buy a phone lah.",2,1778478642.0
1t9r7r1,ol48piu,Sena93,"Wait... does device plan worth it? 🤔 always force you to subscribe to higher plan to even qualify for ""free phone"" with additional installments",1,1778471640.0
1t9r7r1,ol4fsfd,All-About-Facts,Did they say why you aren't eligible? Is it credit score related or is your plan just not high enough? It's always more expensive to get the phone from the Telco instead of buying it outright by the way.,1,1778474850.0
1t9r7r1,ol4hwzn,Difficult_Focus3253,"lol

  
u ported out fast data as well",1,1778475865.0
1t9r7r1,ol4wy9z,TeBp242,funny how so many users of Maxis & CelcomDigi now are complaining of slow services and moving to UMobile instead,1,1778483509.0
1t9r7r1,ol4yn0o,dnx103,"Port out and ready for the offer.

Usually la like that..",1,1778484414.0
1t9r7r1,ol55hym,AIRA18,"I did asked umobile rep if im eligible for their iphone device plan, after checking with my ic they told me im not eligible even if i put an advance payment. Maxis however is more welcoming in that regard so i went with their iphone plan with additional 1k advance payment",1,1778488144.0
1t9r7r1,ol5b7aj,opustheopossum,"If I'm not mistaken, they check your IC for your CTOS score to determine whether you're eligible for a flagship phone I guess? Idk man, but you being able to pay for 12 members of your family members should scream ""I can pay"" in their face but alas.",1,1778491224.0
1t9r7r1,ol5q9kc,Thin_Illustrator2390,Switched out a couple years ago after using for 5-6 years. Have not regretted it since.,1,1778498332.0
1t9r7r1,ol5rrnx,kevvie13,Good. Let your wallet do the talking..,1,1778498941.0
1t9r7r1,ol64sp6,tibodak,Zerolution okay lagi kot,1,1778503680.0
1t9r7r1,ol7fux4,Truth9892,"Meanwhile u mobile keep spamming sms asking me to upgrade my plan for ""free"" iphone",1,1778517101.0
1t9r7r1,ol7k5qm,Ill_Vacation_1791,You are not eligible. Just accept it and walk off.  12 phone number… what are you doing? Ah Long?,1,1778518269.0
1t9r7r1,ola9u1u,StatisticianNo7111,"Used to be umobile user... Using their portable wifi hotspot. They allowed to freeze acc temporary if you going oversea and never use the umobile line... Which i did... They will deduct it out... But when i do, they never deduct... When i asked about it, they simply say ""you are using it"" asking them show data, they cant proved that im using it... When i want cancel it. They say got pending payment even i fully cleared... I even paid extra... At the end of the day, i just ignore it... Throw their dongle back to their service center....",1,1778547248.0
1t9r7r1,olbu67a,ho4X3n,"Never be loyal to ANY brand. Only be loyal to your own wallet. Companies don't give 2 shits about their existing customers; their only goal is to attract new ones. I had to pull the ""let me talk to your manager"" card when Unifi Mobile came out with a cheaper package with better benefits. They were like ""but sir this is only for new customers"", like mf, what if I cancel my existing plan with and sign up for a new one, would that make me eligible as a new customers? After a few awkward exchanges and the support person checking with their piers, they decided to just change the plan for me.

For this specific situation, it is rewarding to be a Karen.",1,1778570473.0
1t9r7r1,olec2s0,wikowiko33,"What's wrong with you guys being loyal to a fucking phone number/telco.

I was talking with my colleague she was so proud she's a gen 1 maxis user for 20+ years. With zero benefits. And occasionally have to renew contract to get some promo. Fuck this shit man. 

I change my number and telco everytime there is a good promo (that's worth changing for). You're not loyal, you're just paying bills on time.",1,1778602926.0
1t9r7r1,olehizo,YueEllen,"Umobile eligibility is weird. I don't think even their staff knows what the criteria are for eligibility. I use umobile(10+ years) and was on their cheapest postpaid plan. Earlier this year I decided to go for an iPhone 17 256gb with 36 months contract with the RM68 a month line and got approved for it. My friend(also 10+ years using Umobile) has been on the RM90+ plan all along, never missed payments or been blacklisted, was not eligible for the same iPhone. When we go to UMobile at Berjaya Times Square to ask the staff just said not eligible with no explanation. My friend ported out to CelcomDigi and got his iPhone there instead

Edit: All telcos here are the same, as in they are equally bad. Just go for whatever works for you. In my case, Umobile works well at my house and workplace, so I stuck with it.",1,1778604385.0
1g7raky,lssubp1,CaptainPizdec,"When people say tax the rich it doesn't only mean rich people get extra taxes (which some do), it often also means tax the rich in a way that they pay the same percentage wise to the poor. Do you know that rich people often use government subsidies and underpay their workers? Like in the USA case Amazon and Wallmart and Costco etc pays the minimum and their worker need to get food stamps. So the government and tax payers effectively subsidize their business while they rant on tough business environment.

Or the case that rich people park their assets in untaxable areas and take a loan using their assets as collateral so they don't get taxed for their spending money unlike you and me the plebs?",134,1729401655.0
1g7raky,lssxpia,flyden1,"The concept of drip down economy is bullshit in the first place, not taxing the rich because they provide jobs is what the rich tells the poor so that the poor stays poor. Stop reading Kyosaki, he's full of shit.",65,1729403600.0
1g7raky,lst0i4f,PralineAcademic6161,"To be honest.. even if the rich and poor are taxed in the same rate.. the amount would be vastly different..

If person A earns a yearly salary of 30k.. taxed 10% would be 3k

If person B earns a yearly salary if 300k.. taxed 10% would be 30k

So those that say tax the rich more.. they already are according to this concept.. the thing we have to stop is the ability for the rich to avoid paying taxes.. don't let companies avoid paying tax if they do certain things..

Also I saw something recently that said the top 15% of Malaysians are paying the majority of the taxes because the rest of the 85% are at such a low salary that they don't qualify to pay.. so maybe it's not tax the top 15% more? Maybe it's ensure the Malaysian citizens are able and capable to have jobs that pay better?",14,1729405351.0
1g7raky,lsswjfv,pyroSeven,"You got brainwashed thinking that you’re just a few hard working years away from being a millionaire when in truth, most people will never be millionaires.

https://en.m.wiktionary.org/wiki/temporarily_embarrassed_millionaire",57,1729402902.0
1g7raky,lst0mk0,Duke_Almond,"There are two types of rich. Say you own a company, and pay yourself 30-40k per month. You can do tax write offs, (e.g. say that your car is a business expense and save 100-200k), use loopholes to pay less tax. These guys should be taxed. 

Say you are the second type of rich. Works in MNCs for 20+ years, climbed the corporate ladder and now are earning 30-40k. You are already paying 30% tax on what you earned, have no benefits of the first type of rich person, and probably worked your arse off to get that position competing with other working class individuals. The same tax should not apply to these people.

A blanket tax for both of these people would be very unfair.",28,1729405430.0
1g7raky,lst3pkd,Jakeyloransen,sorry to burst your bubble OP but no amount of hard work is going to make you a billionaire assuming you're the average Joe from a middle class family. especially not during these times.,17,1729407420.0
1g7raky,lssx4u9,deccan2008,"Rich get rich through hard work is capitalistic propaganda. True rich get rich through inherited wealth, criminal acts and personal connections.",35,1729403258.0
1g7raky,lssu685,Adventurous_Owl_3011,"limiting the disparity in wealth inequality helps to prevent violent revolutions

violent revolutions are a bad thing for everyone",6,1729401573.0
1g7raky,lssvmih,royal_steed,"Another thing being ""rich"" is also subjective.

Imagine my salary RM15k per month, can consider as ""rich"", but I got 2 parents with health issue , so need hire caretaker for both of them round the clock. Per month is RM10k. I have 3 kids, and one of them have a rare disorder and need take special medication and visit specialist often, RM2k per month, that left me RM3k, after all bill and expenses, I left RM500 for saving.

Am I rich ? Should my subsidy be removed ? Should I be punished because I need to work harder than usual to help my kid and parents ?",18,1729402368.0
1g7raky,lssyvfv,Pinkybleu,"Punish the rich? What do you mean by punishing the rich?
Let's take a comparison. A 300 ringgit fine for illegal parking. Who's it gonna hurt more? You or Daim? 
The fallacy of open market created competition that benefits the rich and nothing else. So why shouldn't you tax the rich more? Do still remember our tax works on a tier basis.",15,1729404321.0
1g7raky,lssvskz,spd3_s,Have you heard about tax loopholes? The rich able to afford using the loopholes with professional helps. Big business can play around and declare profits are minimum thus pay less tax. If only businesses are honest and pay their share for country development properly.,13,1729402464.0
1g7raky,lsstfof,Mann_Tap,Im not good in economics but imo some tax rates should be proportional to one's income so it would be fair but I get it who tf wants to declare their income and assets without some heavy filtering? Just like communism wont work because it requires everyone to be honest and not greedy.,3,1729401173.0
1g7raky,lsta304,silverking12345,"This is basically the a view of reality from the perspective of the elite libertarian lovers and the ""self made man"" narcissists of society. But these people never seem to mention very key informations that make their claims nonsensical.

For one, they profit from state infrastructure, and that means roads, airspaces, ocean routes, legal systems, police, army, democratic institutions, etc. They owe the state and the people for part of their success so there is no such thing as ""self made man"". If they deny it, just ask them to kindly relocate to a deserted island and see if they can build a company to serve the pigeons, fishes and trees.

Secondly, the rich arent always paying their fair share of taxes. I used to intern at a accounting firm and lemme tell ya, loopholes are real and they do use them. And beyond that, they lobby the government to reduce taxes and block labour reform policies, something they know for a fact is bad for the bottom 90-80%. 

Then lastly, and it's fairly simple to get this, the truth is that it is simply good for society that the rich are taxed more. The rich are hoarding money that they will never need to use at the cost of everyone else having barely enough to survive. They keep prices up to profit as much as they can to make themselves millions/billions while all of us worry about shrinkflation and rent.

A pompous capitalist might cite capitalist ideals but honestly, if those ideals let rich folks to hoard wealth while millions suffer, then they can be discarded as well. At the end of the day, the main principle is that we should ensure the prosperity of all man, capitalism and market liberalism be damned.

Note: These points apply to capital owners (business and share holders), not rich employees who are themselves part of the working class. The difference is that employees serve the capital owners while they serve their greed.",7,1729411785.0
1g7raky,lst4zei,Dapper_Reporter2000,"Household with 13k is already consider ""mahakaya"" by madani t15c concept.. are they rich? Maybe but mahakaya? Of course not.. so if ur parents earn each 7k, they already consider u mahakaya n should tax more.. n the way madani put this people as villain will not suprising me in future people will try to hide their income more than before.. funny this gov, u put people that already pay more as a villain, punish people that already pay more with more tax n gave everything to people that pay less or not pay at all.. if this madani is a company, mmg bangkrap lah",5,1729408267.0
1g7raky,lstlvf6,[deleted],You actually fell for the “I was from among you” pep talk. 🤣,6,1729420004.0
1g7raky,lst9f6c,_Krispy_Kreme,"Since monetary needs and wants don’t scale at the same rate with higher income. A T20 and B40 can survive with the same amount, let’s say, RM100. So the rich person is better placed to contribute more to taxes, since they have more disposable income. Takkanlah a family living below the poverty line has to contribute taxes at the same proportion as a middle income or rich family, at the expense of their health and wellbeing?

Also “hard work” when poorly defined is a bad measure of tax contribution rate. I’ve seen some mamak fellas and foreign workers who work physically much harder than let’s say a web developer or middle manager, but their wages are valued to be much less.",3,1729411327.0
1g7raky,lst0z80,[deleted],"The best way to do it is to drop taxes which the rich manage to avoid by various schemes, of shore banking, shell companies etc. 
And put a purchase tax on everything. With a significantly higher rate for luxury items like private planes, boats, limousines, second and subsequent properties, jewellery etc.",2,1729405654.0
1g7raky,lst1p78,CYKgraff,"It just means that they have bought into the narrative that the rich don’t pay their fair share. Fact of the matter is that they don’t and there is no way to pry it from them and the government knows this. 

That’s why most policies on taxation is geared up to squeeze the middle class instead. The middle class subscribe to the idea of upward mobility and so they world hard to climb the ladder. After decades of work they have accumulated a small sum but it’s not enough to fight off the taxman. So that’s why the government goes after them instead of the rich. 

The government knows also that they need the political will to push something like this through. So they sell this narrative of “the rich not paying their fair share”, to the middle and underclasses. Sadly the 2 classes are so busy just trying to survive that they never stopped to ask the really critical questions.

It’s like the recent addition of food items like avocados and salmon to the SST. Do you think this hurts the rich? The rich don’t live like you and me, they travel umpteen times a year all over the world where they eat this stuff. So here’s the effect that this has on the middle and underclasses, after working so hard our entire lives we now have to pay even more just to know how avocados and salmon tastes like.

Taxes don’t hurt the rich, they don’t live like you and me. They don’t keep their hundreds of millions in their personal accounts. These are incorporated families, their vast wealth is kept in incorporated family trusts sealed off and protected by an army of accountants and lawyers. Do you think they keep their money in a maybank savings account? Their incorporated accounts are spread throughout the world in all kinds of investments from heavy industries to AI data centres to power plants.

You can’t hurt the rich because tax legislation is designed around the common individual.",2,1729406117.0
1g7raky,lstz5yk,Healthy_Fly_555,"Youre gonna get eat the rich/tax the rich remarks to here buddy - anything else is gonna get downvoted

The simple fact of the matter is the rich pay more than their fair share of taxes, T20 pay 85% of all personal income tax collected (2022). They're subsidizing everyone else.

And there's only 2.5m taxpayers  (2022) out of out 36m (excluding illegals etc)

Business owners have many ways to optimise taxes, so the bulk of it will fall on higher salaried workers. Workers are hired because there's a return on investment, often 10x or more. What are they gonna do once they get overburdened? Brain drain or they'll not work as hard/go for easier stuff. Why work hard when it's gonna be taken away anyways?",2,1729427597.0
1g7raky,lsuhtz8,[deleted],"I think taxing the rich, while certainly an idea borne out of noble intentions, is simply a band aid solution to a systemic problem.

The rich can indeed pay more taxes, but I think a radical reorganisation of society's wealth distribution should be in order.",2,1729435041.0
1g7raky,lsulfia,orz-_-orz,">In Robert T. Kiyosaki’s book, it says “Taxes punishes those who produce and reward those who don’t produce”

You think every rich person produces? The real rich isn't your  T20 brilliant IT guy earning 15k in his 30s, it's some 25 years old rich kid who becomes a CEO of a large company because her grandpa owns the holding co.

When people say tax the rich, they are talking about them.

There is a lot of literature that discusses whether being rich is a matter of luck or hardwork. Some scholar argue  luck (being born into a rich family is luck) plays a large role. 

Whether you agree with such a view depends on your political beliefs.

Also....Kiyosaki isn't a good source on any topic.",2,1729436250.0
1g7raky,lsssylj,BabaKambingHitam,"Sebab boleh, Dik.

No joke.

A rm100 is alot ot a b40, but rm1000 is not much to a t20. And logically the rich, in their attempt to get more money, utilises more public infrastructures, so they should cover bigger part of infrastructure development.

Semacam lah anak yang lebih kaya boleh bayar banyak sikit kepada ibu bapa: the nation needs money to develop, so the rich (who are more capable of doing this), should chip in more. The challenge lies in how much more is fair. 

Imagine if every pay b40 amount of tax, including the rich. Malaysia will have a loooooot less money to develop.",8,1729400919.0
1g7raky,lst5a6f,forcebubble,"\1. Your wealth did not come out of a vacuum — they were generated as part of the entire economic system as a whole, including the billions of ringgit worth of infrastructure that existed before you came about

Otherwise better start hiring your own police, water delivery, electricity generation, sanitation, build private roads and start a new community that will interact only with each other in a closed system, hoping no stronger army or natural disaster comes around.

2a. It is a punishment only if you do not believe in helping to give a chance to the less fortunate to get education, better public infrastructure & amenities as well as social security. An unfit and sickly society cannot work and consume in the same economic system that will make you rich in the first place. The healthier and richer everyone gets (in relative) the more wealth you can both generate & gain — the rising water lifts all boats.

2b. If they cannot get enough rest or have time to upskill due to the already low pay having the need to take up a side income, they cannot start a family that (1.) depends on then they have very low to no chance to achieve what (2a.) intended, leading to a generational cycle which would eventually lead to a stalemate/stagnation.

2c. Capitalism places profit above all things (see 2b.) and therefore places those with capital/wealth at the top of the decision makers regardless of whether they deserve to be there or not (see 5.)

3. The given example Starbucks CEO is generating zero of the production that leads to the profits of the company as a whole but is paid significant more than the lowest worker who is actually directly involved in it. Looking at it inversely does this not look like being punished for not getting hired to the top management? See point (1.) and (5.)

4. Risk dynamics — people, especially the capital owners like to focus on risk ownership without talking about the disproportional imbalance compared to the workers; the aforementioned Starbucks CEO is paid millions annually and could live on it for decades while the worker would lose their livelihood if they get fired next month for 'downsizing'.

5. Luck plays a huge part in wealth accumulation — getting being at the right place and time, inherited massive wealth from a relative, investment leading to unexpected windfalls (e.g Top Glove during Covid), being acquaintances with decision makers just to name a few of the common examples. The chances of this goes down significantly when (2a.) & (2b.) is taken into consideration.

--

tldr - you are being 'punished' for needing to subsist on just RM3 million per annum instead of RM5 million. Maybe stop buying houses when you already have three of them, in the condition that the average person stop eating the imaginary avocado toasts.

edit: the formatting sucks",3,1729408470.0
1g7raky,lsszmwb,[deleted],"If you have money, you can afford to play around legal loopholes to avoid paying tax.",2,1729404801.0
1g7raky,lst3tlb,kugelamarant,"If I work my ass off, would I be Starbucks CEO too? Why him and why not some other person?",2,1729407494.0
190s54g,kgqa7qn,emerixxxx,"[https://admiralcloudberg.medium.com/call-of-the-void-seven-years-on-what-do-we-know-about-the-disappearance-of-malaysia-airlines-77fa5244bf99](https://admiralcloudberg.medium.com/call-of-the-void-seven-years-on-what-do-we-know-about-the-disappearance-of-malaysia-airlines-77fa5244bf99)

The most logical theory based on the evidence presented is that the pilot did it.

""Second, any explanation would need to account for the fact that the turn back to the left toward the Malay peninsula could only have been flown manually by a pilot. Malaysian investigators tried to recreate the turn in a simulator and found that to complete it in 130 seconds, as MH370 did, the autopilot had to be switched off. Even using its tightest allowable bank angle, the autopilot could only complete the turn in 180 seconds or more. While flying manually, investigators managed to make the turn in as little as 148 seconds, though none were able to do it quite as quickly as MH370. Even while making the turn in 148 seconds, the plane was being pushed near its limit: bank angles of up to 35 degrees had to be used, which in the thin air at 35,000 feet is incredibly dangerous. In the simulator, the maneuver set off bank angle warnings and the stick shaker stall warning as the plane threatened to lose lift and fall from the sky. Thus, only a skilled pilot could have accomplished the initial turn.""

It's not the first time that a depressed/suicidal pilot has deliberately crashed a plane.

[https://admiralcloudberg.medium.com/the-madness-in-our-methods-the-crash-of-germanwings-flight-9525-and-our-broken-aeromedical-system-5b95abd4fe6d](https://admiralcloudberg.medium.com/the-madness-in-our-methods-the-crash-of-germanwings-flight-9525-and-our-broken-aeromedical-system-5b95abd4fe6d)",88,1704635553.0
190s54g,kgq7jeu,[deleted],because uhmm the pilot is Malaysian and uhm the airline is Malaysian Airline?,152,1704634200.0
190s54g,kgq91gz,AK07-AYDAN,Because the pilot did the exact same flight path in flight simulator?,52,1704634971.0
190s54g,kgq9nqm,fish1974,Like we have conspiracy theory in Malaysia. They also have one.,20,1704635282.0
190s54g,kgq9onh,Nix-of-Darkness,Let us all see the cause of the downing of MH-17 shall we? Its as much as important MH-370 right?,33,1704635294.0
190s54g,kgq8jny,Waste_Tap_7852,Very likely the plane was piloted. Unless Malaysia can prove the radar is wrong. Prime suspect is still pilot. Other theories are very weak.,20,1704634718.0
190s54g,kgryo6v,FerryAce,Because it's the pilot suicidal and people like you refuse to acknowledge it.,7,1704657482.0
190s54g,kgto3nj,duhmeknow,"OP has been reading up too many conspiracy theories. The suicidal pilot theory is the most logical based on the evidence gathered and Malaysia's incompetency is to blame too right down to our military.

Remember the coconuts shitshow? LMAO",8,1704677527.0
190s54g,kgq8wsx,XTJ7,"Im from Europe, haven't heard anyone I know talk about it in years until the documentary came out. That lasted like a week and haven't heard anyone talk about it since.

I think it's more of a situation: if you think of yellow cars, all you see are yellow cars. As you say: most people in the west werent affected, dont know anyone affected and honestly probably dont really care about it.",20,1704634904.0
190s54g,kgqcooq,Nightingdale099,This is a new bubble,2,1704636744.0
190s54g,kgqbqgn,ekhfarharris,Because the handling of the situation is a shit show? From MAS all the way to Najib Razak. Total shit show.,11,1704636297.0
190s54g,kgtxy8s,Panda_red_Sky,"The most logical is pilot suicide based on all data n evidence

https://youtu.be/MhkTo9Rk6_4?si=Yi82g99d2lCzB6sN",3,1704680859.0
190s54g,kp30bv1,ResonableRage,"It is Zaharies fault, how does radar shut off after a handover lol. Suicide 100%",2,1707168119.0
190s54g,kgql36u,[deleted],Umm because you're uneducated?,6,1704640404.0
190s54g,kgs3noi,mrkoala1234,"Malaysian airline, Malaysian pilot and co-pilot (both not the minority race), over Malaysian airspace handled my malaysian air controller...

Malaysia government spent a fraction of what the Australian did in search for the plane. 

All these accumulated into negativity.

On the plus side the plane ticket for me was cheap when I travelled south east Asia. But sjngapore airline is much better.",2,1704659105.0
190s54g,kgq8c1u,matsalehuncle,The same reason Malaysians blame rainbow coloured watches for turning people gay?,9,1704634611.0
190s54g,kgqr9uk,kurangak,because thats the prevailing and **most** sound theory.,3,1704642840.0
190s54g,kgrq2vg,noiceonebro,"Let’s break them down into chunks.

People who developed PTSD from it are a bunch of dumbasses who likes to fake illnesses for clout. Let’s not pretend our people also like to do this.

“How tf does this incident affect them so much?” Probably because it made international news. If you think holding an opinion requires you to be affected by it, you are deeply wrong. There is also the fact that the search involves multiple nations as well. Pretending that only Malaysia was involved in this is funny and downright disingenuous.

“Pilots are suicidal.” The fact that the captain’s flight simulator at home involves much of the similar route purported to have been taken by MH370 in real life, it’s not too farfetched to say that this was premeditated. If you don’t believe that the pilot has anything to do with this, explain why the captain’s flight simulator are found to have such data. Otherwise, suicide, blackmail or any other possible premeditated crashing of the plane by the captain is highly possible. You don’t get to ignore evidence just because you don’t like it. 

“They throw a shit ton of accusations plus theories which a lot of it sounds like fanfic.” While government officials would be immoral to make an official statement without solid proof, citizens are free to speculate and believe what they want. You’re defending Malaysia, who have people believing in the conspiracy that 9/11 was an inside job, one-eyed giant monster with superpowers will be resurrected by Israelis and shamans who can summon ghosts to do their dirty bidding. All of those sounds much like a fanfic to me, but I accept them as what people believe in as people are free to speculate much to my dismay. Why can’t you shut up and do the same?

In other words OP, you are getting upset over normal people doing normal people things. Cry about it.",5,1704654683.0
190s54g,kgr18f3,Terang93,Who exactly are these westerners?,2,1704646484.0
190s54g,kgt6y1r,MiloAisBroodjeKaas,"Maybe I'm not reading what you're reading online, but the impression I have is that the negative sentiments is directed at the Malaysian government, for not agreeing to professional, reputable, international organisations to help with the search and or Investigations earlier when it could have still prooved helpful.

The reason they want to get involved is to find the black box of the plane to find out what actually happened, because thst could affect all airlines, globally, if there was something mechanical or some system that can be implemented to avoid such situations from happening again. Unfortunately without knowing what really happened, this cannot be achieved.",2,1704671826.0
190s54g,kw2vx9j,Competitive_Fly_9669,"I have only one question, if the captain decided to do all this what was the copilot doing?",1,1711130501.0
190s54g,kw8yvg2,Dismal-Employ3311,Theghthg,1,1711227497.0
1t96h7f,okzo5lf,Slewdquid,nasi lemak ayam goreng rempah,64,1778418632.0
1t96h7f,okzqk42,uL4G,Big tiddy goth baddie,41,1778419449.0
1t96h7f,okzo6wr,Glad-Reacher,"The small things. Netflix, kopi, nasi lemak, nakal.",23,1778418645.0
1t96h7f,okzortf,Ok-Refuse3288,To pickup sotong at mamak and not worry about the price,22,1778418845.0
1t96h7f,okzpmsn,ShahLeClaire,"When I stand at the edge of a balcony, I still feel afraid as fuck about falling down. That's how I know I don't want to die, no matter how much life sucks.",19,1778419137.0
1t96h7f,okzp154,NickyC96,Sir this is a Wendy's,14,1778418932.0
1t96h7f,okzqiix,WeirdlyEnglish,Subnautica 2 khamis ni,13,1778419435.0
1t96h7f,okzpfx2,Any-Difference8993,42,7,1778419071.0
1t96h7f,okzqfbc,OwnAbbreviations9755,Nasi kukus ayam berempah with teh tarik and roti telur during midnight at friday,4,1778419405.0
1t96h7f,okztzih,donnyisyourpresident,Jannah full of houris with big tits,4,1778420599.0
1t96h7f,okzua4z,yujibob56,"This.

https://preview.redd.it/5wqsqt6sdb0h1.jpeg?width=458&format=pjpg&auto=webp&s=1461f4d176be7708801d3e4e8a84b10812976c71",4,1778420692.0
1t96h7f,okzy52k,Aggravating-Farm7890,"Life is not always deep.

Sometimes the mission is just: eat first, complain later, continue tomorrow.",3,1778421913.0
1t96h7f,okztp6w,Traditional_Bunch390,"Sex, food, sex",4,1778420506.0
1t96h7f,okzobgp,Regular-Variety-552,GTA VI I want to look at the most hyped game of all time,2,1778418689.0
1t96h7f,okzqr79,Dip2pot4t0Ch1P,"Simply because im just too fucking scared. I have my attempts, but im too much of a pussy. Which is a good thing I suppose.",2,1778419515.0
1t96h7f,okzqyru,HafieyRedditYT,i wanna die but mum can't have a dead son,2,1778419586.0
1t96h7f,okzqzge,qhafiz,What is one piece,2,1778419593.0
1t96h7f,okzrihn,slavengineer,It's 42,2,1778419774.0
1t96h7f,ol038iu,Otherwise-Bath-6071,Gta 6,2,1778423475.0
1t96h7f,ol2xipc,AxileVR,Waiting for lotm game and to walk around in Tingen City,2,1778454031.0
1t96h7f,okzr8v5,LegalDistribution463,"Hey, I believe no one can truly explain the meaning of life. Not everyone knows what they want yet. Maybe you can start searching through some of these Japanese life concepts below. Hope that helps you.

Based on core principles of the Japanese way of life, here are three central concepts.

Ikigai (Reason for Being): The concept of finding purpose in life by identifying the intersection of what you love, what you are good at, what the world needs, and what you can be paid for.

Kaizen (Continuous Improvement): A philosophy focused on making small, consistent, daily improvements rather than drastic, overnight changes.

Wabi-Sabi (Beauty in Imperfection): A mindful approach that encourages accepting imperfection, being grateful, and finding beauty in the transient nature of life.",4,1778419682.0
1t96h7f,okzqv28,gucchiprada,Getting to know Jesus Christ ❤️,3,1778419552.0
1t96h7f,okzqoy5,Own_Performance_961,To buy a lot of clothes and keep swagging,2,1778419494.0
1t96h7f,okzsyt2,Accomplished-Yak8584,"This

![gif](giphy|08uBcURaMq6vA93TGc)",2,1778420263.0
1t96h7f,okzogae,Organic_Blackberry64,The hope of finding a good woman and have endless good piaps.,1,1778418735.0
1t96h7f,okzp09a,CelestialChewi,Still believing that I will deserve the happiness out there and keep on surviving... until I couldnt i guess :),1,1778418924.0
1t96h7f,okzpc13,Seanwys,"Still haven't achieved my goals yet

Super close to it but still not there yet",1,1778419034.0
1t96h7f,okzpkbi,Mr_Monji,I dont think people around me want me to die yet,1,1778419113.0
1t96h7f,okzpyll,Vast-Excitement-5059,Not sure. Just exploring and follow the flow only,1,1778419248.0
1t96h7f,okzq46g,PRO_Gxmer130911,to text my crush lol,1,1778419299.0
1t96h7f,okzqalj,juifeng,Too many new and undiscovered jav,1,1778419360.0
1t96h7f,okzrd48,Rich-Ad-790,Belum kahwin bang,1,1778419722.0
1t96h7f,okzrf0j,ChainerDementiaMasta,"The fact that you have these questions is good.

This is the special characteristic of humans, the only beings in this world that can actually look at itself and question the purpose of it's existence. 

But the answer? It's your own journey, and it's your own answer. 

Some find solace in God, some find it in work, charity, achieving goals, anything you can think of, that makes you want to live. 

As for me, I love the philosophy of Albert Camus. Do have a read if you are interested.",1,1778419740.0
1t96h7f,okzskr0,vitaminacademy,"At first it was waiting for better call saul to complete, then now it's JJK anime I guess. Honestly everyday I'm asking myself the same questions too. Maybe the next goal is to look like himura kenshin live action idk.",1,1778420132.0
1t96h7f,okzt50a,giggity2099,"to crush your enemies

to see them driven before you

and to hear the lamentations of their women",1,1778420321.0
1t96h7f,okztkmu,moore927353,"I can't die now.

Grand Theft Auto 6 hasn't even    
been released yet! 🙂‍↔️",1,1778420465.0
1t96h7f,okztm69,_SBV_,I want to play video games forever and get a girl pregnant someday. I aint gonna die before GTA 6 and i certainly won’t wanna die before GTA 7.,1,1778420479.0
1taum5s,olc0lo5,asrafzonan,Tell him to simpan bodoh & malas tu sikit,12,1778573960.0
1taum5s,olc05p3,cheekeong001,"cant even work properly as delivery man, what kind of job they can do in future?",17,1778573721.0
1taum5s,olcfd3h,EverSoInfinite,"Doesn't make sense he's upset bcos Saver Option. Saver gives max time to deliver. 
Maybe he can't read?",6,1778581559.0
1taum5s,olbz8jo,delicious_lemang,I think he was a bit upset because of the pork maybe? Some riders especially new ones are a bit anti when it comes to non-halal.,7,1778573225.0
1taum5s,olhcl47,Educational-Part196,"I’d be fucked off aswell if this was all I could do to make money for the rest of my life, lesser beings should not be reasoned with my friend, let it go",2,1778634367.0
1taum5s,olbxffs,United_Marsupial6744,So you put location as tepi Jalan or condo?,1,1778572244.0
1taum5s,olhuyiw,kraziekd,"Kinda similar to what happened to me, i literally give description and direction in text with house number, house floor.. only one delivery rider fail at reading and literally get lost then call me scold me.

All the other delivery riders before that ok je read the description and send it properly.",1,1778640646.0
1taum5s,olcjszg,NefariousnessFew9461,"as a rider, u should pin at the guardhouse or lobby because not all the time you'll get the ""local rider"" that knows the spot. this one just to be safe lah

but ofc this is just the ""malas bertanya sesat jalan"" case. the type in the class u see always say ""faham"" but dont understand any shit and afraid to ask",-5,1778583490.0
1n10vi8,nauvk66,Consistent_West_4385,in short blame the British lads for their stupid action not being able to devided or unite the land cause all this sh\*t to happen.,52,1756251679.0
1n10vi8,navh46b,eddxtrastrange,You missed some in your summary. Those people from US and Europe who became settlers in Palestine land and during the interview they said they're god chosen people and if they didn't take the house/land others will. What a fucked mentality,44,1756259184.0
1n10vi8,navwje4,CN8YLW,"Just a bit of advice for you. This is definitively one of those ""pearls before swine"" topics. Posting it online and trying to have a meaningful discussion isnt going to end well for you or the topic, because the vast majority of people engaging in it arent capable of even reading your entire argument to start with, let alone reply with an equally coherent response.",16,1756264932.0
1n10vi8,nav59a3,BadgerEvangelist,Damn.  the hasbara has infiltrated bolehland.,46,1756255034.0
1n10vi8,nav6j09,matsalehuncle,Independent Thought Alert!!!!,12,1756255488.0
1n10vi8,nav17y3,Jaded-Philosophy3783,"Hamas is no worse than our own gov. Maybe got corruption here and there

But IDF? Every doctor that went to help palestinian children can vouch that they have been using children for sniper target practice. If palestine is given to IDF, they'll just keep genociding",53,1756253615.0
1n10vi8,nauz9e4,fanfanye,"Nuance is never present in those discussions

The words ""stop killing babies"" will be seen as aggressive by both israelis and palestinians supporters

Nanti keluarlah ""xx killed more babies than yy""

Ive also been told on that other sub , that they have bad experience with Palestinian refugees because.... Those refugees have a visceral hate on israelis, and they should just move on, kan dah escape?",11,1756252934.0
1n10vi8,nav64pr,Ha-kyaa,this is a very good walkthrough on the timeline of events about the current war there! Great job bro!,8,1756255348.0
1n10vi8,nax6td4,[deleted],"A person with an actual nuanced take against both sides of the conflict and seeing the likes to comment ratio. Yeah, this checks out and kind of expected to happen, either you're pro-Hamas or pro-Zionist, nothing in between. Malaysians have always been extremely tribalistic and quite a lot of the users in this subreddit was never exactly known for their critical thinking skills to begin with. 

Oh wait, I actually found some of those ""intellectuals"" in this exact post as well. 😂

Jokes aside, you make some amazing points but unfortunately, I don't think anyone will even bother reading or even remotely try to understand your perspective.",3,1756289422.0
1n10vi8,navt4im,Dear_Archer7711,"Israel was granted its independence and autonomy at the time because they had just been victims of the holocaust. To NOT support them would’ve been an extremely unpopular move. 

Lots of years have passed and the victims shifted from Israel to Palestine, and to NOT support them would be an equally unpopular move. 

History is just repeating itself.",10,1756263578.0
1n10vi8,nauz4ud,koolio92,"Listen. I'm a Malay and I despise Islamofascism in Malaysia, I hate how my fellow Malay Muslims treat their countrymen and even to their own group. I'm like the biggest kafir here and I'm still subjected to ridiculous laws in Malaysia because of the religion I was born into.

Even so, it doesn't cloud my judgement of the I/P conflict. There are no two 'equal' sides, one side is committing genocide, the other is experiencing genocide. All these long ass points trying to see it from both sides are useless, the truth is simple. 

At the same time, you cannot be pro Palestine without being pro Hamas. What do you expect a population subjected to 76 years of open air prison with resources being controlled and their population subjected to scrutiny, trial/imprisonment without evidence as well as death to do? Slowly accept their death? Palestinians have tried for peace multiple times, through Oslo Accords, Great March of Return, and literally the existence of West Bank where Hamas does not operate there. Anyone with even a little understanding of history would know that Israel is not interested in peace and is always the aggressor. Hamas exists because of Israel, not the other way around. Dismantle Hamas, and a new group will form eventually. You're telling me that you murdered my family for generations and stole my land and I'm supposed to just accept it? Hell naw, I would have joined Hamas too if I was Palestinian.",28,1756252890.0
1n10vi8,naus5pv,Good_Alxdrwn3907,"People bring narrative while talking about this topic, each of them thinking only islam living in Palestine causing their inner islamophobic instinct to kick in. That's why they assume Palestinian civilians are terrorists and okay being killed by Israel, the rest is Israel agents/bots in each country to bring up their propaganda.",14,1756250532.0
1n10vi8,nav03ee,mariokvesic,"Mudah je, israel committing genocide is bad",15,1756253224.0
1n10vi8,nav9s8t,Present_Student4891,"Nice summary of recent history. This conflict has so much history about who did what to whom over the e years that I think we need to move beyond the history part and whom to blame.

For me, we need to be future looking vs the past. My goal is a safe, free, & secure Israel & Palestine. How? Elements that prevent this end goal need to be stopped or created. Eg: end the war, release all hostages, expulsion / criminalization of groups calling for others’ destruction, free & fair elections, democratic & secular constitution, peacekeepers.

Hopefully with peace + 30 years or so, both sides will begin to trust one another for a brighter future, but I don’t see it happening in my lifetime.",9,1756256614.0
1n10vi8,navxgpf,jazzyroam,"Is a very complex geopolitic issue, which even neighboring Muslim countries reluctant to get involved with.",8,1756265317.0
1n10vi8,naxofdo,Melenting,"As a 100% Palestine supporter your viewpoint and research is quite fair. Thanks
(What Israel government is doing is still 100% genocide with using HAMAS as a convenient excuse)",2,1756297081.0
1n10vi8,navuk92,notlucienlim,"There is no both sides. One side is committing a genocide, the other side are victims. One side has the most powerful military backing their every move, the other side has their people slaughtered and babies starved.

Even other western nations have recognised Palestine as the victims, they don’t want to be on the wrong side of history (Germany, Australia, Norway etc.).

Just as people should have spoken up about the holocaust in WW2, it is our duty now to speak up about the ethnic cleansing of Palestinians from their homeland.",4,1756264142.0
1n10vi8,nav38mt,Similar-Concept-8169,"Appreciate the nuance, but a few things need context:

Why Palestine, not Uganda? Because Jews aren’t random Europeans, they’ve had a 3,000-year history in Israel. Jerusalem was their capital long before Islam existed. Uganda was floated as a temporary refuge, but Jews overwhelmingly rejected it.

Nakba vs Jewish expulsion, about 700k Arabs left in 1948, yes. But \~850k+- Jews were also expelled from Arab countries at the same time. Israel absorbed its refugees and built a state. Arab regimes kept Palestinians stateless as pawns, that’s why they’re still “refugees” 75 years later.

Wars: Every major Arab-Israeli war(1948, 1967, 1973) started with Arab states attacking, vowing to destroy Israel. Israel survived, won, got lands and got blamed anyway.

Peace offers: Palestinians have been offered a state multiple times(2000, 1993, 2008, etc.). Leadership said no each time. Oslo collapsed because Hamas bombed buses and cafes to stop peace.

Gaza blockade: Exists because Hamas turned Gaza into a rocket base. Israel pulled out in 2005 and even left greenhouses. Hamas destroyed them and built tunnels. Civilians suffer, but Hamas is the reason.

Civilian casualties: Tragic, but Hamas hides weapons in schools, hospitals, and homes. Israel at least gives warnings, no other army does that.

Mizrahi Jews: Many are hawkish because their families were ethnically cleansed from Arab lands. They’re not “Europeans stealing land”, they’re Middle Eastern Jews with nowhere else to go.

Bottom line: Israel isn’t perfect, Palestinians suffer, but history shows, Jews are indigenous to the land, Israel has faced repeated wars of annihilation, and Palestinian leadership(plus Arab states) have done more to perpetuate the conflict than to solve it.

You can criticize Israeli policy today without erasing why Israel exists or why peace keeps failing.

My dua sen.",11,1756254322.0
1n10vi8,nav2yfn,virgotop,"it is not that hard really. it is clear. u either choose side using your intellectual or emotion/heart. intellectually you will read and saw all the fact. emotionally you will ignore facts and believe what u want base on your affiliation. 

there are some parents/relatives that defend and support their bully child even though it is wrong.

 if u support using facts and proves u are almost 80% correct(i mean 100%😉). by emotion not so much(not in a million years).
just my 2 cents",3,1756254223.0
1n10vi8,naw9ity,psychopegasus190,"Unrelated but why some people treat this situation like a ""complicated"" moral dilemma situation. There's no freaking middle ground for both sides.

It's not complicated. It's like watching someone set a house on fire and then arguing that the arsonist and the people inside are ""both contributing to the problem."" One side is power hungry genocidal maniac. The other is the oppressed and genocided on. This isn't a debate between two equal sides, it's a debate between oppression and the oppressed.

Calling it ""complicated"" is just a stupid way to sound neutral without having to take a moral stand.",3,1756270774.0
1rfrfvv,o7m8eep,No-Temperature1333,"I like kuih raya, and I don’t think it’s a problem with you not liking them, taste is subjective.

My only issue with you is I don’t understand the defensiveness and the need to phrase it as something bad. Just say you find most kuih raya is not to your liking and ask for suggestions. You are not an influencer that need to rage bait to pull traffic, just speak like a human dude.",85,1772153183.0
1rfrfvv,o7m4x06,linktothepastz,Biskut cornflake nestum has entered the chat,46,1772152043.0
1rfrfvv,o7m5w98,[deleted],"Maybe try making kuih with premium ingredients? I wasn’t that into kuih either, but when I was in Ireland, the Malays there baked them using high-quality Irish butter like Kerrygold, rich cream, and good real chocolate (not those cheap cocoa butter); the difference was night and day. Of course, it probably wouldn’t come cheap.",16,1772152360.0
1rfrfvv,o7m5dao,ParticularConcept548,"Basically snowflakes take. Jk

If i got to choose to eat kuih, i would pick kek lapis (but that's basically cake? Lmao)",9,1772152190.0
1rfrfvv,o7m8akt,sitishah07,You're the only one.,8,1772153147.0
1rfrfvv,o7m6ulo,TheSodaDude,"Nah, Malay kuih is some of the best, most varied dessert I’ve had in my life. I never reject Malay kuih.

Kuih talam gula Melaka, puteri salat are amazing.",8,1772152672.0
1rfrfvv,o7mmegp,Aulansy,https://preview.redd.it/mk2i6u0p3ylg1.jpeg?width=555&format=pjpg&auto=webp&s=5004b9828eb8844dccc7bf51bae6a992bb06ef41,21,1772158037.0
1rfrfvv,o7ma7jx,Youlknowthatone,"As someone who helped mom make kuih raya as a kid, the modern (90s) kuih raya have pretty much the same ingredients. Base: butter and sugar. Then add one egg. Then vanilla. Then add wheat flour. And then only the recipe differs ie add cocoa powder, coloring, jam, etc. the base still the same so the taste feels too similar.

Old kuih raya meanwhile- it could be baked like bahulu, steamed like bingkang or cooked on fire like kuih kapit, fried like kuih cincin, or cooked slow in a cauldron like lempok or savory plantain chips... Each house differs.",7,1772153796.0
1rfrfvv,o7m841t,XxXMeatbunXxX,"Maybe your family is bad at making kuih raya lol. Just like lemang, there are lemang so bad that the customer rage, ask for refund til fight broke out. He claimed that lemang not cooked well enough/still raw iirc.",4,1772153086.0
1rfrfvv,o7mo8ij,jajaneon,A friend hate cakes. Her mom bakes to sell. It's called the bored of this food syndrome,4,1772158677.0
1rfrfvv,o7n0zni,xhj09,"as a type-C, i'm gonna sue you.. KUIH RAYA DA BEST YO, the fragrance from pandan / coconut, etc just explodes in your mouth.. don't one mouthful, take time to savour the flavour..

Also - lemang with rendang ayam is definitely a must.. i hear some people like it with condensed milk?",4,1772163189.0
1rfrfvv,o7n7ojb,Fraisz,you will not  pry my lepat pisang from my cold dead hands,4,1772165745.0
1rfrfvv,o7m6n8d,Natural-Round8762,"I think if you sought out more premium ones using higher quality ingredients, you might enjoy them more since you mentioned you have sensitive taste buds",3,1772152604.0
1rfrfvv,o7m8gm3,ianosfera,"Yeah. I feel like most kuih raya are just semperit with different shapes.  Almond London with high quality chocolate is divine but too many selling with cheap chocolate.
  
About lemang, I used to sell lemang at Karak Highway 20+ years ago. We are the reason for the ""Di larang menjaja di sini"" signboards there. Our customers are mostly chinese who go to Genting. They love lemang, but they like to request weird accompaniments like kaya or sambal petai. Malays only buy lemang on raya.",3,1772153203.0
1rfrfvv,o7mfvg5,l0g0ut,I buy Famous Amos cookies by the pound and serve them as kuih raya. Comes out waaaay cheaper than buying influencers shit,3,1772155763.0
1rfrfvv,o7nihqr,lokomanlokoman,"I mean... Most kuih raya is just a variant of butter cookies anyway. So, I kinda get your point 😂😂",3,1772170283.0
1rfrfvv,o7o5ret,_LeeEma,"Maybe due to cheap ingredient. You just have to find local good bakery kuih raya, not factory made. Make sure they are using good quality ingredient too. For me, I can identify synthetic/ preservatives taste in the food, so I dont like them automatically. It is quite common with cheap milk, chocolate, flour, butter, cheese in Malaysia.

What I did like years before, I made my own kuih raya with my own selected ingredient. I am happy with the taste and I dont feed ""fake food"" to my family.",3,1772182303.0
1rfrfvv,o7may1g,Typical_Oil_8163,I’m only into these two biscuits during Eid: cornflakes (not the honey one) and tart nenas. That’s it.,2,1772154048.0
1rfrfvv,o7mi3lp,Slow-Zombie1840,Semperit maybe,2,1772156543.0
1rfrfvv,o7mr0z9,maryam-arjuna,"It really depends on your preference, you could try tapak kuda, which is less biskutish taste but more like swiss roll. Or maybe you just don’t like biskut in general not the kuih per se.",2,1772159641.0
1rfrfvv,o7mrakx,Latter-Economist-414,ok?😅,2,1772159733.0
1rfrfvv,o7n2idc,sadakochin,"Same here. Lemang  good, kuih raya meh.",2,1772163753.0
1rfrfvv,o7njoje,Content-Owl-3530,"Salt it, or dip in melted butter",2,1772170823.0
1rfrfvv,o7no2p3,take_me_away_88,"If you think all kuih raya just tastes like flour, means you had bad kuih raya skimpily made. You wouldn’t say all cake taste like flour, because of the flavors and ingredients. I think all those commercial kuih raya at the stores all taste the same, like flour. But home made kuih raya if made with the right recipe, good ingredients, wouldn’t taste the same, obviously. 

For example, how could tat nenas and biskut chocolate chip both taste the same?",2,1772172918.0
1rfrfvv,o7no6q7,moysh85,"Need to innovate and use high quality ingredients. Much like CNY biscuit, we have countless varieties of it. One of the popular ones are the pineapple tarts. I am usually non-picky and they sold for like rm25-35 per jar. Recently I bought one for RM38 AND it's the best pineapple tart I had since childhood and every pennies worth. Picky friends and relatives agreed too. It turns all other brands a snack and this one a gourmet. Confectionery is an art too, much like bakeries, coffees, ice creams and cuisines in general.",2,1772172973.0
1rfrfvv,o7obw4v,amely_5ai,https://preview.redd.it/61bbfeyee0mg1.jpeg?width=640&format=pjpg&auto=webp&s=d6cbfe105d379a0337c06a2457d80ec1fd2db4c7,2,1772185857.0
1rfrfvv,o7umddr,Desperate_Zebra_8341,"Me, an indian, who goes to bazaar just for the kuihs be like: 😙 more for me brada",2,1772268160.0
1rfrfvv,o7m51dk,Truth9892,"Biskut raya, not kuih raya",3,1772152082.0
1rfrfvv,o7m9uob,zerosquare1012,"oh wow, so brave…",3,1772153673.0
1rfrfvv,o7msxih,Traditional_Bath_810,"Who care?

![gif](giphy|129OnZ9Qn2i0Ew)",2,1772160300.0
1rfrfvv,o7m6tv7,Educational_Truck302,"The same with me. Maybe because of them are either very sweet or flaky or flourly idk the term but something like kuih makmur, made me thirsty after eating it. I prefer savory food too.",1,1772152665.0
1rfrfvv,o7m7rti,ridzzzy1,Same here...the floury consistency doesnt sit well with me. I do like biskut cornflakes and dunno if this counts but most of the kerepek also nice. Especially kerepek pisang,1,1772152974.0
1rfrfvv,o7m8umz,retrofrenzy,"It is OK not to like kuih raya, and I am a Malay too. First, most of them are incredibly sweet. You know, those with the crumbly doughs ones. I am never fond of anything really sweet. Eat them a lot, you will gain weight rapidly.

The other types like layer cake or tiramisu are delicious, but they are not something I would like to eat often. There is a reason why a lot of them still remain even after Hari Raya has long passed.",1,1772153332.0
1rfrfvv,o7m9z6d,Subject_Educator_253,"Not all is good, i only eat kuih kacang or something savory with poppy skin",1,1772153716.0
1rfrfvv,o7mcslw,Every_Reality_9721,"The only kuih raya I'm dying is the milo cookies from aunty Marina, wife to late Raja Petra. I seriously miss her milo cookies 😭",1,1772154692.0
1rfrfvv,o7mk2b2,anxpzhd,"I dont like the biskut type. Now the kerepek type, Lidah Buaya, Tempeyek, Kapit..give me the whole balang.",1,1772157225.0
1tbp0u3,olieit6,scaygoo,"Hi grab rider here pleae report this rider, this is illegal. We’re not to ask for tips unless you pinned the wrong address",112,1778648690.0
1tbp0u3,olieym6,I3usuk,Report ler,22,1778648893.0
1tbp0u3,olisybo,plusforty4,Report n Viral ler,12,1778655654.0
1tbp0u3,olipyyu,Disastrous-Oven204,"Add this 😅,,!,,",6,1778654174.0
1tbp0u3,oliacsy,Unusual-Reaction8318,Ignore it. Use Indrive.,6,1778646837.0
1tbp0u3,olj1lz1,DapperCobbler9929,"I’ve been asked and said ok. Since it was forced and my food safety was hostage, I ultimately did not tip.",2,1778660183.0
1tbp0u3,oliunjq,PuzzleheadedBuy6279,Check for foreign material before eat,1,1778656514.0
1tbp0u3,olk5do6,Traditional_Bath_810,![gif](giphy|qryGWflHFCKv6),1,1778677042.0
1tbp0u3,oliapf3,Aggravating-Plant-21,its not the right thing for them to do but some of them will do it cuz the truth is the system isn't being fair to them. for this reason i barely use this type of services anymore.,-27,1778646990.0
1t8surx,okxgxgc,mozakiiii,"If you need the cash ASAP and based in KL, try CeX. They have a couple of branches in KL. It’s a second hand electronics and game shop that also buys pre-used games and electronics.",13,1778380838.0
1t8surx,okxt99r,Zaorth,W big bro. Hope everything goes well for you and your family.,7,1778385915.0
1t8surx,oky3l9t,MAMMOTHimba,Kalau tak mampu jangan paksa diri to buy him a gift. Just live at your own pace since you have other things to pay off. Just my 2 cents anyways all the best to your bro,8,1778390600.0
1t8surx,okxnal4,Common-Environment37,"First of all, which part? Greater London has significantly higher rent, about 20%-30% higher too.   
  
Do you guys have sheltered life, genuine question, because they do allow students to work part time, but as of May 2026 it's regulated to 20hours max. The part time working salary actually could help a lot in covering your daily necessities, with some or most you could buy in Poundland, or on the expiring shelves any chain supermarkets.",5,1778383413.0
1t8surx,okyblfu,abubin2,"Get him a used laptop since money is tight. I recommend a Lenovo Thinkpad T14. Find one with AMD Ryzen. Or else at least with INTEL 11th gen and above CPU. 

32GB ram if your can get one and 512gb storage. Lenovo's are built to last. T series are enterprise level that cost around 7k new. You should be able to get one used around 2-2.5k. 

Or you can consider Macbook Neo. If he is not engineering student that need to run something heavy, a MacBook neo is perfect for uni student. Can even get student discount. Problem is, it's out of stock everywhere and maybe the price already increased.",2,1778394782.0
1t8surx,oldcpie,MysteriousNobuX,"You're a good bro, hopefully all will go well for you.",2,1778593343.0
1t8surx,okxknlv,ChainerDementiaMasta,Who's covering your brother tuition fees?,1,1778382319.0
1t8surx,okxtlh9,ImpressNervous4382,"Maybe you can try zakat bro, ask for some moneh",1,1778386062.0
1t8surx,oky849t,Unusual_Dealer_7822,"“my camera is worth xxx value” & “ i need cash asap”, you cant put these 2 together man.",1,1778392924.0
1t8surx,okzh7e3,Swordfish0711,"I think Lenovo LOQ is decent choice for him. I assume your brother will do some light gaming during study, rtx5050 is good enough. But if he go there for architecture I think more powerful gpu will be needed.",1,1778416118.0
1t8surx,okxkhn1,Alive_Lawyer_9657,"If he can't afford a laptop not sure how is he affording food and drink in the UK? 

Just study locally.

Crazy - 60plus years after independence we still idolise those Brexit supporting Nigel farage assman clowns.",-10,1778382252.0
1t8yix0,oky7yid,Davidddsss,![gif](giphy|MVoX99cLXXU0gq7QuG),85,1778392839.0
1t8yix0,oky83n8,DragonFable88,Common sense is to find toilet clean it ASAP before walk to your car,38,1778392915.0
1t8yix0,oky8o1u,signofdacreator,">I'm not talking about me ofc

nice try OP

![gif](giphy|dLhoOYRmsJVOhKbyTK)",31,1778393210.0
1t8yix0,oky9o4j,FalcoReadsBlitz,"Welp. My friend (of course!) told me, first just get rid of your underwear. Not worth cleaning it even if it is your favourite. 

If the stain got to your pants, clean it until there is no evidences (colour, smell, texture). 

You can go about your day already! 

For better feeling, if you can buy new pants or underwear near your office, then that's a bonus. 

Good luck OP, or OP's friend!",23,1778393744.0
1t8yix0,okyg3be,Present_Student4891,"If u really like your underwear, then follow these 5steps:

- Step 1:  find a toilet & wash yourself & your underwear.
- Step 2: put on your pants.
- Step 3: put on your damp underwear over your pants.
- Step 4: return to office and say you’re Superman or Supergirl, come to save the day.
- Step 5: you might not save the day, but you have just saved your underwear (but maybe not your job).",10,1778397210.0
1t8yix0,oky92jd,Slow_Struggle_9781,Wash your underwear and just throw it in a bin. Stay underwear-less for the rest of the day.,7,1778393420.0
1t8yix0,okybv14,Organic_Blackberry64,Take EL only la. Apa susah,7,1778394925.0
1t8yix0,okye895,Foreign_Emphasis_470,"It happened to me, I had flu and diarrhoea and I shat myself in the mall during lunch break. Went to the bathroom and washed with bum gun and discarded the underwear in the bin. Went to buy a new pair of trousers and tossed the other ones in the bag. Then went back to work.

Morale of the story: god bless the bum gun.",6,1778396199.0
1t8yix0,oky8be2,NefariousnessFew9461,"man rn im in the toilet after running, like people say ""hujung-hujung"" one",5,1778393026.0
1t8yix0,okyay9u,Party-Ring445,This question gets more real the older you are,3,1778394430.0
1t8yix0,oky9rzo,ExcavalierKY,Sus,3,1778393802.0
1t8yix0,okybgof,ElfinViolet,Asking for a friend perhaps?,3,1778394710.0
1t8yix0,okzc9wn,Comfortable-Rip-117,"""How do you unstuck a cylinder from an m&m tube? 
it is imperative that the cylinder not be harmed""",3,1778414151.0
1t8yix0,oky9teg,asakuranagato,"Kena call some kedai basuh pakain/dryclean, tanya dorg boleh x dtg tolong

If not family kena dtg hantar pakaian baru + sabun + tuala",2,1778393823.0
1t8yix0,okyc6of,Jeffochan,Cleaning is better than asking on reddit.,1,1778395101.0
1t8yix0,okycbtd,PcGoDz_v2,"Get that shit cleaned.

![gif](giphy|v3KDIko6YpPuiM0VnB)",1,1778395178.0
1t8yix0,okyckob,Xxshadow-godxX,walk confidently and spread your pheromone,1,1778395310.0
1t8yix0,okyfvtd,smolPPandFloorgang,"Bruh I thought it said ""I pooped my plants"".",1,1778397095.0
1t8yix0,okyhtq2,Bandit-Bunny-7727,Move calmly but quickly.,1,1778398164.0
1t8yix0,okyke93,frostfeint3,“I’m not talking about me ofc“ sureeeee buddy,1,1778399591.0
1t8yix0,okykr8q,Fair_Grand160,Ak amik EL je,1,1778399791.0
1t8yix0,okys0j4,MoonMoon143,The more u sit around the more the shit will spread. U better just walk to ur car pretending to step on shit if got ppl sniff you.,1,1778403886.0
1t8yix0,okyw5wn,Careless-Job6426,Not talking from experience but I'd go to the nearest mall and buy a new pair of pants and underwear.,1,1778406245.0
1t8yix0,okz25va,Humble-Yesterday-223,Just go home and take mc atp bro,1,1778409468.0
1t8yix0,okz62lg,sirnutalot567,![gif](giphy|knDhbOydghHUvZcHol),1,1778411392.0
1t8yix0,okzldzp,GaryLooiCW,Find an adult to change your shit-stained pants,1,1778417668.0
1t8yix0,ol3hwpu,UnusualBreadfruit306,Be a man,1,1778461299.0
1t8yix0,ol3toma,Background-Chef1669,ntah apa apa. buat penuh data reddit je,1,1778465589.0
1t8yix0,ol4lrd8,Randomees,Adoiii terlepas pulak,1,1778477766.0
1t8yix0,ol4xv36,Ancient_Unit_2773,which means that you did it... go take time off and wash yourself.,1,1778483995.0
1t8yix0,ol7n4h7,ChasingtheBarrel,It is imperative that the cylinder remains unharmed.,1,1778519047.0
1t8yix0,olb3v2z,Sin_996,https://preview.redd.it/y2joj20qqm0h1.jpeg?width=1290&format=pjpg&auto=webp&s=d5d5b23f8c387c3ae5766464f8d538fe7531914c,1,1778558224.0
1t8yix0,olcmj5r,BigGold3317,"Then, you're in deep shit",1,1778584593.0
1t8jh3g,okwibui,budaknakal1907,"Yes. Tiada paksaan dalam beragama.

I dont think policy makers can do anything about it though because this falls under the king's jurisdiction and in Islam, if the pemerintah didnt do their best to protect its citizen, its a sin and i think that is why they wouldn't do it. but, i think its better to teach its citizen about Islam better than forcing everyone to just have faith. faith doesn't work that way. also, like, they are supposed to be our role model and well..i'll stop my comment here.",30,1778367759.0
1t8jh3g,okwhcxb,AcadiaAcceptable8123,"Yup. Agree. Religion is not for everyone, I don’t believe it’s a universally acceptable for the general masses.

Saying that, I am still a Muslim and have no slight intention to leave the religion. I love what the faith drives me to do.",51,1778367405.0
1t8jh3g,okx9b8y,Former-Section-1573,Religion or faith should be personal. Forcing religion onto someone can end up making them hate the religion instead,16,1778377910.0
1t8jh3g,okvxsyr,NefariousnessFew9461,ngl yeah. what's the point of forcing someone to be a muslim that they don't do any of the basic muslim stuff pray/fast/zakat,24,1778360622.0
1t8jh3g,okwyb1z,MaxMillion888,"Malays are the only people born Muslim by law and cannot convert out.

All other races can switch freely unless they enter the one way door.

In what way could you rationally argue that is freedom? If you ask anyone to justify it, itll be because it is ordained, because it is the law, because it is written into the constitution. These are the shallow one liners.

I am yet to hear a cogent argument from first principles. This is the argument for those for religious freedom, that the other side doesnt have an actual argument.

If one to be truly honest about it, the argument for forced religion is about control and power. certain groups use religion as a means to exert power and keep power. Can you imagine what would happen to the north, if you gave people freedom of choice? By extension, they could use an argument that it'll cause more chaos. There is a reason why the church burned anyone against them in the medieval ages.",22,1778373740.0
1t8jh3g,okwq87k,servarus,"It's a deep rabit hole.

Personally I have this opinion that we need to separate the Malay=Muslim thing. Growing up, I see a lot of Malays that does not practice. And I don't mean those who completely reject, I am fine with that. At least they are making a stand.

I am saying that those who call themselves 'muslim' but then smoke, drink, club etc. I had a housemate that clubs, drink and fornicate only to scold me of haram when I was saving a dog. I saw a political leader planning a religious event with alcohol in their hand. Similarly I also saw a person part of the royal family that drinks too.

Is it lack of education? Is it because they are forced at birth?

I even thought that this so called Malay privilege should be changed to Muslim privilege cause that seems better theoretically.

Alas, that is above my paygrade. This is like a Pandora box.",19,1778370661.0
1t8jh3g,ol26bsf,mulisy,"How can a religion be free if someone was born to commit into it and can never switch to other religions or be atheist. I respect all religions, but I honestly dont agree with the fact that some religions force the spouse and children of its believers to believe in the same. This is not right.",5,1778445127.0
1t8jh3g,ol48wv4,Hopeful_Bid9582,"I support 100% because loyal to god  brings no benefits, We have right to demand what God can give is in return for our loyalty, only useless God lovers say can't. Our success is our own hardwork and effort, God does not have any help on it.

Religious freedom must be allowed.",4,1778471727.0
1t8jh3g,okw0kd8,giggity2099,"freedom for Muslims that are forced to be registered Muslim by birth to leave or convert out of the religion as adults.

You've got to spell it all out for clarification. And the reality for majority of them is, no they don't. And they will fight tooth and nail to deprive them of that freedom.",10,1778361537.0
1t8jh3g,okzvfgz,whodatninja86,i support religious freedom for everyone but i don't want a government sponsored disappearance too.,3,1778421060.0
1t8jh3g,ol2grra,Normal_Grand_4702,"Yes.

""There is no compulsion in religion"" is a central principle from Quran 2:256, stating that faith must be chosen sincerely and cannot be forced.",3,1778448310.0
1t8jh3g,okw3l95,Bandit-Bunny-7727,It's against their faith to renounce it. So unlikely.,9,1778362542.0
1t8jh3g,okzq6hs,MoreLessTer,"I believe some argue that you're free to leave Islam, but if you go out and tell people to leave, capital punishment. Inciting people to leave the religion of the state could be seen as treason and therefore the classic punishment for treason.

On a personal level, I do believe one should be free to do so. The Quran did not command execution and said punishment will be in the hereafter. The law against apostasy is generally based on hadiths, therefore from the prophet himself. I would argue that the prophet's command is directly for his people, his very subjects in his time, in response to an internal conflict against ""muslims"" who plot against him, not for muslims in general until the end times. This ""disconnection"" between Quran's teaching and the prophet's practice is also observed on the topic of slavery; where the Quran teaches how to ethically treat slaves and ultimately free them, while the prophet outright abolished it early on in his rule.

When it comes to our constitution, the binding of Malays to Islam is likely based on common practice in the old age of kingdoms and castles where the subject shall follows their ruler's belief. This should not have been cemented in the consitution as it's not a thing across multiple Islamic empires.",2,1778419321.0
1t8jh3g,okvupmq,GGgarena,">religious freedom   
  
for Muslims

choose one, it is a paradox",7,1778359595.0
1t8jh3g,okxv4o4,niwongcm,"Non-Malay Muslim here - and yes. Practically every Abrahamic religion is going to have its own provisions against people leaving their religion, but if someone feels genuinely disconnected, coming down hard and fast on them is only going to make things worse. As long as you aren't harming anyone, faith should be a personal matter anyways - not something a bunch of people or what they make of their legal systems decide for everyone.",5,1778386735.0
1t8jh3g,okycm7o,Disastrous-Bet-3917,"Its something that has been on my mind. Whats the real point of religion?

Faith is between the god and personal. No one else can enforce it on you. You can be someone saying gods word but in your heart its ill. 

Religion. Honestly. I sees it as a form of control imposed to form a community / society. Its like forming a group with rules. You go to a club, there are rules. You have to wear whatever its enforced. Its similar. But it doesnt change what type of character the person is. One can say the religious rules apply to all and will limit their ill being. Nah bro, what the religion controlled are just good obedient people, rebellious people will be rebellious forever.",2,1778395333.0
1t8jh3g,okyjubx,Lowyat_Slyder,[ Removed by Reddit ],1,1778399288.0
1t8jh3g,ol0d0jv,Zackleh,Sure,1,1778426386.0
1t8jh3g,olbpvz6,Front-Map1760,"Haram bro. In islam, God doesnt let you change who you worship.",1,1778568288.0
1t8jh3g,oldsnk3,syfqamr32,"Thing about religion is, you only know if its the truth only when its too late (after death). If say Islam is the truth, only after you died then you know ah i should have done this and that. Theres ayat in Quran that stated all of them regretted it, and wish to be reborn just one more time to do charity (sedekah) and do goodness. 

In my opinion all of them religion that i know of promotes being a good person. Inside and outside. At its core majority of religion asks its followers to be good and do good. Many of the things that your religion forbid also made sense. 

Thats why i always in favor of religion. If you are religious, as an average you are a good person. 

Yes there are bad pastor bad imam bad this and that but that is more to the person than to the religion.",1,1778597776.0
1t70jfd,oklikge,MaxMillion888,"Few thoughts

- Management probably care more about being left behind in the AI boom at this point in time. want to tell everyone our AIusage is high
- Management havent got bill for tokens yet. The economics probably dont make sense for SWE paid non US salary. 

Eventually they will do the business case for return on economics. The unsophisticated firms will basically ban token use not related to work. The sophisticated firms will work out how to quantify the improved productivity and hopefully outputs and see that against cost of tokens. Productivity in itself is useless if you dont realise it in some way. A project manager that is more productive is meaningless unless you can fire that project manager, and/or that project manager can produce more widgets that can be sold. 

the reality is AI is saving toes and fingers for a bunch of roles. Impossible to realise any benefit. When you sum up all the toes and fingers it might equal a lot of humans, but good luck chopping off everyones toes and fingers",10,1778226278.0
1t70jfd,okliyus,hidetoshiko,"There are many ways to utilize AI assistants, but basically AI is like a very smart and enthusiastic intern: fast, but not necessarily efficient, and you still need to double-check and verify its work. 

If you do a lot of repetitive kuli stuff in your daily life, e.g. copy pasting boilerplate code, without any sense of creative spark or ideas of your own, I'll be frank and tell you that AI is coming for your job. I think this applies to 60-80% of CS/IT grads or SWE I've ever met.",6,1778226489.0
1t70jfd,oklkopa,Strepsils8888,"you have to build your own MD files to reduce token usage..i tried to break our company system into smaller modules and each modules have it own MD file, it roughly reduce 30% of my token usage

Dont review code? Sound a bit unprofessional and crazy to me. your boss not from IT background izzit? The code gen by AI is not 100% correct, still have to review and recitfy",4,1778227361.0
1t70jfd,oklia5h,notimportant4322,"We need the next big break for productivity. AI fits this narrative, else they couldn’t justify investing so much in the field to drive the economy. 

Where will this bring us? I don’t know, but we desperately needed this next big leap, we’re running out of fuels and ideas.",3,1778226132.0
1t70jfd,okls2m2,FrostNovaIceLance,RAG + mac mini,1,1778231186.0
1t70jfd,okly3c2,adam20101,"my company pays about 1k per month for 10 people to use AI (5 codex accounts, 5 gemini account)  
i use codex, gpt 5.5 on medium for everything. The code works 95% of the time, and it is much more clean and quality code than letting ourselves code on our own. It is definitely faster than coding it ourselves. Token usage is pretty good, in 5 hour window it rarely finishes and if it did, its already 12.30pm and it would reset after launch if i start using at 9am.",1,1778234228.0
1t70jfd,oksapul,Tookace,They are going to replace all junior and mid level developer with Claude and keep the senior for code review and approval down the line. That's what my old company did. They focus on quick iteration and fast deliveries for their customer now. It used to take 1 month for any update to push to production but before I left It was 1 week...,1,1778312451.0
1t70jfd,okuofl7,shadow_Monarch_1112,"management chasing AI does everything is a cost trap, not a strategy. frontier models bill per token and context window bloat adds up fast. for repetitive utility tasks like classification or routing, ZeroGPU runs those without sending everything to a premium model each time.",1,1778346296.0
1t70jfd,okwmywl,Gold-Explanation-478,"Hi OP, genuine question. How much do you think managment would be willing to spend on tokens a month? USD 2k? cause thats about 10k myr. So like the cost of 1 SWE, thats doable right?",1,1778369458.0
1t70jfd,okytzmx,overlordtankX,"Lmao which AI are you using.
I've been using Deepseek V4 since its release and now only used like RM3 in total (I topped 20CNY using my extra funds in Alipay). 
Deepseek v4 pro for complex tasks, V4 flash for easy tasks",1,1778405010.0
1t70jfd,oklfp3g,boomslung1,">You are not making profit out of this initiative. Your existing engineers can only maybe do work at x1.5-x2 speed at similar cost of hiring 2 people.

AI got no cuti sakit, cuti am, besok, lusa, minggu depan. AI doesn't sleep and can work after 5PM. AI got no need for HR to handle another staff and to do payroll and account for leave. AI got no bonus. AI got no maternity leave, never late for work, doesn't play office politics and other toxic behaviours. AI is also not a potential sexual harrassment and OHS liability.

AI also means one less employee to manage for the manager and potentially fewer managers needed.

Even if there is similar/or the same output for the ""price"" it is still worth it. Not to mention AI is improving at an exponential rate....",1,1778224821.0
1t70jfd,oklg2v4,vladizlav24,and you wrote this with AI,-6,1778225012.0
1t70jfd,oklu9np,Traditional_Bath_810,"Then dont use it, nobody forcing you. Just stfu and move on

![gif](giphy|isbWj02lGhwDm|downsized)",0,1778232322.0
1t70jfd,oklx36h,artsylar,"Skill issue. I’ve been programming for 10 years, and now as a senior engineers, I’ve replaced two junior engineers costing around RM6K with two Claude 20x accounts costing roughly RM2K+. The result? My productivity increased by 5x to 6x.",0,1778233746.0
1t70jfd,oklgmd7,jibatora,"That’s the future. You like or not, that’s the reality",-6,1778225286.0
1t70jfd,oklgpiu,xingixn,"Lol! Your IT Director is a joke. 

AI is as good as a tool is, but it makes tons of mistakes. If they don't believe it and claim to be a tech person, please intro them to claw bot and install it in your own PC.. have fun.",1,1778225330.0
1t70jfd,okljncn,CurryNarwhal,"Just follow. Leave when it becomes too much of your trouble (to fix everything). If the company implodes down the road, padan muka.",1,1778226834.0
1t5wfvl,okdiase,ShahLeClaire,"Because there used to be ""good times"" where Grab could artificially pay the drivers more while subsidizing the cost for the passengers. Times when drivers could even make close to 5 figures a month if they worked long enough. Those days are over, Grab now has to operate to make a profit (bear in mind that only in 2025 did they achieve their first profitable year), and fares for drivers have only gotten worse.

Those who can't look past this reality (many of them might not even have the fundamental understanding that this is how venture capital works), will of course be bitter and blame the system. And those who have spent years doing this are now stuck because, while Grab doesn't pay as well as before, its not absolutely horrible and definitely possible to make a living out of it, so if they quit driving, they may not be able to find alternative jobs that pays as much as Grab does. But at the same time they're at the mercy of Grab's fares and hence, no matter how hard they work, there just isn't any meaningful progression in how much they can earn.",31,1778121571.0
1t5wfvl,okdn6mm,nova9001,Give them a bad review and move on.,15,1778123368.0
1t5wfvl,okdwaoe,Specific_Anywhere167,Because they don't like what they are doing but no choice. They don't have any other skills other than driving. Also these type of people don't like other people bossing them around.,11,1778127010.0
1t5wfvl,oke31gh,butterninja,"Most basic rule. If you can't handle a conversation, don't talk to people. 

Nothing impolite or being an asshole. I get into the car I answer the question of who I am and where I am going (making sure I am on the correct car), and I STFU. I don't like talking to people. Nothing personal or I hate you. I just prefer me time. You talk to me and I mmm, hmmm 2 times. And I will just shut up. Not difficult.",7,1778129970.0
1t5wfvl,okdlu40,generic_redditor91,"That's the problem with taking any tom dick and harry to be your grab partner without a proper onboarding process to at least give some baseline conduct training.

That only adds to the cost and threatens to dissuade people from joining Grab (ie joining Grab's competitors and weakening Grab's monopoly). So whatever the quality of service is, we as the customers are forced to deal with it if we want to engage with Grab's services since they are still the most 'reliable' compared to their competition.

Their riders tend to be worse but at least when it's GrabFood orders we don't usually have to see their sour faces if we provide a drop off table/box/room.",6,1778122851.0
1t5wfvl,oke44gy,Spidey13a,"Choose silent ride instead. If they are not silent , you make noise thru the review, that's all",6,1778130475.0
1t5wfvl,okf2wu4,ianhooi,"was an ehailing driver for a while, 8 hours a day is more than enough to earn roughly 2k a month. but its tiring, and its one of those jobs where if you dont show up the missed income is felt more painfully than you think.

some have unreasonable expectations, but imo the income is really not so good due to many factors.

drivers are mostly unhappy because to get higher income now they need to push to 11-14 hour days, i am sure if you work any kind of job you'd know how tiring that is. yet the boost they get from using that much more energy is just disappointing.

i wont say leave them alone, like i said many have unreasonable expectations. but i will say its definitely a thankless job and you could benefit from knowing they dont make much at all after expenses.",3,1778148488.0
1t5wfvl,okeq9qu,Academic-Regret3945,"Just report them. Simple. If u dont report when its so easy to. Then arent u then too, become a whiner?",1,1778141778.0
1t5wfvl,okfzmki,Rooivalk0,"even the airport transfer people I pay RM260 for can’t show up on time and want to charge me for it

https://preview.redd.it/fmw7kgu2wpzg1.jpeg?width=1206&format=pjpg&auto=webp&s=9aa5d81f48fd28fb48e4831aabe6add2d5fa37de

using excuses like I need to send a photo of where I am before they can even come! what nonsense. no other airport transport operator has ever asked me for this before",1,1778160528.0
1t5wfvl,okgu734,GlitteringWeight8671,"15 years ago, people were complaining taxi drivers were rude and so glad there's grab. Now grab drivers rude??? I thought this problem was fixed with grab.",1,1778168933.0
1t5wfvl,okl0rog,Four_HN,"bit offtopic but

12 years ago when i was studying in KL, i had to go to hospital for a minor outpatient surgery for a TMJ problem and had to get a grab(myteksi back then) to take me back to my hostel, the driver (late 50s) was incredibly rude and constantly whining about my generation getting sick all the time because we drank too many sweet drinks just because i had a starbucks latte with me. Mind you i take my coffee with no sugar.

i just didnt say a word the entire drive and let him harp on nonstop, when i got off i said to him ""you're the whiniest piece of shit i have ever met"" and closed the door and walked off

i think its just specific people being annoying",1,1778217615.0
1t5wfvl,oks2e1i,pacha2k,Nobody forced them to use Grab lol. Why are they complaining. Find another job then,1,1778307954.0
1t5wfvl,okyvjnc,FewShopping620,"Not a choice, it's surviving. So they have no choice but to be fussy.",1,1778405898.0
1t5wfvl,okf6ymu,ho4X3n,"Lol try to think from the driver's perspective. Do you think it is worth rm15 for a 1 hour plus ride? They are angry because of the platform, but somehow some of the anger is channeled or felt by the passenger. This is coming from an ex-ehailing driver.

I had a rm5 central KL ride that took 1 hour because the distance was so short but the road was so fucking jam. Pretty sure the customer felt my frustration, but what to do.",0,1778150360.0
1t5wfvl,okdmj0c,Sagayam5858,"Well as a grab driver I wanna comment for your last statement. It's the choice made because at the beginning the offer was better and now there's no choice of getting out. Unemployment, job hunting, you name it.. so should understand the real situation also",-4,1778123115.0
1t5wfvl,okddmzh,GuyWithNerdyGlasses,just tip them directly QR or cash to shut them up then enjoy the ride.,-16,1778119939.0
1oynunw,np5ncp8,Embarrassed_Dog337,"You drink for the taste,  I drink because I am alcoholic 😂🍺",72,1763306725.0
1oynunw,np5qhk6,PTSD_PTSD_PTSD,"It's an acquired taste. I think many people enjoy the buzz, but personally it's not worth it because of the side effect of migraine and dehydration. 

It's good that you don't enjoy it, save money and stay healthy.",35,1763307740.0
1oynunw,np5oipl,DenseFormal3364,"Its the same reason why people smoke and do drugs.

![gif](giphy|jq6CA6z7x5QfVXsdxF|downsized)",22,1763307103.0
1oynunw,np5nswg,HouseOwn392,"Because it taste good. It’s like a soft drink but for adults. When the alcohol is right, man the satisfaction and indulgence. 

I love Sapporo and Kirin Ichiban beers. Also enjoyed wine and rum. I mostly drink alone and in moderation amount. Only got drunk once in a friends dinner party.",41,1763306872.0
1oynunw,np5o7oj,DeparturePlayful3571,"Need to drink to fulfill the requirement of my PhD (Permanent Head Damage).  
hehe.

/s",9,1763307005.0
1oynunw,np5jxl1,No-Course-1047,"If you have never had fun drinking alcohol, then you really shouldnt be drinking. 

But for those who had really great nights out that involved alcohol will understand why people get drunk. 

Of course, the goal should always toe that line between chemically induced dopamine and total loss of mental and motor functions.",27,1763305579.0
1oynunw,np5s0bs,myklinkl,"Drink sparingly and not get drunk. It will release tension and let the person open up and connect better during conversations.   
Some ales and beers taste really good when cold and great with finger snacks. Wines and champanges are delicious with food. Don't drink until one gets drunk and lose control.",11,1763308224.0
1oynunw,np5lisg,KurumiHayashi,"To numb the pain, stop thinking and be able to sleep.

Alcohol isn't expensive if you don't drink outside.",14,1763306120.0
1oynunw,np5xjpi,NyesTart1399,Prefer caffeine for different situation instead of alcohol.,6,1763309968.0
1oynunw,np5z94i,Such-Catch8281,"honestly, why do people surf reddit?",4,1763310507.0
1oynunw,np5jtoc,uselessprofession,After I have a few drinks I become a marvelous philosopher,9,1763305542.0
1oynunw,np6b4gc,itzamirulez,Mostly for socializing. I do enjoy cocktails,3,1763314223.0
1oynunw,np7wkdv,daddybarkmeplsuwu,"A manhwa protagonist said this, ""nobody love alcohol, we drink for the company of others, then we drink for the matters of ours, and finally when both are gone, we drink to silence the pain. ""

Tldr
Drink for celebration
Drink when facing problem
Drink to die when hope is lost",3,1763331722.0
1oynunw,np7z1ds,Common_Dragonfruit92,"It's for the social aspect for most people
Drinking for the purpose of getting drunk is not that common, it's just a scenario religious ppl make up in their low IQ brain. Old man shouts at the sky type of situation.",3,1763332505.0
1oynunw,np87poi,I3usuk,"A good buzz makes you happier and sociable. You feel warm in your chest and relaxed. What you’ve seen are people who are drunk out of their mind, waiting to black out lol.",3,1763335371.0
1oynunw,np8xp6h,_Judy_,Depends on what kind of alcohol (there's lots of types). Wine? It's a yes. Beers? Heck no.,3,1763344548.0
1oynunw,np912lp,Plus_Fun_8818,How old are you? Serious question,3,1763345773.0
1oynunw,np609eh,Winter_Nectarine_727,"Why do u need to question things tht u don't understand or dislike.. There are so many things in this world tht ppl Don like or dislike.. Who are u to judge?

U come across as just shallow and virtue signalling out ur ass for things u don't understand.",12,1763310821.0
1oynunw,np5ncta,GoldenSheepSheep,Drank cognac+sprite while playing yakuza zero. Definitely one of the best nights i had. Sometimes i have the urge to recreate that night but am damn busy with uni,2,1763306726.0
1oynunw,np64wcs,Stockzman,"OP, there is no reason why. It's just like asking why people like durian or fish. You either like it or you don't. Personally, I don't drink much but when I do, I usually drink during special occasions with friends and family. In moderation, you'll enjoy a slight buzz and feeling relaxed.",2,1763312266.0
1oynunw,np6evg0,Twisty1020,You're conflating two things between overindulgance and regular enjoyment.,2,1763315392.0
1oynunw,np6ll5k,uL4G,"I like my ka cha ma/kacangma soup with a little bit of alcohol, also i like tuak",2,1763317400.0
1oynunw,np6qh8u,TheHasegawaEffect,"> the only thing you get is just more heaches on the long run

Drink more water.",2,1763318820.0
1oynunw,np8pq8i,sputniksweetass,"I'm a lepak at the yard kind of drinker. 

Makes your BBQ taste better. Livens up the banter and the shit talking with your friends and family.",2,1763341613.0
1oynunw,np8qq0n,Wide-Literature2328,"to escape reality for that one brief moment.. it's kinda like why people play games, exercise etc, it's a coping mechanism.. we are all coping in some way..

I like craft beer because of the taste and normal draft beer (good ones at least) for the taste.. i loosen up and are usually happy when i am tipsy.. that being said i very rarely drink due to losing weight training for a marathon ;/

for the rebelling part, that sounds extremely childish",2,1763341977.0
1oynunw,np9en5b,Some_Ad_4357,"Because one day, the over-ripe kiwifruit became more and more alcoholic, and suddenly you thought, ""Mmmm...tastes different...but kinda all right""",2,1763350828.0
1oynunw,npaa9ho,stroberts1964,"You started off asking why people drink, then went on to talk about drunkenness, hangovers, anti social behaviour etc.
Plenty of people drink because they do enjoy the taste, and drink socially.

They don't all go on to the next stage. Maybe your real question was 'why do people get drunk?' - I can't answer that one.",2,1763366735.0
1oynunw,npadxcc,notlucienlim,"I think a lot of it is culture. Alcohol plays a big role in various religions and traditions. For example, in church wine was traditionally offered alongside a small biscuit (forgot exact name) to symbolise the blood and body of Christ; nowadays they just give grape juice.

In East-Asian cultures (China, Japan, Korea), drinking is a huge part of everyday banter, and the ability to drink well is considered important to convey respect (demonstrates a capable person); you’ll see many important business deals over a sake/soju/moutai. Also alcohol is believed to carry “Yang” energy, which balances the yin during winter.

So to answer your question, I don’t think people drink alcohol for the taste, although I do know that Europeans (eg Germans) enjoy beer. I personally don’t like alcohol as it’s literally poison for the body, but I do drink socially if pressured.",2,1763369067.0
1oynunw,nplgl1x,BananaJoe_Ktard,"No one drink alcohol bro. Only beer with percentage of alcohol in it. Drink pure alcohol means died by now.

We also have so many addicts smoking cigarettes and vapes. Those are equally detrimental to him and people around him. Question is why no one open thread for that ?",2,1763515724.0
1oynunw,np5nu7y,SextupleRed,"Alcohol is a depressant. It will slow down thoughts after a while.

Taken in moderation, it's quite nice actually. There's this initial buzz before everything becomes more bearable.",3,1763306884.0
1oynunw,np67qov,ting_tong-,"Some people like spicy food, some people like more sourness, like me, some people loves the bitter sweet and creaminess of guinness or the dry fruitiness of cabernet sauvignon. I dont drink to get drunk, i drink for the taste.",4,1763313155.0
1oynunw,np6cvq8,EffaDeNel,"https://preview.redd.it/xivj4924on1g1.png?width=954&format=png&auto=webp&s=533be63baae54d04351efc4471c3f6f56116cb0b

U cant say no to this. I drink bcs the taste, yes low alcohol drink taste good, too high % tastes like medicine. And if u want to drink, drink quality, asahi is my quality beer.",3,1763314768.0
1oynunw,np5ozyo,Appropriate-Rub3534,"Actually, depends who you ask. It taste good. Good alcohol taste good. Cheap alcohol taste soso. Recent purchase a bottle of wormtub. Taste good.",2,1763307258.0
1oynunw,np9ix4o,[deleted],"The same way I ask why people smoke. Bau badan busuk, make your family secondary smoker, expensive, lung cancer and shit yet most men seek calm out of it.",2,1763352541.0
1oynunw,np5lr48,Sea-Presentation5591,Some say alcohol brings out your true feeling or self ig. I one time drink the alcohol that my father was drinking under their watch and it tasted like shit and even till now from 8 or 7 years ago i still remember the taste.,1,1763306197.0
1oynunw,np65hp1,Wey-Yu,"It tastes good seriously (like beers), especially with BBQ or fried stuff. Also depends on what alcohol you take or even the kind of beer",1,1763312452.0
1szr9lr,oj3sb52,xingixn,"I've seen this before. First handedly.

When you complain, they will get the Country Manager to send an apology and investigate. But at the back, they will tell the Sales person to continue doing it and encourage the behavior.",12,1777543896.0
1szr9lr,oj3qwi5,ArenuZero,Valid crashout,4,1777543188.0
1szr9lr,oj3sd9h,PastaFreak26,"Repeat after me OP.

""If I sign up/purchase a package with/from you, will you go out on a date with me?""

Stops the same gender right in their track. Puts off the opposite gender. And if they pursue, they'll stop after awhile because they don't want that kind of mess in their lives.",5,1777543926.0
1szr9lr,oj3xr8y,AgreeableMaize7907,"that's genuinely awful, no means no. bad sales reps ruin it for everyone. hope the complaint gets taken seriously,that crossed a real line.",2,1777546462.0
1szr9lr,oj83z8g,Lafeia,Have HQ or maybe yourself write the complain saying that their disgusting actions were investigated internally and your company now blacklist their stupid company due to lack of ethics. Your complain won't do anything if it's just a rant. Their bosses love shameless sales like this.,1,1777592326.0
1tbq2gz,olila89,rain4kamikaze,"There's a reason why churches can reject this.

If someone sees a local muslim person within their premises they can complain to jakim or jais. JAIS announced a few years back that muslims are not allowed to attend events or learn more about other non-muslim places of worship. 

Visitation would seem OK based on that ruling, but hard to tell.

Best for all parties is for your friend to be as inconspicuous as possible. You never know whos watching. These days anyone can get offended or misunderstood for anything.",64,1778651868.0
1tbq2gz,olilsdw,Easy-Ad9050,"Sabah and Sarawak can't relate because everyone is welcome, you don't need to ask first. JUST COME!",40,1778652113.0
1tbq2gz,olilyqh,frostkie,Try Church of the Divine Mercy in Glenmarie 🫶🏻 have brought my muslim friends there before for a respectful visit,8,1778652197.0
1tbq2gz,olimebe,FranxJax,"Pop by to St Anthony Pudu & look for Fr Michel Dass or St Francis Xavier to look for Fr Alvin Tan. They're very open & welcoming sort. If you're in Klang, go look for Fr Greg Chan @ Our Lady of Lourdes. Another very chill priest. Plus side is that OLL is open during the day for those wanting to pray before the Blessed Sacrament. Not very sure about SAP & SFX tho. 

That said, explain to them why you're bringing your friend to visit & give them reassurances that their photos/videos would not be used for anything under than for the assignment. With more context & reassurances, I think they'd be less opposed to it. 

Best of luck OP!",7,1778652408.0
1tbq2gz,olijbso,Present_Student4891,"Church of the Good Shepherd (Setapak, KL) had Muslim students (IIUM) during a mass to show support when Islamic terrorists were killing people in Sri Langka and during ISIS days. 

The churches r often locked outside of mass times to prevent theft of objects on the altar.",13,1778650939.0
1tbq2gz,oliqqzk,Invictus_6788,"No problem if it doesn’t go viral. Once something goes viral or someone starts recording, habis la... things become way more complicated.

Back when one of my uncles was staying in a flat, the Malay family living opposite them was really poor. Sometimes the temple would give out free food for elderly or struggling people, and my uncle would take some extra for them too — just simple stuff like rice, cooking oil, canned food, and fruits.

Things changed when another more “religious” Malay neighbor started yelling things like, “Woi, you trying to convert them or what?” After that, my uncle stopped passing those things to them anymore.

***People tend to avoid unnecessary problems. Even if their intentions are good, once things become sensitive or someone starts making accusations, most people would rather stay away from the trouble.***",8,1778654564.0
1tbq2gz,olilo83,SpaceTourist69420,At this current time better don't invite any Muslim to any non Islamic religious site. Better to be safe than sorry tbh.,4,1778652057.0
1tbq2gz,olihsue,Occidentally20,"I can't imagine a Christian church that would turn away *any* visitor - if one did that to you then they aren't a real church anymore.

Anyone can walk into a church at any time as long as they are respectful.

If you're filming or recording something thoihu you're obviously doing the right thing by trying to get permission first.",12,1778650216.0
1tbq2gz,olip0lc,Near_Sparse6201,"Just go visit the Cathedral in KL....it's open most of the time.... 

SFX also is open most of the time too. 

She is legally allowed to visit without rituals or participation. 

Feel free to try Kristus Aman in TTDI also... 

Alternatively try talking to the Head of AOHD in KL city center, he's known to steal credentials and brag over the top of his humanitarian work but take it with a grain of salt... There's a church there you can visit and maybe interview the guy. He's got a big head for these kind of things and would love the ego boost.",2,1778653694.0
1tbq2gz,oliu6ia,ternary-thought,Have you tried St Mary’s opposite Dataran Merdeka? It’s a historical site so I don’t think authorities would mind - I’ve seen people come in just to get their tourist stamps done,2,1778656271.0
1tbq2gz,olixujb,LeafyPasserine,"There's a Tamil Methodist Church in Kuala Selangor that is located in a cluster with a mosque, Hindu temple, and Chinese temple. Could be an interesting topic if they allow you to interview them.",2,1778658190.0
1tbq2gz,olit29k,giggity2099,It's not the matter of whether catholics allow muslim visitors in their church. It's the matter of muslims not allowing other muslims as visitors in churches.,4,1778655709.0
1tbq2gz,olisf39,Grouchy_Following669,"Muslim faith so fragile , little bit cannot cannot scared kena convert",5,1778655391.0
1tbq2gz,oliwzwk,Ancient_Unit_2773,I know all catholic churches are open to anyone to visit. The church is not the issue. The fanatic super religious lunatics are. That is the part you need to be careful of.,2,1778657742.0
1tbq2gz,olipe09,digital_bubblebath,"Any catholic church Ive ever been to you, can just walk in.",1,1778653881.0
1tbq2gz,olizjok,DasMahName,"For my church few years ago, my mom invited her muslim colleagues to come for our Christmas celebration at our church (baptist). We didn't really worry about this Jakim or Jais thing because we prayed that God to shield us from these incidents and if He wants us to get found out then so be it.",1,1778659081.0
1tbq2gz,olj3pvx,budaknakal1907,have you found the church which will allow your friend? i could pull some strings if you haven't,1,1778661313.0
1tbq2gz,olj5rgn,Candid-Designer177,Choose tourist focused churches. It can the penang Cathedral or st Anthony kl.,1,1778662393.0
1tbq2gz,olj80f8,eclipse_extra,Sidang Injil Borneo welcomes all,1,1778663568.0
1tbq2gz,oljarhl,SpicySources,"Honestly, you don’t need to ask. Just go during Sunday Service. Most churches don’t have active an email etc that they check regularly, and if you want to you need to find out who is the pastor/elder and contact them. But then again, just attend a Sunday Service, no one would be turned away.",1,1778664985.0
1tbq2gz,oljh3xj,Some_Ad_4357,"So a Muslim student visiting a church for the express purpose of investigating ,studying and  discussing ECCLESIASTICAL ARCHITECTURE  ( NOT the religious tenets of the church) can provoke a lynch mob of Molotov cocktail- wielding crackers? If so, the whole bunch of them should be prosecuted, and any eggers-on who would whip up the frenzy, should ALSO be prosecuted for SEDITION sebab menggugat perpaduan rakyat Malaysia 🇲🇾 🫡💁🏽‍♀️",1,1778668026.0
1tbq2gz,oljh6e1,Jaded-Currency-5680,"for those that don't understand why any church will reject this, go ahead and google Pastor Raymond Koh

thats what you get for being too welcoming to muslims, thats the reason why all other religion bodies are warry with muslims 

just to be clear, i am not saying muslim people are the problem, the problem is on the government agencies, like JAKIM, and the problem is serious 

i have played in surau a lot when i was a kid, as a non muslim, all the pakcik were very friendly to me, again muslim people are not the problem, they are cool",1,1778668057.0
1tbq2gz,olks290,MsianOrthodox,"Not Roman Catholic. At St Michael the Archangel Russian Orthodox Church, KL, we have had Muslim university students visit for their project/assignment. They got permission from our priest beforehand. Some groups were even accompanied by their professor.",1,1778683627.0
1t57w33,ok815mt,malaysianlah,"Hear me out, malaysian businesses doesn't want things to be cleaned up. The economic benefits of AI is miniscule compared to the benefits from spotty bookkeeping and easily adjustable records. ;)",22,1778061951.0
1t57w33,ok8ci4r,waytoolongusernamee,"Aya, Singapore is 1 and it's user is more than it's population, should ask your Chinese friends why.",8,1778066918.0
1t57w33,ok7z9l7,Anything13579,Good analysis but wrong sub. You’re giving speech to a bunch of apes here.,23,1778061013.0
1t57w33,ok84t18,ho4X3n,"AI also hallucinates, so even if it can generate fancy reports, the users will need to verify them as well.",6,1778063701.0
1t57w33,ok7z9ae,Xycone,🤖,2,1778061009.0
1t57w33,okc51hc,KaiserrIsBack,"Claude is blocked in China and Hong Kong (the usual vpn location for China) so the next VPN location is set to Singapore thus the higher number. Claude API prices are also expensive if you earn Malaysian Ringgit and theres so much more cheaper model with considerable intelligence to use in most use case. No need SOTA model to do analytics, summarisation, etc (Is Claude even SOTA now?).",2,1778105104.0
1t57w33,okl35lp,DChia1111,"Yes, and tbh quite backwards. Plus our people mindset are not there yet, they aren’t thinking ai as a tool to make everything more efficient, and isn’t fully utilising it.",2,1778218753.0
1t57w33,ok8g0qj,ampangmaster,"Usage wise, I feel Malaysians are more inclined to use Chatgpt vs Claude. Wonder what's the data like.. 

Claude usage is quite niche (could be just me, just my 2 cents)",1,1778068248.0
1t57w33,okc45na,Jaded-Philosophy3783,AI still make mistakes. Lets wait until they're more stable,1,1778104831.0
1t57w33,okcpr0h,Confident_Media9093,These bosses cannot even see benefit from simple automation like dishwasher or operation software and you want them ai?,1,1778111820.0
1t57w33,ok7zz8j,reyvanz,its because of old people in high positions that are too used to the old workflow thats slowing things down,2,1778061366.0
1t57w33,ok8mued,Nightingdale099,Manual bookeping means they're still stuck in IR 2.0. 3.0 would be Automation. Ai is another step after.,0,1778070618.0
1t57w33,ok920r4,PcGoDz_v2,![gif](giphy|Yp9qEExZm3hon67Bn1),0,1778075288.0
1t57w33,ok89huh,boomslung1,Malaysia is backwards and lower income lah. The big firms here don't have as much incentive to implement AI as there's not as much savings. They will get ride of the higher paid low skilled employees in SG before they touch any in Malaysia.,-2,1778065715.0
1szsgn9,oj46ddd,Drunk-Foxy1738,"Back in high school, there was this haunted staircase at the makmal/bengkel building. The building is a 3-4 storey building, located at the far end of the school. That building has always been associated with paranormal activities due to its location being isolated and the entire half is facing a jungle. A few areas of the building were actually haunted and on of it is the staircase. My high school was a boarding school btw. No one is allowed to be in that building during night time without supervision as per the school's rule book. The story goes like this: 

A teacher held a science class replacement and she chose to do it at the makmal and during night time. It was held from 8pm to 10/10.30-ish AND the teacher gave them students homework which was due the next day. A few hours after class ended, one of the students realized that they forgot something at the makmal. I don't remember what it was but probably a book cause he (the student) wants to go and get it at that exact moment. It was already 1am, most students were already asleep except a few of his friends. But being a guy, he refuse to ask anyone for company so he went back to the makmal himself. Let's call him Jack.

Jack went up the stairs, cool, nothing happened. He managed to retain his book and went to take the same route back. A few steps down the stairs and he could hear someone going up the same set of stairs. Thinking it was a security guard, Jack went back up and hide. But the footsteps were gone. He thought he misheard things and went back to the stairs. Jack stepped down, faster this time and there were footsteps again coming from the stairs below. He stopped and the footsteps also stops. He went back up again, convinced that there was someone down there walking up the stairs.

A minute or two passed and there were no more footsteps. Jack tried to walk down the stairs again, this time in a slower pace. And there it was again, footsteps from down below coming up the stairs. He took a few steps down rapidly and the footsteps matched Jack's speed. For the first time, Jack peered over the railings to see what was down there. He stepped down slowly and that's when he saw a tall and lean figure took a step up. Jack took a another step down and the figure moved up. Then Jack took a few steps down, again, the figure took the same exact number of steps as he did. When Jack stepped up, the figure stepped down.

That staircase is the shortest route back to the hostel. There were another two routes back to the hostel but route A was long and it passes through a haunted taman and towards the management building. Meanwhile route B passes through a more ""keras"" place and some say it's dangerous there. With neither being the better option for Jack, he decided to stick with the staircase but doesn't want to meet with the tall figure in the middle of the stairs. So Jack decided to roll down the stairs carefully.

It didn't end well and Jack got a broken leg from that incident.",6,1777549958.0
1szsgn9,oj5uo8q,BabibuBabun,"Worked night shift and have several sites to watch over. Left my tumbler in my locker and went to site. Tumbler is magically at my desk but thought maybe I was mamai and forgot I brought it with me. Put said tumbler in my bag.

After my shift ends, went to locker to get my stuff and lo and behold there's my tumbler sitting right there. Frantically went to my bag to check the tumbler I took and it's magically gone.

Best part is I took a sip of my usual coffee from the ghost tumbler throughout the night and the one in my locker is still untouched.",3,1777568140.0
1szsgn9,oj47con,Unfair-Intention-534,Mcr reference?,2,1777550328.0
1szsgn9,oj4arrg,Starring_Kampung,Should've recorded Pendekar Jalak's silat moves -- there could be an ancient / unknown / undocumented moves that modern pro silat practitioners never seen.,2,1777551559.0
1szsgn9,ojfzuj9,expectstupidreplies,"did bob lose weight?

exercising while sleeping can probably triumph over ozempic.

your friend could have tapped into a trillion dollars industry with that ring",1,1777693559.0
1szsgn9,ojsyl6t,Traditional_Bath_810,![gif](giphy|fZYLP8J0KkJaRyo7sR|downsized),1,1777866223.0
1sja3y7,ofq6tz1,Own-Coat4160,age of consent is cover by penal code and not shariah law if I'm not mistaken in Malaysia.,25,1775989072.0
1sja3y7,ofq71e2,BigLoloi8976,"Don't want rain on everyone's PAS bashing, but age of consent in UK is 16. You can google this. Try not to look up Japan, Norway, Italy and DEFINITELY don't look up CHINA.",57,1775989176.0
1sja3y7,ofqp21d,Dry-Baby315,OP got rekt in the comments,12,1775997109.0
1sja3y7,ofq5lxb,ApprehensiveSell602,No financial support cannot even marry in the first place under islam. I think someone rig the law,11,1775988440.0
1sja3y7,ofq8p8j,No-Jellyfish-7119,"Account age 1 month, post at exmuslim page a lot
Ermmm Top tier Ragebaiter post and Top tier Intention Seeker

Well a lot country have law that allow to marriage at 16

Using shariah law without check the federal law is dumb fk",42,1775990023.0
1sja3y7,ofq2tdh,lzchyi,Forget the last year news? It's a KEPERLUAN. by the you know state.,30,1775986994.0
1sja3y7,ofqc0ho,hardtruthteller69,"Ah.... the r/exmalaysianmuslim subscribers.

People had pointed out in other comments that:

>age of consent in UK is 16. You can google this. Try not to look up Japan, Norway, Italy and DEFINITELY don't look up CHINA.

>USA have the most relaxed laws on child marriage amongst developed countries. No federal minimum age. Only 15 states have a strict ban on underage (18) marriages.

Cl\*wn so islamophobic and can't use his brain",19,1775991612.0
1sja3y7,ofq6ryg,Brief_Platform_alt,Child fornication is a bigger problem than child marriage. Let's tackle the bigger problem first.,12,1775989043.0
1sja3y7,ofq4jzv,Proquis,I think we all know which state has the most case,9,1775987898.0
1sja3y7,ofr9a47,JustOrdinaryUncle,"Depends on which states, some already did",2,1776003771.0
1sja3y7,ofq8fx1,Bulgaringon98,"Please guys, learn from from mufti wilayah persekutuan, Before You spout misinformation. 

>Pendapat Kami dan Cadangan

>Kami nyatakan di sini dengan tegas pendapat dan cadangan kami dalam isu ini, antaranya:

>Perkahwinan kanak-kanak kecil dari sudut hukum syarak, jika menepati syarat dan rukun yang telah ditetapkan adalah sah berdasarkan nas al-Quran dan Sunnah. Kitab-kitab feqah dalam empat mazhab sendiri pun telah menyebut isu ini dan mengiyakannya. Inilah pendapat jumhur fuqaha’.

>Melihat kepada kitab hadis dan sejarah yang sahih jelas menunjukkan berlakunya perkahwinan kanak-kanak. 

Read it yourself if you are not convinced. 

https://muftiwp.gov.my/en/artikel/bayan-linnas/2512-bayan-linnas-siri-ke-141-perkahwinan-kanak-kanak-mengikut-perspektif-syariah

Ok, now you can downvote me, as usual for speaking the truth.",5,1775989893.0
1sja3y7,ofq8xmw,rakkksaksa,Are you worried about your kid getting married soon?,3,1775990141.0
1sja3y7,ofqj0lk,OniPalohXIII,hi im from tel aviv and i lvoe ur post,3,1775994725.0
1sja3y7,ofq7mtr,madaokun11,Does Sarawak people know 👀,2,1775989479.0
1sja3y7,ofqtw9k,Ok_Parsley1650,"If they want to start marrying at age 16, let them be... All of the family, couple both consent. Then come outsider.... Hey!! This is wrong. Fxxing wrong and start giving moral speech which is why he does that?.",2,1775998862.0
1sja3y7,ofqq4qi,adamxing90,Only in kelantan with PAS rules,2,1775997508.0
1sja3y7,ogg1xe8,Icy_Armadillosky,Age of maturity if you follow western education is of course going to be older and older and older. Go find out why western education is about slavery. About making people more stupid and putting people into rushing for materials etc.,1,1776305371.0
1sja3y7,ofq4gyr,dapkhin,aa an exmuslim post ?,-1,1775987855.0
1sja3y7,ofqfc2k,Ill_Inflation_2208,"aku kelantan. seumur hidup aku, tak pernah lagi aku jumpa orang kelantan yang kahwin bawah umur 18 🗿",1,1775993135.0
1sja3y7,ofqan7v,Time_Resort4057,I still wonder what happening in parents brain that allow their 16 years old to get married. Some even force married. Weird asf.,1,1775990969.0
1sja3y7,ofr80wq,FuraidoChickem,"Aisha is married at 6, consummated at 9 to nabi Mohamed. Why do you think they will want to raise it even higher than it already is?",1,1776003399.0
1sja3y7,ofrjlzq,Kicka-Albatross6387,"Just to justify, ex muslims and anti muslims are different breed. I dont think ex muslims even join groups like ex muslims, they just live their lives.",1,1776006787.0
17pgvtb,k85s8hu,CaptainPizdec,"The funniest part of this boycott crap is instead of selecting products/services that actually matters, you guys selectively only boycott things that you already seldom use / not really using and the goal of such action is instead of trying to send a message to the company you guys are just using it to stroke your ego aka virtue signalling. 

And the funniest one is many of the boycott list doesn't even have anything to do with yahudi but they got listed in the witch hunt akin to how cancel culture operates.",82,1699323742.0
17pgvtb,k85a9n9,Accomplished-Mix-136,The rule is kalau kita boleh influence orang utk boycot. Then orang lain bleh influence jgak untuk xyah boycott. Its a free country. Chill la,115,1699316388.0
17pgvtb,k85u3bx,se_petpigs,"bestkan orang lain menyampuk masuk hal yang xde kena mengena dgn mereka.

contohnya oktoberfest, concert....mcm mcm lagi",28,1699324516.0
17pgvtb,k8627op,PaleSituation71,"If you can't tolerate disagreement, that's your problem. Look who's suffering from the boycott in Malaysia now, its our own folks. Some McD staffs went unemployed because of this. What if your family members are one of them? Will you still think boycotting is a wise decision?",22,1699327992.0
17pgvtb,k85k4fv,Awkward-Attention729,Ikut suka hati dia la nak boikot. Ikut suka hati dia jugak la kalau dia taknak boikot.,26,1699320406.0
17pgvtb,k85m9nx,EagleKing5277,Xyah ambik port la org kata..kalo rasa benda tu betul..buat je..,6,1699321292.0
17pgvtb,k85gdf8,[deleted],"If want to boycott selectively then be quiet, don't need to announce to the public. If you announce to public and public question your selections, then be man about it, don't need to rant in reddit calling others as problems",43,1699318860.0
17pgvtb,k85je4h,niceandBulat,You wanna dish out you must willing to terima. If not then you are just a whining prick. Best piece of advice my trainer dished out,18,1699320107.0
17pgvtb,k85h5si,Vegetable-Strain4746,"Nah. It's just honest feedback that you don't like to hear. You mean you must never hear criticism? Have you criticized others before? Without feedback loop then how to know what we are doing is correct or wrong? Even worst you come to Reddit, a platform for exchange of opinion to vent on others on how right you are. Privileged mentality.

The river to the sea thing is a genocidal message. Don't believe go check urself. Too bad no one is saying the same chant for the Syrians or Yemenis. Oh well such is the world.",22,1699319189.0
17pgvtb,k85h5i0,SadMix5355,"Funny how some people really thought that such boycotts gonna make a difference. After few months, they all gonna forget about this and crawling back for the happy meals. 🤣",27,1699319185.0
17pgvtb,k8608be,Fendibull,"I wouldn't care to boycott or not. But I will get full attention bila dah masuk ayat ""kalau tak boikot dapat dosa"". Who the fuck are you telling me that? Are you a god to dictate me if I should go to hell or heaven?",9,1699327117.0
17pgvtb,k85jmfu,Berserkin_time123,Org Malaysia boycott Rm Turun 6sen power tak power boikot ni sebenarnya🫠🫠,5,1699320200.0
17pgvtb,k85np30,R-Byakko_07,"Nah bruhh, I didnt believe this. Sbb sebelum ni ada jer orang2 Malaysia nak perlekehkan Israel, but after that diam. Lepastu, bila isu Hamas ni up, barulah naik balik semangat. Dia macam ""Sudah terhantuk baru nak tergadah"" aku rasa why? Takkan la jadi camni. Let see, kalau orang2 kita ni adakah diam balik or teruskan.",7,1699321885.0
17pgvtb,k86yppz,Zonzzzz,boikot2 rakyat negara sendiri yang kena kesan.,6,1699349463.0
17pgvtb,k85tdnf,Seekret_Asian_Man,"Zealots think themselves speak from neutral pov and as humanitarian to support Palestine, with agenda to follow.

PLO slogan from the river to the sea, funny you would say that, they fucked over neighbour countries who initial helped them only to get stabbed back, which lead to today boycott but no real action agenda.",12,1699324217.0
17pgvtb,k85g7os,ise311,"boycott is crap for our economy.

People might lose their jobs, companies might close down, less corporate tax contribution to government, less FDI, the west will see us as crappy place to invest in. And then you all will complain no job, salary low, ringgit malaysia shitty.

Insaflah. It does no good in the long run.",21,1699318795.0
17pgvtb,k867lny,Elegant_Message6322,Tunggu 5-6 bulan. Back to normal.,4,1699330492.0
17pgvtb,k85sqga,[deleted],[deleted],11,1699323947.0
17pgvtb,k85vxtb,Alternative_Fan2458,"Honestly, this boycotting thing is getting out of hand. Suddenly dragged Zus Coffee into it. Previously, sembang meletup, support local, #sapotlokal bagai, now people is influencing others to boycott Zus. Why? Because the name Zus, uses Zus' face as their logo. Because of these reasons these maleis (im maleis too btw) likened drinking Zus' coffee to worshipping Zeus, or similar to having Zeus as close companion during lepak time. like what the shit people?

But still mengelitis tngok Thor tak pakai baju. SMH.

Though boycott is a good approach in showing support against current geopolitical situation, we must remember our country's economy and job opportunities will be affected. You cannot likened job opportunities situation in other countries like the US, etc. to Malaysia. Job opportunities in Malaysia is at the bottom of the barrel, especially for OKU and those without higher tier academic backgrounds. These F&B (Mcd, Burgerking), or delivery service (Grab) is their honest source of income. So imagine, OKU and those without higher tier academic backgrounds lose their jobs because of boycott. Ingat senang for them to get another job? So, beringat la sikit in boycotting, unless we Malaysians already prepared another proper alternatives for these people. Keje dengan meleis pun kena scam lagi teruk, songlap kwsp employees. Choiiii.

Also, nak boycott boleh, but based on correct information. Don't spread false information just because you want people to join the boycott campaign. Tiber siren Stakbak jadi Semiramis smh. Starbuck's logo is inspired by twin-tailed siren, to symbolise the allure that caffeine/coffee has.

​

Edit: I pray they won't discover or hear about a certain Bioware high/dark fantasy RPG xD these people will shit their pants and start boycotting vgames pulak nanti",14,1699325284.0
17pgvtb,k86evio,Hy8ogen,I'm loving the boycott. Not having to wait 1 hour for MickyD drive-through at dinner hour is amazing.,6,1699334515.0
17pgvtb,k85hkrd,MoreLessTer,"Kalau nak boikot sangat, at least boikotla bende tak perlu yg datang dari luar, bende yang nak untuk syok2 shj. Boikot barang yg hanya sekadar pinjam nama brand shj 99% sakitnye kat kita jugak.",9,1699319359.0
17pgvtb,k86g0vr,yuruseiii,"Alasan 'kita guna teknologi untuk lawan balik so boleh terus gunakan' is the lamest alasan I've ever heard. Korang bodoh tahap gaban kan? Siapa yang ade kuasa untuk mengubah narrative kat atas teknologi ini kerana dia ade kuasa? Siapa yang boleh sekat perlawanan sedara nie all because diorang tak suka apa yang korang buat?

Ko guna ciptaan Yahudi dan kapitalis, bermakna anda bergantung kepada kepandaian dan hasil innovatif diorang. Tiada kuasa dan pergorbanan dalam activities kamu untuk membela nasib orang Palestin. 

So what's the alternative? Dari duk membebel dan buat boikot yg sia sia ni, silakan mendaftar diri untuk volunteer kat Gaza atau mana2 negara Arab yang Saudi mengambil pelarian konflik ini. Kalo tak sudi... heh Allah taulah isi hati korang. Pintu jannah tu tetap tutup tak kita betapa kuat beruk cam korang menjerit. Bodoh tul.",9,1699335210.0
17pgvtb,k85xu00,[deleted],"The fact that you think boycotting companies who's ties with their parent company is at best nominal for a distant war that y'all know nothing about, apart from gobbling up misinfo likes it's Christmas just because the guys you support (who, by the by, are also WAR CRIMINALS like the Zionists) worship the same god, all the while thinking screeching about it in the comfort of your own homes and harming local workers because you couldn't help but VIRTUE-SIGNAL to high heavens and seven hells is gonna do something tells me how much you actually care about this conflict.

If you didn't know how ticked off I was, well now you know.",14,1699326078.0
17pgvtb,k85eaui,dimasvariant,"Juuuuust wanna point out that just using fb already gives them ad revenue and engagement data 😂

Aaaanyway, I agree with OP. If you wanna boycott, do so. If you don't want to boycott, that's ok. Everyone is allowed to make their own decisions without condemning others. To each his own ya? No need to belittle others for following their reasoning/conscience. That just smacks of thought policing. Jangan berat sebelah, jangan munafik.",7,1699318014.0
17pgvtb,k86aa7x,Psychological_Cod677,"Kena boycott pakai akal, bukan emosi.",7,1699331875.0
17pgvtb,k86garg,U_gotTP4my_bunghole,"Hey, suicide is the best form of boycotting, like ever.",7,1699335382.0
17pgvtb,k85m4k1,IceSoggy2802,Ini tempat mau bitch and moan ka? Tak habis-habis hal yang sama.. attention seeker much???,9,1699321233.0
17pgvtb,k85gafb,[deleted],"Kenapa melayu benci Yahudi? Kata perang adalah terhadap zionist Israel tapi setiap hari boleh dengar ayat

1) harga macam Yahudi
2) Agent Yahudi
3) Agenda Yahudi

Pasal bab teknologi, kenapa perlu cipta sendiri teknologi kalau teknologi sudah wujud dan kami tidak membenci orang yang mencipta teknologi tersebut. Tapi mereka yg benci Yahudi buat bodoh guna teknologi Yahudi.. Adakah kerana dunia Islam tidak menyumbang apa2 kepada sains dan teknologi dlm 100thn lepas? Cuba namakan sumbangan orang Islam kepada sains dan teknologi pada abad 20 dan sekarang 21? Ada cipta apa2 alat ke? Atau masih fikir boleh naik keldai sampai bulan? 

Also, from river to sea Palestine is free? So then what heppens to the Jews in those lands? What would your solution be for them? All the other Arab countries had systematically gotten rid of their Jews for centuries.. So what would your solution be for those Jews?

The moment Israel was formed next day all their neighbours launched a war on them. Imagine a new country with lesser people and resources fighting for survival the very day they were formed.. So u can't blame them for being aggressive as they were fighting for their survival from day 1.

Gaza is also bordering Egypt.. But why Egypt does not help Palestine? Why only put the blame on Israel and say they closed their borders. If you're at war, are you expected to open your borders to the warring nation?

I'm not siding with Israel, they have done horrible things as well. But it takes 2 to tango and there's always 2 sides to a story but Muslims only choose to look at one side.

This war has been going on not for decades but centuries.. Abrahamic religions hate each other and today it's being manifested through war. This is nothing new.",20,1699318826.0
17pgvtb,k87feyu,According-Rice9053,Baik stfu and stop talking cock saying wanna boycott boycatt semua..,3,1699360994.0
17pgvtb,k858tvh,faridfauzi2009,"That\`s how typical narcist people reacts to most issues in the world, especially when it come to religion based issues.

The same type of person   
""Kutuk bangsa lain, tapi in real world dok menyemak menagih dengan bangsa yang dia kutuk""",11,1699315801.0
17pgvtb,k8686up,JudgeCheezels,"Lol so that means admitting to selective boycott? That means you boycotters are nothing more than flip flopping hypocrites.

Dah la bodo need to depend on Israel for technology, tak sanggup nak boycott. Give excuse need to use their technology to fight back and spread awareness. If so fucking smart, you boycotters go make your own versions of everything Israel has made la. Apa lanjiao pun you boycotters cakap.",5,1699330789.0
17pgvtb,k866xek,lightningcold69,"To OP, please answer my questions fairly. Before we start boycotting some brands,

1. Is everyone aware of this, or do they blindly believe what has been spread in the media?

2. Do we have to prove that these specific brands have coloration in Israel, or most of it we just assumed according to scandals in other countries?

3. We do understand some brands might be from Muslim entrepreneurs, and there are a lot of Muslims working in the brand. If we boycott this specific brand, who is going to be responsible for their fate if they lose their job? Are you going to tell them to find another job instead? What if that happens to you?

4. Is this boycott an official fatwa from our mufti, or is it just propaganda from some extreme people? I believe there is no official fatwa from Malaysia to boycott a specific brand right now; in fact, recently, Mufti from Penang asked not to boycott them. If you are really concerned, you guys should start pushing Majlis Fatwa in this case because they cannot remain silent.

5. How do you believe whatever you see in the media, whether you have not been there or even understand Arabic? I believe there is a legitimate source from an NGO; that's fine, but I'm referring to the information circle around media, where you don't know where the source is coming from, especially edited videos.

This question was in my head, and I still didn't get an answer. Is the boycott really the best way to fight Israel, or is there another way without harming other Muslims, especially in Malaysia?",7,1699330158.0
1m0fh8y,n38u00u,19midnight,Bila bunyi ' tinggg' ... Boleh tahu kepala dia  macam tin kosong je.. 😆😆😆,797,1752580072.0
1m0fh8y,n38uqfv,chick-rex,"That ""Tiiiiiinnnnggg"" 10/10",398,1752580364.0
1m0fh8y,n38ue93,IDiuU,"Ppl trying talk nicely, keep provoking him to punch.",313,1752580231.0
1m0fh8y,n38uhd1,Physioweng,The head of security has that “small pp vibe” all over him,236,1752580266.0
1m0fh8y,n38tq2h,Standard-Sir844,"![gif](giphy|gkzOIVhEy7gjIKKJ7R)

Good self control..",203,1752579960.0
1m0fh8y,n38ukmy,Illustrious-Hold-141,"Gerak Solo konon. Hahaha. Gangster taik kucing bila bertemu buku dengan ruas, tidur jadinya.",313,1752580301.0
1m0fh8y,n38vc5k,paanator,Muka cam kimak...pakai baju cam tu ingat dia lah yg paling hero...,141,1752580598.0
1m0fh8y,n38vaa2,williamtan2020,"At last, sequel to 'One-By-One' is here folks 👍",131,1752580578.0
1m0fh8y,n39y8rz,Western_Cabinet_6257,Fighter’s name: Tony Lim who recently won the malaysia fight league featherweight championship and is participating in another championship tournament soon (octagon fc). Go ahead and support his career!,128,1752593081.0
1m0fh8y,n38x6z1,Technical-Entry-7586,Bro threw a spinning back kick like its nothing. The moment he did a mma takedown decides whos the winner here.,106,1752581320.0
1m0fh8y,n38x73h,drag0nslayer02,"https://preview.redd.it/opv0l8h241df1.jpeg?width=2000&format=pjpg&auto=webp&s=ccf9a95873358ab7f1b2e31f50f9976948758a9c

*DING!!!*",96,1752581322.0
1m0fh8y,n38vmyr,ishlazz,Glad he messed with the wrong guy. Dude deserved it if it's true,84,1752580714.0
1m0fh8y,n38vwta,[deleted],[removed],68,1752580821.0
1m0fh8y,n38v3qm,mortetekk,I can't the bonk sound 😭😭😭,55,1752580508.0
1m0fh8y,n38vp0r,Fillandkrizt,I know it's irrelevant and the guy's a jackass either way but what prompted the fight ?,55,1752580736.0
1m0fh8y,n38w3oy,kitsuneinherpalm,Who's the pondan now? Challenge ppl to fight but cant even land a blow,58,1752580897.0
1m0fh8y,n39ynsi,ireallylovenapping,"aku menyampah betul jantan pakai baju gambar rimau acah pahlawan, suruh volunteer masuk askar tak nak.

lagi2 puak warna hijau-kuning-merah, acah2 ayahanda la, abang long la, poyo gila siak. duduk dengan kawan2 sembang macam gangster triad hong kong, tapi padahal lepak kat warung mak janda tepi jalan, hisap rokok seludup pau kawan lighter rembat.

ni semua kumpulan yang acah2 'ketuanan melayu', tapi sorang tokoh melayu pun tak kenal. silap2 muka Tunku kat atas duit tu pun tak kenal siapa.

pakaian pula semua sama, skinny jeans, baju hitam, rambut kalau tak tocang 2 inci macam saiz konek dia yang kecil tu, top bun atau fade tepi. bonus point kalau ada cap dengan sling bag. janggut sejemput macam bulu jembut dia.

kenapa aku menyampah sangat dengan puak2 macam ni? sebab memalukan. sangat memalukan. kau nak bangsa lain pandang serius dekat meleis? be better, don't be a 2nd rate thug from a 3rd rate meleis gangster movie. 

that's all, thank you for coming to my ted talk",57,1752593197.0
1m0fh8y,n38vzkk,10000purrs,"It's 2025 wey, people still talk like this?? The cringe 'kalau kau jantan' small pp challenge talk. Dude act like an ape who watch too much cap malaysia gangster movie.",100,1752580852.0
1m0fh8y,n38vb62,ghandinahbey,Empty vessel makes the most noise,46,1752580587.0
1m0fh8y,n38xk1o,Harbor_Barber,"Satisfying af lmaoooo. Bodo ada criminal record pun still able to work wtf, kena kw mma champion HAHA",37,1752581457.0
1m0fh8y,n38zmdt,Miyubo,"Luckily it's  MMA champion, imagine it's some guy that doesn't train to defend himself, they will get bullied by this fat-shit. 

This guy must be laid off and go to jail.",71,1752582231.0
1m0fh8y,n38uk50,OrdinaryDimension833,FAFO,26,1752580296.0
1m0fh8y,n38wpek,Elite-X03,Ting tu mmg pelakon tambahan 👏🏻👏🏻,23,1752581133.0
1mh0kdj,n6sq3dx,Friendly-Basis-4043,"Kacang, bagai kacang lupakan kulit. Lol",581,1754271899.0
1mh0kdj,n6srb0q,BaronGamer,Ketupat? Outside is green but inside is white,226,1754272325.0
1mh0kdj,n6spgsn,[deleted],[deleted],254,1754271684.0
1mh0kdj,n6sxtdz,Open-Hippo-7213,As a Singaporean Malay this made my morning hahahahaha #angryupvote,68,1754274726.0
1mh0kdj,n6speub,Traditional_Bunch390,"I did, but they are the ones that grew up overseas",43,1754271664.0
1mh0kdj,n6svt69,[deleted],[removed],41,1754273970.0
1mh0kdj,n6srr50,[deleted],"I'm thinking about this & decide to call them as

'LANGSAT'

The type of fruit tree that native, originated from western Peninsular Malaysia.

More importantly the word 'LANGSAT' rhythm well with 'BANGSAT' which suit this kind of Malay 😂",55,1754272484.0
1mh0kdj,n6sszn8,WingedSalim,"As a Malay who considers BM as their second language and not his first, this is true. You can't believe how many times people thought i was from Singapore. 

But i do live in JB, so at least it's understandable.",30,1754272928.0
1mh0kdj,n6stmy0,azizsafudin,"Singaporean Malay here, grew up speaking Malay but I have to admit this post is correct. In the recent years me and my friends have made extra effort to speak in Malay only when together. We’re still comfortable conversing in Malay but it’s too easy to just fall back to English.",42,1754273167.0
1mh0kdj,n6spmdl,thenamesammaris,Budak Bangsar,22,1754271739.0
1mh0kdj,n6t147d,confusation,ada pula orang sini macam bangga sangat tak reti cakap BM aduhhh kakaka,7,1754275998.0
1mh0kdj,n6tfb5u,Strepsils8888,"Have met one in university, he is from the so call “Elite” family, born and raised in UK. Back to Malaysia to pursue his degree due to poor academic performance in UK",8,1754282065.0
1mh0kdj,n6t61kw,StokedToTheSpace9413,"There are actually quite a significant number of Malay that don't speak Malay, terutamanya tmpt kaya2 like bukit gasing, bukit antarabangsa, Bandar Utama, Bangsar, Damansara etc.

One of the member from gang2 omputih once told me ""once you go black you never go back, once you go Malay you never go stray""",13,1754278009.0
1mh0kdj,n6t68s7,ParticularConcept548,Royalty lmao,7,1754278095.0
1mh0kdj,n6swv32,AcanthocephalaHot569,"I know a few people in my uni who's Malay but either have a poor grasp of Malay or even completely Anglo. Thou one of them happens to once study overseas and attended an international school once he returned, the other one is a full born and bred Sabahan who tends to speak English more than even the Sabah dialect. He didn't even listen to Malay pop songs making him somewhat of an outcast in our class.",4,1754274361.0
1d8ye86,l7b2g3s,Bowmore18,Bro was smiling when he re-engaged lol,478,1717636278.0
1d8ye86,l7bb5t1,cjack3,"Dude was borderline happy when he got hit with the helmet from behind, almost like ""oh you really want this huh""",317,1717639936.0
1d8ye86,l7b77y0,ivannater69,I like how uncle trying to stop the fight and still guarding his KFC,271,1717638266.0
1d8ye86,l7aqiq2,serpventime,"dahlah kalah first fight, then main pukul curi...gila tak gentle

look how the guy parry the second attack, bro got battle scars. its nice not mess around

update: apparently bro memang legit got battle scars. he used to be taekwondo instructor. jabatan netizen never disappoints.",260,1717631394.0
1d8ye86,l7axwe4,gravitywillfall,Man took a helmet to the back of the head like a fucking champ,107,1717634394.0
1d8ye86,l7ar5sj,NeoKlang,I rewatch 20x to learn the art of street fight,95,1717631650.0
1d8ye86,l7b5r7o,[deleted],[removed],74,1717637659.0
1d8ye86,l7awmiz,[deleted],Blue shirt guy would make a terrible refferee.,195,1717633872.0
1d8ye86,l7axgq8,drskullz,"Guy was lucky he was wearing crocs, if he had some hard boots on guy would be having some serious brain damage",48,1717634214.0
1d8ye86,l7beii2,BartDCMY,I respect everyone involved in this video. At least everyone is using Malaysian language there. That is the way. Truly Malaysian lol,85,1717641379.0
1d8ye86,l7bnytk,cof666,"I believe unker had a bit of training. Breakdown:

1. Closed stance upon entry.
2. Left parry
3. Jab to mask
4. Cross
5. Kick combo: L, R, R, R, taunt, L, R

Taunt was unnecessary because brother was already out, but showed the judges dominance. 

10-1 on my score card.",66,1717645760.0
1d8ye86,l7aty5b,un-tall_Investigator,This supervooc type-c one. Don't mess with or get the heat,64,1717632776.0
1d8ye86,l7bnp0i,Particular_Tax530,The Chinese guy was having the best time of his life,32,1717645625.0
1d8ye86,l7aidbf,[deleted],His ego is bigger than his punching ability. The other guy was hella consistent though.,28,1717628197.0
1d8ye86,l7axbo4,drskullz,"If you watch the first video, the indian guy sure already mabuk one. I doubt he's gonna remember anything about what happened",29,1717634159.0
1d8ye86,l7df0ay,neweraoftrench,"https://preview.redd.it/xbqyzqmbiy4d1.jpeg?width=1080&format=pjpg&auto=webp&s=cb7f29df9f0cdebe5cfc860ed5d6838d6c768ffe

this macha surely messing around with the wrong person 💀",29,1717681952.0
1d8ye86,l7auznh,EverSoInfinite,"This is a species known as ""Spinelessi Cowardikum."" When faced with a predator it will flop and play dead. A mature Cowardikum has a collapsible spine which will flop as can be seen in the video. What is not shown, however, is his shrinking telor which retract into his body. Simply remarkable.",77,1717633201.0
1d8ye86,l7axi91,Mr_Monji,"3rd round, dirty and still lose 💀",19,1717634233.0
1d8ye86,l7cly1n,BeserkerBat89,https://preview.redd.it/4uosnpx4cx4d1.jpeg?width=271&format=pjpg&auto=webp&s=93cbeecf8faa17d9e582eeb95944f36025a745e9,23,1717667763.0
1d8ye86,l7b7a4q,da_dam,"Type M - saya perlu sara keluarga

Type C - *keluar kad oku*

Type L - I mabuk at that time

Truly Malaysian moment",68,1717638292.0
1d8ye86,l7bdj8l,dayabanana,"Chainis unker parried that second helmet swing like a champ and then counterattacked like a bauss, moral of the story is dont fuck with kedai runcit unker or u get the heat.",33,1717640957.0
1d8ye86,l7b95fz,[deleted],"Gets hit with a helmet: Call the ambulance!

Puts phone in his pocket: But not for me",15,1717639078.0
1d8ye86,l7bgsaz,Bugjuice_,"Horyshet that bro took that helmet to the back of the head like a man, I hope he gets himself check up, hit in the back of the skull is no joke, even it is prohibited in MMA/boxing rules.",14,1717642382.0
1iowhw4,mcn9auk,khairul619,"Kita gaduh dan kita berbaik. Itu menariknya Asia Tenggara ni. Kita perlukan satu sama lain. 

Janganlah kita membenci, apa kata kita bersama-sama dalam membangun",452,1739491617.0
1iowhw4,mcnbgvb,BizzareMann_2,Ini apa yang aku bayangkan masa kelas Sejarah,264,1739492339.0
1iowhw4,mcnhv7g,ThenAcanthocephala57,"Then, the Fire Nation (Europeans and Japanese) arrived",181,1739494467.0
1iowhw4,mcnkk2a,X-rays_0002,What having a body of water as a border do to a mf,156,1739495372.0
1iowhw4,mco31fq,Chrissylumpy21,Good lah let’s stay this way please kawan kawan,77,1739501846.0
1iowhw4,mcnli51,JustAnAds,"And today, Myanmar is currently in nation wide civil war and there's armed separatist conflict in south Thailand",76,1739495694.0
1iowhw4,mcou4ll,Diligent-Reply-8446,Violence aside the trading countries actually look really cute and adorable in this hahahahahah,33,1739513111.0
1iowhw4,mcoe6tl,Hot_Pilot_248,Alhamdulliah,33,1739505957.0
1iowhw4,mcp3ull,Interesting_Carry731,Ofc were trading durians ![gif](emote|free_emotes_pack|money_face),9,1739518442.0
1iowhw4,mcp7eif,PatientClue1118,"Malay kingdoms lose the southern tip of Myanmar and a huge chunk south of Thailand. Kelantan lose Tak Bai district,a beautiful beaches.",8,1739520567.0
1iowhw4,mcpfvnx,JToPocHi,The illustration is legit cute.,8,1739525908.0
1iowhw4,mcpn68i,HJSDGCE,"Southeast Asians would kill each other in one generation, and be best friends in another. It's the circle of life.",8,1739530437.0
1iowhw4,mcol9jn,getmyhandswet,"Wait, why is Singapore the only triangle, and a tiny one somemore? 😂",25,1739508920.0
1iowhw4,mcof5gf,White_Hairpin15,And we don't trade only with each other.,6,1739506340.0
1iowhw4,mcpn1zn,Rates_Fathan,We are friend. We are tomodachi.,6,1739530368.0
1iowhw4,mcowq5z,Reasonable_Beach_806,what peacefull? if i remember correcly small kingdom in tanah melayu fighting eachother,4,1739514455.0
1iowhw4,mcp64oj,Kopi-O-Ice,Cute graphic 💕💖♥️❤️,4,1739519806.0
1iowhw4,mcpst61,zydarking,"I mean, tbf we also ada aje perang sini, gaduh sana. But not to the extent of mainland SEA, true. Tu mmg kekdg blh smp tahap gila.",4,1739533617.0
1iowhw4,mcorf32,nameless3003,We always trading from long time already and even now we still doing same export stuff same stuff just more farther trade only,3,1739511759.0
1iowhw4,mcpkoad,Nakatsukasa,"The mainland have wars mainly due to difference in religion philosophy and their types of monarchy 

The islanders despite the difference are still all mainly Muslim rulers with Arabic influences, and then the prosperity brought by trade means there's less reason for war compared to the mainland",3,1739528950.0
1iowhw4,mcq2o1l,princeofpirate,That was why Malacca was unprepared for the violent European warfare brought by Portuguese.,3,1739538170.0
1sgej2o,of4if2h,Feeling_Bother_1660,They only needed to wear bikini. Dude with heels just did it because he wanted to,601,1775706461.0
1sgej2o,of4jjp7,Artificial-Point,Gas station be like: This is not what we expected 😭😭,75,1775706916.0
1sgej2o,of4hyru,TapSorry2421,JAKIM be creeping at the station,305,1775706277.0
1sgej2o,of4jnr7,LostMoneyOnGambling,Akan lakukan,35,1775706962.0
1sgej2o,of4m0ow,Yellow_Weatea,Ini boleh menghilangkan stress.,31,1775707943.0
1sgej2o,of4jh7w,matsalehuncle,I can only imagine the reaction from the zealots here..,49,1775706888.0
1sgej2o,of4jp2t,amely_5ai,https://preview.redd.it/yd6ms14i83ug1.jpeg?width=700&format=pjpg&auto=webp&s=3c04a3e7484878cec3ed4127c076dc7b25b2b299,38,1775706976.0
1sgej2o,of4mjc0,Repulsive_Tough_4740,Feeling cute. might delete later,12,1775708163.0
1sgej2o,of4qma9,SiOyenKL,https://preview.redd.it/m4uxokbdh3ug1.jpeg?width=960&format=pjpg&auto=webp&s=8521ba72131c9e82e52c9d1ad821c865aa8ca748,21,1775709955.0
1sgej2o,of4vv0x,Chad-Kenob1,I'm too bodily insecure for this shi,8,1775712399.0
1sgej2o,of4hyx7,Seanwys,"Full so expensive, people gotta do what they gotta do 😭✌🏻",9,1775706278.0
1sgej2o,of50j84,yayanazet,🤣i would gladly bring my diesel trucks,3,1775714705.0
1sgej2o,of4kvzt,Present_Student4891,Here they serve kopi.,2,1775707467.0
1sgej2o,of95ibv,ThisIsKing18,Singaporean men when Malaysia gas station make same offer 🤣,2,1775765406.0
1sgej2o,ofbqtjm,user-sodium,"They wanted goon.

But ended up with goons.",2,1775797137.0
1sgej2o,of4k29f,Nanoman-8,Don't let PAS see this,3,1775707124.0
1sgej2o,of4mjwo,kunyit4lyfe,i would but i got bontot hitam.,3,1775708170.0
1sgej2o,of4n1ef,Playful-Ad-7277,in the economy yea it is justified no discrimination,4,1775708382.0
1sgej2o,of4qwgd,lazyasheck,should just replace the BUDI95 to whatever this is,1,1775710082.0
1sgej2o,of4r5ar,X_for_hendecagon,i think even if it was 30% discount.. oso men would showed up.. hahaha,1,1775710194.0
1sgej2o,of4rek9,dhamirimf,"Gas station obtain the wrong crowd, but gives out epic moment",1,1775710309.0
1sgej2o,of4zccm,Objective_Fox2591,that's some dedication right there,1,1775714106.0
1sgej2o,of56o8f,bad2dbone3,Challenge accepted!!,1,1775717854.0
1sgej2o,of5aac0,what_no_fkn_ziti,The gang solves the gas crisis,1,1775719772.0
1sgej2o,of5n7ea,Paulcohol,Legends,1,1775726828.0
1sgej2o,of5r1qg,FewCharity1166,you would wear that?,1,1775728820.0
1sgej2o,of67ubw,Disastrous_Fox_226,They all look good with bikinis ngl,1,1775735961.0
1t336lh,ojsfk1q,delicious_lemang,"It's been 8 years since I graduated highschool. I still asked her ""bila nak kahwin?"" 3-5 times a year",272,1777858916.0
1t336lh,ojsrx11,orbitingpluto134340,the guy that did the naoya pose at the start lol,63,1777863458.0
1t336lh,ojshrso,genryou,"Chill betul principal

Kat Malaysia ni mesti dh kena viral dgn principal, lepas tu kena tuduh Gen Z takde adab",181,1777859698.0
1t336lh,ojst9o7,PekStarterMalaysia,"If in Malaysia confirm got the “mana adab” comments. 

But I’ve seen some people being a bit funny during their konvos.",97,1777864003.0
1t336lh,ojsjsxj,miztiq,actually wholesome.,52,1777860429.0
1t336lh,ojsjhoq,Slukeskywalker,"Nice, express my profound respect and heartfelt gratitude for the extraordinary dedication you show to the students",27,1777860317.0
1t336lh,ojslgqs,Dip2pot4t0Ch1P,"I still remember during my primary school, shaking hands with dato seri vida on my year 3 graduation day since the principal of my school at that time is friends with her and she sponsors some stuff for the school.",21,1777861034.0
1t336lh,ojtbubx,sadakochin,Cool woman there.,8,1777872332.0
1t336lh,ojtu9ks,Vast-Preference-1511,![gif](giphy|LNhGpXP9ou1fePjgNm),4,1777882165.0
1t336lh,ojtu9ft,AleeshaMikayla,"Haha, never imagined this kind of post on my graduation..",3,1777882162.0
1t336lh,ojtyv45,Agitated-Comment-745,"Nice, now do it with the Thailand King ☠️💀",4,1777884729.0
1t336lh,ojupmd7,0bsidian0bliterator0,She slayed the vibe check,2,1777896948.0
1t336lh,ojv4m1m,Fevy_,And my principal is a pedo bruh,2,1777901901.0
1t336lh,ojyr0qn,Shittingboi,![gif](giphy|qLErpwsfLyY6RSTJlJ),2,1777938871.0
1t336lh,ojstsqj,MapBubbly5383,"I didn't get this type graduation in school lol. 

First at sk due to mid performance.
in highschool due to covid. 
Yeah...",3,1777864219.0
1t336lh,ojt4jxn,KomplexKaiju,Awesome! So much more fun than the typically boring graduation ceremonies I’ve seen (in the USA).,1,1777868840.0
1t336lh,ojtxe82,LostMoneyOnGambling,![gif](giphy|8Gilqf9XAwVte4GZGE),1,1777883924.0
1t336lh,oju8km0,edehlah,love this. well done.,1,1777889849.0
1t336lh,ojubmb3,Ok-ThanksWorld,![gif](giphy|zmVgFyJ4WevoU021NV),1,1777891291.0
1t336lh,ojuoof5,PlsSendNoodles,That's how you reach these keeeds!,1,1777896606.0
1t336lh,ojuw5dc,Efficient_Ad_8530,[ Removed by Reddit ],1,1777899221.0
1t336lh,ojxoxbl,CauliflowerOk541,She’s a GOAT,1,1777927114.0
1t336lh,ok0xt56,londong9000,"If this was Malaysia, as long as She's cool with it so no problem. Netizen can eat shit.",1,1777972389.0
1t336lh,ok6sh4p,Murder-princessy,r/wholesome r/mademesmile,1,1778039566.0
1t336lh,ok6y9ra,ProcessTypical2772,This is so wholesome!!,1,1778042072.0
1t336lh,ok8zhrm,digital_bubblebath,Cringe,1,1778074549.0
1t336lh,ojthtda,torts92,Such an unserious country,-1,1777875392.0
1j72cvk,mgtkcb7,Kasure,"Love how he's actually calm about it

Nice recovery tho",547,1741506619.0
1j72cvk,mgtmkst,Prestigious_Swing303,Bro just accepted his faith as it happened,200,1741507947.0
1j72cvk,mgtnlju,the_worst_one,Reasons why you dont wear shorts riding moto,140,1741508567.0
1j72cvk,mgtjp1r,LakiSigat23-,https://preview.redd.it/7t6arrv5cmne1.jpeg?width=690&format=pjpg&auto=webp&s=615050201cb6253bed778dd06f89b71352a87c61,290,1741506239.0
1j72cvk,mgtjnr8,BizzareMann_2,Oddly cute,87,1741506217.0
1j72cvk,mgtkler,Natural-You4322,They see me sliding they hatin…….,78,1741506768.0
1j72cvk,mgtkxhw,CedLux,Thats kinda cool ngl.,30,1741506967.0
1j72cvk,mgtloy8,HeroMachineMan,"Should have added the song ""Rain Drops Keep Failing on My Head""",19,1741507421.0
1j72cvk,mgtnnx7,BaronGamer,0:11 why does he look like a cutie patootie? 🥺,15,1741508608.0
1j72cvk,mgtkkkv,rmp20002000,This is Singapore though.,31,1741506755.0
1j72cvk,mgtovvc,ipoh88,I like to know the brand name of his pants.,12,1741509358.0
1j72cvk,mgtl88w,WheelNormal1585,I guess he got used to it when it rains,8,1741507148.0
1j72cvk,mgueiav,BabibuBabun,"Very demure accident, definitely not his first rodeo",7,1741524288.0
1j72cvk,mgtmaxw,manapeerandy1988,"Haha, Nice

Hope his bike isn't damage as much",5,1741507784.0
1j72cvk,mgtn83s,flyden1,Wheeeeeee,6,1741508340.0
1j72cvk,mgtnul2,[deleted],"My brain automatically played a song

""They see me rollin'
They hatin'
Patrollin' and tryna catch me ridin' dirty""",5,1741508722.0
1j72cvk,mgtod1n,Just_Tomatillo6295,Weeeeeeeeeeee!!!!,6,1741509039.0
1j72cvk,mguafj3,ArbitraryMeritocracy,"He folds his hands and waits patiently for the slide to end.

edit:spelling",4,1741522298.0
1j72cvk,mgujh3g,QDZ_602,mf got some cod movements,4,1741526474.0
1j72cvk,mgun1yy,No_Restaurant566,Seems like he had a shitty day and nothing can faze him anymore,4,1741527917.0
1j72cvk,mguelle,harrrisse,https://i.redd.it/dddizygytnne1.gif,4,1741524330.0
1mbhhwp,n5m7ib0,[deleted],https://preview.redd.it/dlekrb8jnmff1.png?width=640&format=png&auto=webp&s=c07ea3d12535650db6ad0a940f3e17f5a08b3fe5,518,1753713815.0
1mbhhwp,n5mfenx,KeeperOfUselessInfo,Win for asean. Any collective move that shows asean is a sensible region benefits everyone.,231,1753716090.0
1mbhhwp,n5m7lh5,Lopsided_Farmer_136,"Cambodia is backed by China. Thailand is backed by the US. Malaysia is a neutral party friendly to both sides and also current chair of ASEAN, hence can act as a broker for the deal.",549,1753713841.0
1mbhhwp,n5mceif,Defender_of_human,"Another W for Anwar 

But that protests another L for him also",157,1753715233.0
1mbhhwp,n5mg988,FAshcraft,"Putting down a sibling fight you need to bring in the Sibling in charge not the next jalan neighbour who beef can be smell on the whole taman.

of course they gotta go at it again one day but that what sibling in charge are supposed to do promote order so next door neighbour don't bising cause a fuss and escalate.",60,1753716330.0
1mbhhwp,n5m4jca,[deleted],[deleted],68,1753712941.0
1mbhhwp,n5m8qwi,Wonderful_Letter_961,actually its called the Madani^(tm)  Administration,36,1753714175.0
1mbhhwp,n5plbuw,eclipse_extra,"Thankfully, r/BolehLand still has quality memes",12,1753749836.0
1mbhhwp,n5pd3ae,stratof3ar89,"DSAI: Thailand. Please agree to ceasefire or we will close the border and no more Malaysian tourist for you.  

*Ceasefire signed off*",23,1753747003.0
1mbhhwp,n5mm5b2,NemSorachana,Cambodia never said NO to Third Party Mediation except bilateral dialogue without third party. We had done enough.,9,1753717991.0
1mbhhwp,n5n3axt,Infamous_Gur_9083,Anwar's ego be soaring sky high.,7,1753722788.0
1mbhhwp,n5p79j9,Battleraizer,"Nah, is just Malaysian food sedap.",8,1753745094.0
1mbhhwp,n5m78ho,aaramm8,"PMX, Myanmar apa cerita?",33,1753713736.0
1mbhhwp,n5mkulj,Zediezedzed,"Really great win for Anwar and Malaysia. Could be a good reason for him to get a Nobel Peace Prize. 

Malaysia Boleh Baby!!!",17,1753717631.0
1mbhhwp,n5n3mqz,ZeneticX,I am more convinced now that Trump probably will attend Asean summit on October,5,1753722878.0
1mbhhwp,n5pnrkk,No-Vanilla7885,"Nah ,more like why those so far away busybody . Meanwhile Malaysia literally share borders .",5,1753750668.0
1mbhhwp,n5qvqih,ECU_wizard,https://preview.redd.it/7ad78a846rff1.jpeg?width=865&format=pjpg&auto=webp&s=c494d30a268e34a06fe3e1966706d86b1374a670,5,1753768486.0
1mbhhwp,n5rr1h0,Longjumping-Raise544,"https://preview.redd.it/xtx0fgmbmsff1.jpeg?width=1170&format=pjpg&auto=webp&s=f47640a2ac152f72ff6fba2727181d3bb515db52

I’ll leave this here",4,1753786048.0
1mbhhwp,n5n7mut,fhjjjjjkkkkkkkl,They don’t wanna drop the soap when Anwar is around,7,1753723962.0
1mbhhwp,n5o7epk,farish_tracer,PMX out here preventing us becoming the Balkan of Asia lmao,6,1753734091.0
1mbhhwp,n5r1n8k,AymanMarzuqi,Don't let Fadhli see this,3,1753771726.0
1mbhhwp,n5mzrkm,theunoriginalasian,Madani on top 🇲🇾🇲🇾🇲🇾🐯🐯🐯🐯💪🏼💪🏼💪🏼,6,1753721830.0
1ikexp6,mblxej5,Past-Brother3030,"Meme? Dekat bolehland?! KITA SANGAT BALIK 🗣️🔥

https://preview.redd.it/wqrubo2rguhe1.jpeg?width=735&format=pjpg&auto=webp&s=ea6c1073a2363b785e3640e7015370ca3786a8ba",516,1738989549.0
1ikexp6,mblwq8y,Proud_Counter_1370,Mantap kalau ada apam balik,234,1738989267.0
1ikexp6,mbmbtv6,Honest-Head7257,"Kenduri arwah

https://preview.redd.it/jutwrolx0vhe1.jpeg?width=222&format=pjpg&auto=webp&s=5e477c81aa59a95ce6792abdd714ab85db8d67c5",87,1738996335.0
1ikexp6,mblwapj,butapikachu,![gif](giphy|E4VpFX5HKFxgz1otZG),63,1738989086.0
1ikexp6,mbm0dxq,Alarmed_Economics_39,"Mantap bila ada KKK iaitu , kopi ,kambing dan ketupat",50,1738990821.0
1ikexp6,mblw8po,GS916,Beer 🍺,107,1738989064.0
1ikexp6,mbm411b,monyet2,"Haha yeah. I did notice that Malay ladies love to compliment ""cantik"", cantiknya deco, cantiknya baju, cantiknya bunga, cantiknya buku, cantiknya cantiknya cantiknya. Chinese ladies like to say, so cute, so cute, so cute. Haha...",26,1738992463.0
1ikexp6,mbm0i2r,RAKCFC7,"Makan percuma, always.",23,1738990871.0
1ikexp6,mblwjow,robintoots,Mantap! Ada sirap,41,1738989192.0
1ikexp6,mblxsqw,Southern_Broccoli_58,MANTAP ADA AYAM MASAK MERAH DENGAN NASI MINYAK!!,27,1738989714.0
1ikexp6,mblxzwt,[deleted],"![gif](giphy|3oz8xTawWVM7Npb1FS)

Anything else is just boring",12,1738989799.0
1ikexp6,mblxr9q,Su152Taran,The only buffet I can afford,13,1738989697.0
1ikexp6,mblxixo,GoodSweetPotatoes,I always go straight for the orange juice,10,1738989600.0
1ikexp6,mbm4jr2,w31rd_u53r,I'd be searching for the papadom like a rat and ignoring everything else.,8,1738992704.0
1ikexp6,mbm7tbn,misterjun,mantap ade ice cream,7,1738994263.0
1ikexp6,mbm53e2,New_member1508,Me: trying to find nasi minyak,6,1738992955.0
1ikexp6,mbmc9x1,Emkay2017,Paling rare kat kenduri yang ak pernah g adalah bubur cendol (cendol panas),6,1738996575.0
1ikexp6,mbmjcx5,ainagata04,lol me rn in kenduri😭,5,1739000565.0
1ikexp6,mbmvzuf,bleh_bleh_bleh_157,"Teh tarik = happy

Teh tarik + apam balik = perfect 

Teh tarik + apam balik + kambing bakar = heavenly",4,1739008052.0
1ikexp6,mbmds02,daamxlaws,lagi padu kalau ada sate. tapi itu dulu-dulu saja.,5,1738997393.0
1ikexp6,mbmgmqd,AkmalTi,"i got 666th like. anyways, i jump in joy when they serve kambing",4,1738998983.0
1ikexp6,mbme3so,Mugiyajijiji,Teh tarik dekat kenduri bapak la manis... 🤢,3,1738997568.0
1jio9v0,mjgmco0,Puzzleheaded_Bowl314,Apparently that trip bringing our food from kitchen door to our table is worth the 10% ![gif](emote|free_emotes_pack|trollface),514,1742815782.0
1jio9v0,mjgmwk6,Stalker_Medic,This is so true. Like bruh you did minimal service summore,147,1742816056.0
1jio9v0,mjgol1w,[deleted],Which badan kerajaan is responsible for this. Just curious who I should be cursing rn.,104,1742816855.0
1jio9v0,mjgnch2,Even-Marionberry-438,The service tax we pay are like individual tips US citizens pays for the restaurant employees. Haih no choice,67,1742816269.0
1jio9v0,mjielk4,Theshibainuinyou,"Restaurants and other service providers need to pay SST (SERVICE TAX) to the government. The charge is passed onto the consumer. The business doesn't get to keep the tax money, everything goes to the government. 

SERVICE CHARGE is imposed by the business, and it's up to them if they want to charge it or not. They will get to keep the money from the service charge and it's up to them how they want to use it (not mandated by law). 

Sales tax cannot escape, but it's up to you if you want to boycott businesses that impose a service charge and not be transparent about its usage. I get what the artist is trying to say but they've confused the terms.",13,1742837240.0
1jio9v0,mjgr48n,genryou,"I don't mind this. At least no wrong order, or the waiter misheard and gave entirely different things. They can focus on clearing up the table and ensuring food arrive quickly from kitchen to customers.

Also some of my family members decide really slowly, I feel bad for the waiter having to wait for everyone to choose.

Worth the efficiency.",34,1742818001.0
1jio9v0,mjgs7r1,FurubayashiSEA,"That why I had personal policy now if I had to scan to order, I leave immediately",23,1742818487.0
1jio9v0,mjh61kb,Youlknowthatone,"My mom asked me one day, ""why you kena servis caj? You literally stand on the counter, order and pay, they don't even have chair to sit down"".

Yeah non dine in, no waitress food establishments, should not have service charge.",10,1742823804.0
1jio9v0,mjhcp63,jt101jt101,eat at home.... cook some quick easy meal take to office use simple recipe with ready sauces with any easy to prepare ingredient. you'll saver alot of money and much healthier as well. trust me if you save 500 a months thats 6 grand a year,3,1742825956.0
1jio9v0,mjhj5nu,Ok-Arm-3100,"QR menu is still a form of service which is still part of the operating cost.

And waiters still serve the food and attend to customers adhoc requests.",3,1742828006.0
1jio9v0,mjhwsn7,potatocakesssss,"I noticed a few comments below here confusing service charge and service tax. It's not the same, tax is paid to gov whilst charge is done by the business. 

Service charge is kept to a pool of funds and distributed back to the staff. If Ur a restaurant employee where a service charge is done but Ur not receiving money on it Ur boss is a dickhead.

Confusion here is due to the comic is also not accurate.",3,1742832091.0
1jio9v0,mjgw6qm,hijifa,"We dont charge service in fast food cause we order and collect ourself at counter.

At this point QR order and pay at counter is the same, so why we paying service LMAO",2,1742820153.0
1jio9v0,mji22zj,shojikun,"i thought cannot have service tax, but service charge can",2,1742833675.0
1jio9v0,mjjeco7,Abhi_Jaman_92,"Ehhh, takde takde takde. Ingat ni Amerika ke? That’ll be the last time you see me dining there, buddy.",2,1742847517.0
1jio9v0,mjgw2pv,Slacking_Department1,utensil : self-service,1,1742820109.0
1jio9v0,mjh3s1i,OOOshafiqOOO003,Hah? Kerajaan naik cukai lagi?!? Ini Lakhanat!,1,1742823010.0
1jio9v0,mjhed4i,tepung_,Yes..we should has % how much can service tax based on the service,1,1742826491.0
1nxlihs,nhodnhf,Hikigaya_Blackie,"This lady is not just a protester, she is the entire protest and demonstration 🔥🔥🔥",106,1759558923.0
1nxlihs,nho7o7q,Resident_Resident874,"Peaceful protest, everyone is okay.

Dont go and touch people, beat police etc.",359,1759555581.0
1nxlihs,nho9ibg,Consequence_Green,Good,90,1759556597.0
1nxlihs,nhob9oy,UnusualCalendar7637,Where's my shitpost in my shitpost sub?,78,1759557577.0
1nxlihs,nhofojd,juifeng,And all turn silent on this https://edition.cnn.com/2025/07/30/middleeast/arab-league-hamas-gaza-israel-intl,12,1759560080.0
1nxlihs,nhoh0v0,DdinDone,"https://i.redd.it/e38xpfgrl1tf1.gif

Good aunty",12,1759560843.0
1nxlihs,nhonpq1,mortetekk,This sub ain't ever Gon go back to how it was,9,1759564725.0
1nxlihs,nhovlvi,SenpaiBunss,"i love her, she's in tsim sha tsui if you want to see her",6,1759569562.0
1nxlihs,nhtf50w,Plus-Spirit-6766,"Mad respect to her

![gif](giphy|joxThEgTJuSBO)",3,1759626605.0
1nxlihs,nhoejl5,Greengrapes999,Respect,8,1759559430.0
1nxlihs,nhoa31s,manapeerandy1988,"Respect that old lady 🫡unlike many Zionist Israhell 
A$$kisser in this sub",26,1759556914.0
1nxlihs,nhui5fo,Sweaty-Ad-8377,I admire her determination.,2,1759643610.0
1nxlihs,nhwsfno,Comprehensive_Ice_92,W,2,1759679899.0
1nxlihs,ni0yydc,No_Grass_3728,"Oh is bolehland refers to hong kong,m",2,1759732226.0
1nxlihs,ni20xeh,Maimail122,That nice honestly,2,1759752921.0
1nxlihs,ni286ws,DefinitelyIdiot,"Yang suka ckp ""biasanya yg zio tu non muslim""

Bukan, yg ko tu racist nak gaulkan bangsa masuk jer. Support X support xde relation dgn bangsa pun",2,1759755599.0
1nxlihs,nhoglc7,AcanthisittaThat8254,https://preview.redd.it/lb2vcuj1l1tf1.png?width=1080&format=png&auto=webp&s=bca73c71535a0fcaffe18965d5364b12eba451c0,10,1759560600.0
1nxlihs,nhomz58,Outlaw2-5,"Honestly I don’t care, I have seen the population growth charts, Gaza was at 80,000 and in 2025 it’s at 2.1 million which is a 26.25x growth rate that is bonkers if we think Israel is even trying to commit a genocide as they are doing an incredibly bad job at it if we look at the numbers. 
Plus, there’s no such famine in Gaza as I already saw enough evidence that 80% of UN aid was intentionally halted by Hamas infiltrators and the remaining 20% either hijacked and stockpiled or sold at exorbitant prices that we would consider unheard of. (Go look at a real Famine in Sudan and tell me if it’s even comparable)",6,1759564294.0
1nxlihs,nhocadc,Complex_Employee9063,I'm really proud of her and everyone alike ❤️,2,1759558150.0
1nxlihs,nho9mw2,Delancey1,Looks like no one cares,4,1759556667.0
1i5dg9i,m82ucns,Longjumping-Fly6131,baby sea horse mixed anchovies,514,1737332790.0
1i5dg9i,m82tq7j,konaharuhi,rare find. you should buy toto,766,1737332597.0
1i5dg9i,m82vxko,goddarr,Nasi lemak kuda laut viral.,240,1737333281.0
1i5dg9i,m82vtio,Virtual_Force_4398,When I was younger and covered with sores from mosquito bites. My mum made me a soup with sea horses and sea dragons. Really nasty. Like drinking urine.,87,1737333246.0
1i5dg9i,m82tszo,DirieSoftie,Gave me a good laugh lmaoooo,47,1737332622.0
1i5dg9i,m8346z7,CN8YLW,Yep its a kuda laut. Sometimes they get mixed into the bilis. Usually its anak sotong that's mixed in haha.,44,1737335940.0
1i5dg9i,m82zycc,serpventime,cuba trade that nasi lemak manatau dapat kingdra,37,1737334552.0
1i5dg9i,m82u8hd,ScaleWeak7473,Should charge you extra. 😅,66,1737332753.0
1i5dg9i,m82ucis,[deleted],nassi lemak istimewa,25,1737332789.0
1i5dg9i,m82xj6a,irmavep23,Chinese use it as medicine.. So. U r lucky,13,1737333789.0
1i5dg9i,m82vjvw,itz_khai,Ape rse dia?,9,1737333163.0
1i5dg9i,m82zdjb,AldenBalor,Prolly Miri,9,1737334374.0
1i5dg9i,m834qnq,Funny-Dog112,Tak pa itu halal,7,1737336125.0
1i5dg9i,m83hl0t,Fir7893,"How the fuck did you found a fucking seahorse in your nasi lemak bruh? So random, never expected this happening to anyone",6,1737340418.0
1i5dg9i,m833dj9,ephemeraljamyy,Rip horsea,4,1737335672.0
1i5dg9i,m830pty,Proud_Counter_1370,![gif](giphy|pm4OCMobeZP6E),4,1737334793.0
1i5dg9i,m835tn1,greatestmofo,How hungry were you?,5,1737336486.0
1i5dg9i,m83eual,HJSDGCE,"Aww, that makes me sad...",4,1737339505.0
1i5dg9i,m843r6b,nonzai,unlock new achievement..eat it and jump to next level and become immortal kuda laut,4,1737349150.0
1i5dg9i,m84ag5e,FluffytheCatto,"Fun fact, seahorse is cooked as stew, soup or cooked together with herbs to make herbal medicine for inferility in Vietnam",4,1737352308.0
1rsc7oh,oa5vv11,giggity2099,hey its only fair that this should be the most basic expectation if they want us in office,258,1773372276.0
1rsc7oh,oa634xm,forcebubble,"My direct manager is a strong believer in the saying ""poor planning on your part does not necessitate an emergency on mine"", so he is sympathetic to us when we chose not to answer adhoc, unscheduled appointments that was not agreed earlier. His justifications are pretty solid too — we have engineers working on actual scheduled tasks at off office hours (they'd leave an hour or two earlier or something) who will be unavailable by default for other stuff, plus we are not expected to walk around every 24/7 with our laptops.  

And probably the most powerful deterrence of them all, through malicious compliance the account managers are charged OT for these calls as we have phone logs/messages to justify it.",247,1773375265.0
1rsc7oh,oa5vcg4,Proud_Counter_1370,"As long as my one foot step outside of the office, no working hours shall applies to me",154,1773372074.0
1rsc7oh,oa63ddh,bringmethejuice,Whatsapp is a mistake,72,1773375369.0
1rsc7oh,oa6s0f5,RogerdeMalayanus,"Wishing the worst in life to these kind of managers and bosses. It’ll catch up one day, count on it.",13,1773388481.0
1rsc7oh,oa61tb6,kamihaze,I like this,19,1773374700.0
1rsc7oh,oa63qs2,jchan6407,I like this very much.,5,1773375533.0
1rsc7oh,oa6rebn,Tarina91,Potter?,2,1773388128.0
1rsc7oh,oa6s7wo,Lift_Haircare,Luckily ada buka auto reply,2,1773388600.0
1rsc7oh,oa6y4nr,kpop_glory,"Engkau adalah hanyalah kuli, Potter!",1,1773392029.0
1rsc7oh,oaaqfia,Nanoman-8,That is how you get fired,1,1773437392.0
1rsc7oh,oadb9bg,neoticc_nara,r/maliciouscompliance,1,1773475824.0
1rsc7oh,oc05pm3,MatSafar90,![gif](giphy|ZqlvCTNHpqrio),1,1774267890.0
1rsc7oh,oeq7y0e,kks1033hunter,Terbaik,1,1775527969.0
1rsc7oh,oa5w034,Longjumping_Sea_1730,Always can start own business,-86,1773372331.0
1lp0j1d,n0r0blb,EuclideanEdge42,Leave a warm post-it note for uncle!,410,1751374137.0
1lp0j1d,n0r2ek7,Equivalent_Spite_785,Can check back after 5 days and ask how’s he feeling? Tenkiuuu,309,1751374865.0
1lp0j1d,n0r582l,Noobytecky,"It's adorable.

Like another comment mentioned.
You can write a post-it note without your name .

Uncle confirm feel more motivated to work next time he comes back",157,1751375831.0
1lp0j1d,n0qzkl3,benloh98,Uncle has feelings too,81,1751373864.0
1lp0j1d,n0r9iqj,byt112000,Uncle is clearing his annual leave,74,1751377256.0
1lp0j1d,n0ram1d,karlkry,unc be ripping it up at genting,51,1751377613.0
1lp0j1d,n0r3m1l,xielky,Now if all businesses are like this and not the standard corporate notice devoid of human emotions maybe people are more understanding.,46,1751375282.0
1lp0j1d,n0r5jvq,[deleted],Mental health is important.,18,1751375942.0
1lp0j1d,n0rb7v6,Particular_Gear9059,may i know where this is? would love to support the uncle when he’s back from break!,7,1751377809.0
1lp0j1d,n0r16r6,[deleted],Well done uncle. Send my best wishes to him.,10,1751374445.0
1lp0j1d,n0r5uib,Elnuggeto13,I hope he feels better when he comes back.,5,1751376041.0
1lp0j1d,n0ru2p8,Various-jane2024,"first asian uncle that admitted his feeling?

we malaysian has evolved!",4,1751383383.0
1lp0j1d,n0r8qg6,[deleted],"I know it may just be that he's really hapoy with his job and all, but some part of me feels terrible that a 60 year old man is still working.

Could be wrong, I do hope he's really alright apart from wanting a break.",8,1751376997.0
1lp0j1d,n0rf4p6,enterpernuer,Uncle going mental health week.,3,1751379039.0
1lp0j1d,n0rfhwd,CN8YLW,Leave a get well card in his stall. That'll really make his week when he comes back.,3,1751379152.0
1lp0j1d,n0r83pc,FLASHEDnBANGED,Hope uncle feels better after his break 🙏🏻,2,1751376788.0
1lp0j1d,n0rc2s0,Supermarket-Flat,Best wishes for the hawkers,2,1751378084.0
1lp0j1d,n0rgngk,asdzxcqq,"Haha, uncle even go find a cute bowing emoji/pic, he might aged but his heart still young.",2,1751379498.0
1lp0j1d,n0sw2zc,Elegant_Bee6,Which coffee shop or food court is this ? Might go try his/her cooking if it's close to my house.,2,1751393830.0
1lp0j1d,n0unaup,KaptainKuceng,"Good uncle. At least his customers know why he didnt open his shop.

Hope uncle can come back healthier and better mental health.",2,1751412738.0
1lp0j1d,n0vnnxx,FaraYuki09,Hawker have crazy schedule...he deserves the break,2,1751425604.0
1lp0j1d,n0wef7z,Similar-Plenty-6429,"Valid uncle, hope he comes back stronger",2,1751438025.0
1lp0j1d,n0rff82,flyden1,Fish katsu curry rice? Looks interesting. Where's this?,1,1751379129.0
1lp0j1d,n0rrt1s,[deleted],Who broke uncle's heart? 😞,1,1751382762.0
1lp0j1d,n0s5ld2,Mel_Morty,"60 years young.

Hope he’s feeling better.",1,1751386560.0
1lp0j1d,n0svq63,murky_lotus,So cute. 🥹,1,1751393729.0
1lp0j1d,n0swqxn,dami-mida,Very Japanese sell katsu somemore,1,1751394018.0
1lp0j1d,n0u9tqt,rivali-geralt,Hope unc is doing well now,1,1751408304.0
1lp0j1d,n0ur5df,keyrayy,unc is based 👍,1,1751414029.0
1lp0j1d,n0vscae,Available_Put_1614,Relatable,1,1751427451.0
1lp0j1d,n0wc8a6,[deleted],"How is this based? Based would be ""I took 5 days off to look after myself, sorry not sorry.""",1,1751436827.0
1lp0j1d,n0wlz82,AdmiralGhostPenis,That cartoon is so cute,1,1751442329.0
1t8v511,okxquqn,nitewalker_J,![gif](giphy|fxBwBffuVTsynXmPmK),322,1778384915.0
1t8v511,okxmiah,Sukhoi_Mikoyan,No limit to the larp,282,1778383082.0
1t8v511,okxnt2q,Electronic_Night8146,Nasib baik dia tak ckp bang,185,1778383632.0
1t8v511,okxwjah,Regular-Variety-552,fucking larper (step on me queen),66,1778387373.0
1t8v511,okxl93n,Plarna,Watcher Of The Skies Watcher Of All,41,1778382561.0
1t8v511,okxuire,Weird-Plate-9036,spoiler alert: dia ada telur,139,1778386465.0
1t8v511,oky6d8v,JonnySpark,"OP's kink

https://preview.redd.it/zfrd5myi090h1.jpeg?width=1280&format=pjpg&auto=webp&s=0209d4efd4d8c961d9f1e07c837206f296f27012",35,1778392020.0
1t8v511,oky8b8a,Vast-Preference-1511,https://preview.redd.it/f4m3vc9i390h1.jpeg?width=687&format=pjpg&auto=webp&s=5eee290638655b00c301f0b37c5aec3eb62264d0,20,1778393023.0
1t8v511,okxzdpi,Such-Promise4606,Mak Kimah,17,1778388635.0
1t8v511,okxrspl,ImpostorPaul,femboy?,33,1778385299.0
1t8v511,okxwnyz,PcGoDz_v2,![gif](giphy|CUbiYQbsKSGAM),11,1778387432.0
1t8v511,okxy093,jftdm,Why grab it through the gate? She’s just going to get stuck,9,1778388051.0
1t8v511,okxtlno,CucuMatMalaya,Kaki dia coklat,13,1778386064.0
1t8v511,okxrd4o,kasmo18,Wooof woooff,6,1778385122.0
1t8v511,okxxqbj,D_unknowncommentor,I wiped.,7,1778387923.0
1t8v511,okxz917,darell_felixf16,![gif](giphy|GMYtSHfXP1bUY),5,1778388580.0
1t8v511,okxpf5b,EndChemical,Bang ambil gambar customer ade tanya ke?,16,1778384317.0
1t8v511,okxzxof,SadAdoreHell,https://i.redd.it/6swlkhc6r80h1.gif,5,1778388876.0
1t8v511,okz1vz9,LTDNA32,OP did you manage to confirm whether the cosplayer is a he or she,5,1778409325.0
1t8v511,okz6b5p,big_maus,Her/his hand is going to be stuck🤣,5,1778411505.0
1t8v511,okygyr0,ForsakenFuel4152,lari woi,3,1778397694.0
1t8v511,ol52yqy,Candid_Student_946,https://preview.redd.it/m372s579ug0h1.png?width=789&format=png&auto=webp&s=be20bf2b9e741a636475dbae5cec7c0028b0f8f2,3,1778486768.0
1ltpncx,n1s30yq,Vegetable-Donkey1319,"Im suprised at how alot of fuckers dont stop even when red light at a crossing🤦‍♂️ 

Bukan slow, laju lagi tu",517,1751880578.0
1ltpncx,n1s40cy,akirakurou,"That’s the problem with Malaysians road user in general. We can’t wait & we have to reach the destination asap & we think we’re special that everybody should cater to our nonsense driving/riding.

Ngl I have made those mistakes too. So I always remind myself to drive/ride santai as possible.",204,1751881165.0
1ltpncx,n1s555e,YaGotMail,Terok juga org KL.,160,1751881818.0
1ltpncx,n1s4jd0,WillieDickJohnson,"Have to change the culture, public shame.",138,1751881471.0
1ltpncx,n1s4iid,pingu1333145,Kurang ajar betul kereta tu,125,1751881458.0
1ltpncx,n1s4v06,ConstantEconomics719,How miserable do you have to be to roll down ur window and insult people like that,61,1751881658.0
1ltpncx,n1s4ulc,Certain_Inspector575,Kereta tu laju-laju nak pergi mana sial?!,50,1751881651.0
1ltpncx,n1s4xo8,One_Conversation_214,"Gov should prepare brick station at every cross road, especially for pricks like these.",35,1751881700.0
1ltpncx,n1s3wbu,Yuna_FFantasyX,"Luckily drivers actually stop when the zebra crossing has a red light, at my admin’s office area in PJ New Town… 🙏",30,1751881099.0
1ltpncx,n1s645k,Ok-Science-2085,Crossing in msia is really a game of death,32,1751882366.0
1ltpncx,n1s6vjd,Silly_Lion_3046,"Dont be shy,expose them all from face to plate number..",27,1751882801.0
1ltpncx,n1s6kju,GS916,"This video should be made viral , and hope it helps make positive changes",20,1751882627.0
1ltpncx,n1s8fyx,[deleted],"Can't reason with animals like these. They've lost their logical thinking and resort to shouting or raising their voices to get their point across. 

We're so pedestrian hostile as a country it's insane.",19,1751883670.0
1ltpncx,n1s4mrd,Brief_Platform_alt,"If the crossing has traffic lights, should follow the lights. Stop on red and go on green.",17,1751881526.0
1ltpncx,n1s8kzt,chompahx,Babi kimak gemuk botak x50,16,1751883746.0
1ltpncx,n1sc93x,TutorFlat2345,"Ok, I work around that area, so I can vouch this is indeed true. In all honesty, a lot of Malaysian are a-holes when it comes to civil awareness.

Pedestrians insisting to cross when the traffic lights are green. Cars insisting not to stop when the traffic lights are red. Cars not stopping at the designated line. Motorcycles driving on pedestrians walkway. Best of all are those who crossed the roads without looking at the oncoming traffic.",13,1751885664.0
1ltpncx,n1s66ku,DChia1111,"Yes I also gives way to pedestrians. I also got people honk at me at this sign. I freaking told him to sue me and report police, and ask him to go police station together. That guy kecut telur and drive away. 
If I encountered these type of fkers again I would purposely drive slow in front of them. See how long can they honk.",18,1751882405.0
1ltpncx,n1seear,Ok_Rich7455,"wake up polis trafik…this one is easy to make money, just set up a camera, for sure 1 day many cars kena",6,1751886705.0
1jaaro5,mhk69q5,40EHuTlcFZ,"Don't understand this mentality. You don't get locals asking you not to learn the national language when you go to other countries. Even in countries where the citizens are proficient in English because it's taught in school. They're generally happy that you want to learn their local language. I get that BM is useless outside Malaysia. But when you're IN MALAYSIA, it's good to know BM.",707,1741871680.0
1jaaro5,mhk1hvg,Smaragd44,I honestly can't stand malaysian who can't speak Malay or English. I despise these kinda people with a passion,640,1741869941.0
1jaaro5,mhk7d9c,[deleted],"I am Chinese but I can only speak Malay and English. I don't know how people can comfortably say that Malay is not important, bro tell me the name of the country you are born and living in right now.",202,1741872062.0
1jaaro5,mhkha3e,PigsAlsoCanFly,"https://preview.redd.it/embr6qqhtgoe1.png?width=1220&format=png&auto=webp&s=6d2ed8eceabc58721486ab8ca0111db3a97ad988

I despise those who share the fake shit post without doing fact checking and trying their hardest to fan racism.",67,1741875275.0
1jaaro5,mhl2lye,Worldly_Horse7024,"i have a many Chinese friends, they dont even know Chinese dawg, they're Malaysian, these people who told you not to learn BM are 100% from mainland, ain't no way they're born in Malaysia

![gif](giphy|Y2aXxE0YBez1iAnwgr)",31,1741881571.0
1jaaro5,mhnfcy7,XxXMeatbunXxX,"Idk man looks made up to me. But sure go ahead and believe everything on the internet.

Im chinese banana and i living in malaysia now (close to 40 yrs) and there are are no chinese who has asked me why im not picking up the chinese language. Not even my traditional aunties and unkers some even pro China lol. Fkn master baiter.",22,1741905708.0
1jaaro5,mhk1x12,spd3_s,Apek2 can't speak Malay we call them as cina bukit,90,1741870099.0
1jaaro5,mhjzmar,Maleficent-Tie1023,"I mean, yeah, Bahasa Melayu is Bahasa Kebangsaan. Im malay might be biased, but is chinese even common? Like between other races other than Chinese, of course. Why would Malay people say you should learn Chinese instead of Bahasa Melayu.",112,1741869224.0
1jaaro5,mhkp8ep,taka_tomo,"English and Malay,main languages in Malaysia,Chinese is just a bonus,even then unnecessary bonus…..cuz upif uc a speak Malay? Bam auto friend",16,1741877679.0
1jaaro5,mhkkp0b,SextupleRed,"The whole phrasing and sentence structure suggests to me that is no Korean, but a Malaysian who is the account owner.",72,1741876316.0
1jaaro5,mhmcriq,Over-Athlete6745,"I'm Chinese Malaysian,I born in Perak parit, and moved in to Ipoh when I was 9 years old, I'm fluently on Malay as well as English too can speak Chinese Cantonese a little bit of Hakka too, yes indeed, in Ipoh local oldies people Chinese more likely care about did Chinese speak Chinese or Cantonese or not, they oldies very care about this, they don't care about us whether we speak Malay or not , most of them cannot speak good Malay language because of their lack of education in the past. But in the younger age and middle aged of Chinese in Ipoh can fluently speak Malay even better most of the time. Not saying against to our local Chinese, some of the oldies Chinese does rxcist sometimes due to the political issues and races issues happen in Malaysia frequently..... Peace 🕊️ Malaysia and the world 🌎",11,1741894621.0
1jaaro5,mhnikpz,Right_Junket_6544,"Not even to mention the fact that Malay is one of the easiest languages to learn, with Mandarin being literally one of the hardest.

This guy who speaks 32 languages ([Link](https://youtu.be/z8iKZEra5I0?si=_79ch61OUy4mTlw4)) has stated it being the hardest he had to learn.

How tf can you not bother to learn the National Language of the country you live in, AND it being one of the easiest. You're literally refusing a free language add-on",10,1741906707.0
1jaaro5,mhke620,Correct-Fan-9540,Wa malayu tak tau..,10,1741874293.0
1jaaro5,mhp5xd6,chubbyned,"These people are the one yang nanti pergi govt office bitter sbb tak faham BM. WTF

Bukan susah pun bahasa melayu. Conversational level je pun, bukan suruh tulis novel",10,1741928014.0
1jaaro5,mhllbxn,iwantfaithinhumanity,"guys, this thread's comments gave me hope in Malaysia again T\_T I was so frustrated at the amount of people who can only speak Chinese. (chinese myself)",7,1741886867.0
1st6qmw,ohr3slx,lzyan,"There is a reason the leading cause of highway traffic jams is cars slowing down to check out accidents, happening on the OTHER SIDE",607,1776913582.0
1st6qmw,ohr6slw,Legitimate_Project15,That's the most genuine smile I ever see.🤣,216,1776914695.0
1st6qmw,ohrgea7,CuttingOneWater,"she having the time of her life lol

https://preview.redd.it/xc6uzl17bvwg1.jpeg?width=347&format=pjpg&auto=webp&s=4e4752a9e26b604f8b868d0167d5c4924fc9eb12",153,1776918568.0
1st6qmw,ohr53vd,vdfscg,![gif](giphy|IHWWbqfkIhRzPq4uCP),142,1776914069.0
1st6qmw,ohr4tlx,BooooooolehLand,"No joke, the amoi that has brightest smiling now is a trend on thread hahahah",230,1776913964.0
1st6qmw,ohr55hp,PigsAlsoCanFly,We love to watch Mainland drama.. lol..,70,1776914086.0
1st6qmw,ohr77p8,OriMoriNotSori,"This is hilarious, youd think there was a marriage proposal or something on the plane the way people look so happy and recording 😭",74,1776914853.0
1st6qmw,ohr6o4n,Sad-Panic-4971,bro you can legit see the smiles eh its like a wall of smiles,52,1776914649.0
1st6qmw,ohr8jm4,Syarr,"https://preview.redd.it/ghkd6s8l1vwg1.jpeg?width=792&format=pjpg&auto=webp&s=ebbdbd8c51373b3851500665545f12f32098de29

I would be like her too.",78,1776915358.0
1st6qmw,ohr6sug,Vast-Excitement-5059,![gif](giphy|4mqBypbaolvdCeoqLD),21,1776914698.0
1st6qmw,ohr4tco,Short-Juggernaut-374,"LOL

Based af",19,1776913961.0
1st6qmw,ohrajrc,Jaded-Philosophy3783,Malaysia is the opposite of hustle culture,18,1776916129.0
1st6qmw,ohr7dt7,Pang2099,is this picture real? i dont remember seeing this when everyone's talking about the news,13,1776914917.0
1st6qmw,ohr6e9r,Syakir01839182838,Im out of the loop. What are they looking at,38,1776914548.0
1st6qmw,ohrcbvt,chipchonks,"Airport security: please stop taking photos
The guy:  I'm not taking photos, I'm taking video

I chuckled when I heard that. Lol",25,1776916853.0
1st6qmw,ohran1b,Traditional_Bunch390,"Instead of getting angry, they laugh and ragebait even more 🤣",18,1776916166.0
1st6qmw,ohr6sa6,HADI_reditting,"Makes me proud of my country😅 
Malaysia boleh!!!",33,1776914692.0
1st6qmw,ohrf2re,officialamoy,Bcs we Malaysian love to busybody 🤣,6,1776917999.0
1st6qmw,ohrf5dp,aoibhealfae,amboi... malaysians united with membawang,6,1776918030.0
1st6qmw,ohrkcds,dywr,Wah manyak hepi tengok drama,6,1776920314.0
1st6qmw,ohr41y6,Ancient_Unit_2773,biasala tu,6,1776913678.0
1st6qmw,ohr75rb,VariousExcuse-6699,Context?,3,1776914833.0
1r1t1al,o4ruilt,TemporaryTonight9293,I actually have a job so I require context,533,1770803144.0
1r1t1al,o4rvxku,Ok-Independent-337,"https://preview.redd.it/cge8s1v79uig1.png?width=311&format=png&auto=webp&s=2fc1e101eaf553dd4b96c498f06a2141172c6565

Here use this",258,1770803923.0
1r1t1al,o4s0q4s,misfit-toy176,"https://preview.redd.it/jdwahjrqguig1.jpeg?width=1206&format=pjpg&auto=webp&s=123ae7e11de9b9998cde957097e55ad2361d03a3

This war actually originated from the fandom I’m in and the concert (korean band Day6) was just 2 weeks ago. It all started because a korean fansite brought in professional camera which was restricted, she got caught and caused nuisance, which she later apologised for.

The koreans insulted Malaysians, then southeast asians united to fight back. All other fandoms chimed in and that’s how it blew out of proportion…(Day6 fans already moved on from it lol)

Sidenote: I saw the tiktok guy isawkwardguy at the concert and was surprised how tall he is irl",97,1770806544.0
1r1t1al,o4rx2g9,Waste-Sock9720,"Benda sama lain tempat

https://preview.redd.it/5ikwn132buig1.jpeg?width=720&format=pjpg&auto=webp&s=26d6acf518ff7614a8b42d961c06b781b9194bd8",69,1770804542.0
1r1t1al,o4rwjl0,aiaidy,"""guys check out this meme. we hate s.korean now""",29,1770804258.0
1r1t1al,o4rzl63,Happy_Panic-4971,asean unite,27,1770805922.0
1r1t1al,o4sqn6v,Interesting-Cut-4410,berani diorang ejek kita dan kata kita negro sedangkan kecantikan muka diorang palsu kerana plastik surgeri dan saiz kote diorang sebesar seluruh badan seekor semut,21,1770817574.0
1r1t1al,o4ryvmz,rudeeamin,SEAblings 🤝🏻,44,1770805531.0
1r1t1al,o4rvxdf,Just_Illustrator6906,"I’m too lazy. Mind dropping the X thread link or whatever you call it?

![gif](giphy|IcGkqdUmYLFGE)",23,1770803919.0
1r1t1al,o4sffxl,Ehero88,"Ak benci korea da lama, dah la tiru jepun lepas tu claim original dr kpop ke solo leveling ke squid game semua ciduk jepun lps tu kutuk jepun. 
Tak abis2 guna kad mangsa perang. Rasis dgn kulit gelap toksah citer standard beauty mcm bodo.

Kepam2 je layan korea mimpi nak opa....ptuii",25,1770813507.0
1nbhmj5,nd1stu2,LeJoker8,Of course the most sohai one is a Mercedes driver.,466,1757318228.0
1nbhmj5,nd1t0m1,Specialist_Serve6661,This kind of abg polis is the best,225,1757318345.0
1nbhmj5,nd1sedq,[deleted],Queue cutter pisses me off.,332,1757317966.0
1nbhmj5,nd1suwg,Just_Illustrator6906,Tengok misai aje dah tau garang😂,88,1757318247.0
1nbhmj5,nd1smj6,SassyNec,![gif](giphy|r7Ql3VIg4x6WA),67,1757318104.0
1nbhmj5,nd1tgwt,Randomus-08,"kene lagi ramai abg polis utk cater makhluk potong q ni, dorang ni punca trafik jam.",46,1757318626.0
1nbhmj5,nd1tp9c,Soft-Card1125,Mercedes driver tak puas hati.,33,1757318770.0
1nbhmj5,nd1tlh0,JudgeCheezels,"1 of 10,000 in the traffic force. Grateful but unfortunate.",27,1757318704.0
1nbhmj5,nd1t7se,AfiqRyunosuke,Ayah aku pencen trafik jalan bandar pun dulu selalu buat macam ni. Tak bagi can kat geng potong Q,49,1757318469.0
1nbhmj5,nd1tx50,kurangak,"This left lane turn that goes to traffic light.

theres a need to put a camera there. And straight away issue summon whenever it detect queue cutter.",21,1757318906.0
1nbhmj5,nd1tlu1,Affectionate_Bit262,I ride my bike to work and back home i always see cars cutting queue so i used my annoying moto privilege and honk these cars whenever they try to signal to cut lines its fun you have the right to scream at them as well cuz uts a double line mean you can't switch lanes,36,1757318710.0
1nbhmj5,nd1tqjb,kimi_rules,"Abang Polis showing mercy, cutting queue is fineable and it's quite alot iirc.",15,1757318792.0
1nbhmj5,nd1ti4n,Typical_Commie_Box90,"Missed the turn means missed the turn, these asses want to create traffic jam. Go find alternative routes, may even be faster.",32,1757318646.0
1nbhmj5,nd1tixw,rmp20002000,Hope for a day when this is unnecessary. 50 years ?,10,1757318661.0
1nbhmj5,nd2a4lk,qamarnajm,"You guys are lucky. You are just asked to move away. Here in Dubai, it is a basic penalty of AED 600. Many a times in Sharjah, you wont even know that you are fined and realizes ocne it comes as SMS notificaiton",6,1757328507.0
1nbhmj5,nd2aoor,Background-Ad-2480,"Mana geng geng ""alaa mengalah je la bagi masuk, tak rugi apa apa pun"". Tak nampak pula dekat comment",7,1757328785.0
1nbhmj5,nd1umxh,Glittering-Algae7438,Well done abang polis. Satisfying to watch,4,1757319350.0
1nbhmj5,nd1tncn,Renrem210169,Rare abg Pulis W,8,1757318737.0
1nbhmj5,nd1sp8c,PisceS_Here,Niceee,4,1757318151.0
1nbhmj5,nd1t1xz,Final-Revolution-823,Good teach these bastards,3,1757318368.0
1nbhmj5,nd22ign,Accomplished_Suit212,"Sometimes i look at the driver first, and no plat, people who lives outside the city mmg selalu salah jalan so why not. But the obvious bmw merc users. They can f off.

Kadang nampak auntie tua, kasi can je la, she probably terlajak.",4,1757324226.0
1nbhmj5,nd1te3p,kozanifact,I'm familiar with this road and there's usually a long queue because the traffic light turns red after like 10 seconds. And then need to wait 3 to 4 mins or so for the next green light. Why can't the traffic light duration for this road be changed?,13,1757318577.0
1lcpsld,my26fjc,GGgarena,"you can feel good by enjoying seeing the happiness of others. 

and appreciate your meals, they taste significantly better when you are alone. 

no doubt could be lonely, but there are other gains.",500,1750071694.0
1lcpsld,my294qg,Eddieleon7,"I'm up voting everyone who is supporting OP , being alone is the best ! The peace man....absolutely worth it .",191,1750072982.0
1lcpsld,my26eq9,Less_Cartographer303,"Yeah don't worry man. Ever since I was at uni, I have always been alone. 

The more you go out alone, the more comfortable you are with it and trust me when I say, you will enjoy being alone, so much so that you will find it hard to go out and socialise again. You would rather be in your room just relaxing",144,1750071684.0
1lcpsld,my26gae,00000000pium,off topic but what is that roti called,30,1750071705.0
1lcpsld,my2860q,Walter-dibs,"enjoy food while ya still can .

Damn diabetes, high cholesterol, high blood pressure and gout.",22,1750072532.0
1lcpsld,my29i0e,Few-Computer-6609,I feel you man. Hard to make friends as adults. Most of our time spent with coworkers. But we have to be careful not to get too friendly and shared something that they could use against us in the workplace,19,1750073151.0
1lcpsld,my29e3u,kingjulien92,"When you are alone, your meal cost RM10.
When you have a partner, your meal cost RM80, and an argument.",55,1750073102.0
1lcpsld,my283zm,Past-Brother3030,"Felt the same as you ever since matriks. Been wondering wtf went wrong with my life, but later I learned that those wrongs make a right sometimes",25,1750072505.0
1lcpsld,my291t2,TheNCWarrior,"Peace by alone is a blessing.

Together with anyone is also a blessing.

Hopefully all of us can appreciate every moment we experience whether it's a struggle or gift.",11,1750072944.0
1lcpsld,my28mrp,mraz_syah,such a life who's following elio's way,11,1750072751.0
1lcpsld,my28ext,Defender_of_human,https://preview.redd.it/105silzhw97f1.jpeg?width=850&format=pjpg&auto=webp&s=8554a68bc401d853d3ed8f62c048b08b6163db65,10,1750072649.0
1lcpsld,my28inz,Objective-Camera7438,Add some drama to your life by getting a gf,22,1750072699.0
1lcpsld,my27obq,fredthefire,Great meal tho,7,1750072298.0
1lcpsld,my285iw,AdvertisingSharp8469,"Bro you are not alone , sometimes when you eat alone you have peace , you can eat whatever you want , go wherever you want , there are good things .",5,1750072526.0
1lcpsld,my29d4c,SnooHobbies7676,"I don’t look at people I look at my phone, watch some tiktok man or YT or reddit or something",6,1750073089.0
1lcpsld,my2anes,FayeChan350259,"Eating alone is a luxury. It offers more ""personal me time"". There is *nothing* wrong with eating alone. 

Friends will come and go; but you will also see who are the *real friends* when they drop a message regularly and make plans to hang out.",5,1750073677.0
1lcpsld,my2bdn9,Lem0n_Lem0n,Your bread looks amazing,4,1750074004.0
1lcpsld,my2f6j2,Fit_Strain8853,Got internet friends. You'll never be lonely.,3,1750075626.0
1lcpsld,my2ehpe,[deleted],"have some shawarma brother and you will have happiness 😊

![gif](giphy|oIiLWDtCjKlQVzCFgb|downsized)",3,1750075340.0
1lcpsld,my2qdtk,Meh-ismyname-JustJk,"https://preview.redd.it/q1jdvkroha7f1.jpeg?width=5712&format=pjpg&auto=webp&s=ddd9a559ea37e8d82ed035fcc1b2602fdd12c5ad

This was my lunch today, even eating alone also Im pampering myself for good meals. Also, deep down I feel so grateful for having a nice meal, while many others out there are starving. 🙏🏼

Be grateful in small things, you’ll feel happy.",3,1750079860.0
1rf1rpz,o7gva8u,Penguin99_,Lack of enforcement. That’s it. German culture will report you to authorities for making loud noises,478,1772084976.0
1rf1rpz,o7h2ua7,LaudemPax,"I've lived in Germany for 8 years now. 

It's a very Malaysian thing to immediately default to things like mindset or civics or cultural morals or wtv but the main thing I've learnt is we're all literally the same no matter where we come from. Theres always gonna be people who try to take/use up as much as they can

Difference is always systematic. In this case in Berlin you don't really need cars bcs public transport is good, so less cars taking up space and causing chaos. 

Enforcement for laws is also much more strict systematically, not necessarily culturally. So in places where the district govt is good, things are good, where it's bad, it's bad.",217,1772088713.0
1rf1rpz,o7gtoch,No-Tradition6246,"Sebab bole mindset. I buy the property, its mine, I can do anything I want. They priorities  their own comfortability rather than neighbor",419,1772084234.0
1rf1rpz,o7guxo6,Seekret_Asian_Man,"1. Higher crime rate

2. Littering from upper floor

3. Too many vehicle ownership

4. It's free real estate",82,1772084813.0
1rf1rpz,o7gtozb,Longjumping_Wolf_468,My guess is security. Malaysia has higher theft rate.,134,1772084242.0
1rf1rpz,o7gv1yi,Square-Top-4442,Different strokes for different folks,15,1772084868.0
1rf1rpz,o7gwpvf,a1b2t,"culture , tax and enforcement

in germany and many parts of the western world you have a lot of propery taxes and fines, and they are much much higher than ours. this inturn pays for the enforcement and general upkeep.

likewise if someone were to be out of line the culture is often report and confront, sick mother be damned.

In malaysia however we dont like/pay council tax and fines, this means that there are less people to enforce and do general upkeep. (DBKL Is often severely understaffed)

we also have a very reactionary culture, like if someone causes trouble but comes out and says he got a sick mother, we have a soft heart and say ""biar je"" or ""bincang/buat rayuan"". we also are not confrontational so people get away with it.",15,1772085656.0
1rf1rpz,o7hq4ve,Ballistic_86,"Hello from Minnesota USA. We have a similar issue here.

Places that get cold for winter tend to use the outdoor space as separate. Places where it is warm all of the time are able to use outdoor spaces as an extension of the indoor space.

For us, 5/6 months of the year the outside cannot be used for casual living space. It is cold, wet, or covered in snow. So we cater our living space accordingly. In Florida, they can use their outdoor space most, or all, of the year. So they can have some relaxation spaces that won’t require moving furniture every few months.",14,1772101833.0
1rf1rpz,o7h0fqa,SnooHobbies7676,Because no one takes any action about it. So buat sukati je la. In Germany if you are loud after 10 pm the neighbours will report you and authorities will take action. In Malaysia?? Krik Krik Krik tunggu viral je,12,1772087484.0
1rf1rpz,o7gvcex,niceandBulat,You can take a man out of a kampung/village but you can never take the kampung/village out of the man,32,1772085004.0
1rf1rpz,o7gxeid,mirrormedaily_,"https://preview.redd.it/vyfbf22g5slg1.jpeg?width=956&format=pjpg&auto=webp&s=4e35a809a23180f4c68356eadf770efb8058dde6

Gg",17,1772085985.0
1rf1rpz,o7gzqpj,No-Crow-4291,Sebab boleh,6,1772087134.0
1rf1rpz,o7gtt9p,Aware_Cartographer46,![gif](giphy|NMi4gk7KVNADsjz1lj),12,1772084295.0
1rf1rpz,o7gx0qk,roboto_jones,"I know this is shitpost subreddit but ""framework"" social housing exist and it's really cool (with enough control). Like this one from [Chile by Elemental](https://www.archdaily.com/10775/quinta-monroy-elemental).

https://preview.redd.it/oxgs23bw4slg1.png?width=1008&format=png&auto=webp&s=a87c48049e7348e0ad6272264d1a5b1430e6bcf5

Essentially they make the base core structure and the occupants add-on rooms/utilities/character to suit their needs and personalities.",6,1772085801.0
1rf1rpz,o7gw1p2,DragonFable88,"We expend the family, when that happen we expend the house as well 😎",6,1772085338.0
1rf1rpz,o7h1eea,Gumuk_pindek,"Sebab takde enforcement atau too lenient, or the penalty too little",5,1772087975.0
1rf1rpz,o7gvgvx,Ladiesman104,Isn’t that the block of flats that was built over Hitler’s bunker?,8,1772085062.0
1rf1rpz,o7gzvs1,JackJackMFFM,Zero enforcement of law,3,1772087204.0
1rf1rpz,o7h05n7,uzbmmzunp94,Enforcement,3,1772087343.0
1rf1rpz,o7h0rq2,ElderberryNo6893,Notice the steel bars window ? Crime,3,1772087652.0
1rf1rpz,o7h7gpb,nakduitkau,"Man, I wish the default home in our country were without grills. I don't like living in a gated and guarded community. Sure, you pay your bucks for security but you're isolated from the rest of the community. What's even worse is that gated communities tend to cut off accessibility to local school or shop lots, diminishing pedestrian pathway. Children have to circumvent the whole ass taman just to get to school and local businesses lingkup. Tapi tulah aku faham je, the lack of security is a concern for many jadi sebab why every new development I've seen these days always promotes being gated and guarded.",3,1772091159.0
1rf1rpz,o7higaa,flyinghighaero,"Enforcement. PBT, police, JPJ all lack enforcement. Wait for complaint, wait till Ada kes, wait till ada operasi. They all turn a blind eye till these times. That's why jadi 20 years lepas je..... Then marah2 gomen want to cukur rakyat, tak cukup quota. If they do enforcment all the time there is no need for quota. Kaching all the time. And more discipline rakyat",3,1772097437.0
1rf1rpz,o7gvbva,Reasonable_Mood2108,"Mentality, no matter how bersopan santun, how beragama we are—- we are fundamentally flawed, morally flawed . It’s just a facade. Our ethics are group think and selective.",7,1772084997.0
1rf1rpz,o7gu5k5,Jaded-Philosophy3783,lack of enforcement. Same reason for kuil haram issue,10,1772084450.0
1rf1rpz,o7h7lw2,Flashy-Painter-6437,"Mostly jawapan kat sini sume bs, enforcement lah, no civic lah, cam butoh. Reason org sidai camtu senang je, sebab our weather is hot man. Even some of european country also do like [that](https://youtube.com/shorts/refqO2UDZVo?si=bUqBq3TfstJmQZg2).",2,1772091238.0
1rf1rpz,o7h9du9,DizcoMafia,"Selera: T40

Dompet: B40",2,1772092210.0
1jwkx6m,mmj7cgt,mD41m4,https://preview.redd.it/pn9d9jnt76ue1.jpeg?width=720&format=pjpg&auto=webp&s=fd7271309333b62dbd702a8c5074898b78737126,363,1744362006.0
1jwkx6m,mmj59k7,syukara,"Depends

https://preview.redd.it/zv0zrqzt36ue1.png?width=348&format=png&auto=webp&s=f5957956bf7f12b354632729febf46ea4f9a66d7",441,1744360667.0
1jwkx6m,mmj4tib,Alarmed_Economics_39,Is your name anis beacause your manis,161,1744360374.0
1jwkx6m,mmj5prw,FKRL5798,should've said ur name is joe,46,1744360959.0
1jwkx6m,mmj5ybi,Particular_Owl1904,"https://preview.redd.it/9zd5113656ue1.jpeg?width=640&format=pjpg&auto=webp&s=501067a957e290648b97ed59cb2af6dc17fd8cc1

Interesting",28,1744361113.0
1jwkx6m,mmj65rn,Alarmed_Jello_9940,https://preview.redd.it/dq4si38k56ue1.jpeg?width=1080&format=pjpg&auto=webp&s=73422597a1f714dff053eb8941124303aca9b939,19,1744361244.0
1jwkx6m,mmj4koj,Fun_Neat_4371,like a criminal undercover,36,1744360212.0
1jwkx6m,mmj6dmv,itspizzteoh,If Mia has Ng as family name … miang,26,1744361384.0
1jwkx6m,mmj6nl2,Feisty_Talk_9330,Bro is luckier than me,7,1744361562.0
1jwkx6m,mmj6qg7,tepung_,"saya sungguh bertuah

hak tuah",6,1744361613.0
1jwkx6m,mmjdzs8,Busy-Ant-2921,"o nah, you must be catfishin",6,1744366134.0
1jwkx6m,mmje5di,Working_Data_3610,This has got to be scripted,5,1744366223.0
1jwkx6m,mmj6l3a,Mobile_Football2511,Bro shishired,3,1744361517.0
1jwkx6m,mmj75fp,Escargot7147,"""My name's deez""",3,1744361881.0
1jwkx6m,mmjet9t,SaberXRita,"If that's what OP looks like, god damn...",3,1744366604.0
1jwkx6m,mmji0vx,MangoJefferson,Scam incoming,3,1744368369.0
1jwkx6m,mmk5pjz,Abhi_Jaman_92,Smooth like Planta,3,1744378100.0
1jwkx6m,mmj9keb,ActuallyTomCruise,source?,4,1744363442.0
1jwkx6m,mmjua2i,the_worst_one,Smooth operator,2,1744373889.0
1jwkx6m,mmj8kxx,MrMerc2333,inb4 kena block,1,1744362806.0
1jwkx6m,mmkaxvu,Competitive_Stable66,Not smooth enough till we see the response,1,1744379788.0
1jwkx6m,mmlas9w,dami-mida,Cringe,1,1744390441.0
1jwkx6m,mmlav5j,dami-mida,"Leher sis kenapa doh

Kesian",1,1744390464.0
1jwkx6m,mmlm4h8,fushiguwu,why would you introduce your name on an instagram dm lol,1,1744393748.0
1oz3rin,np8xwt9,DatPelanduk,i laughed at this 🤣🤣🤣,332,1763344625.0
1oz3rin,np94a8y,Katon_TGRL,"https://preview.redd.it/o1zhpnnqbq1g1.jpeg?width=830&format=pjpg&auto=webp&s=03011083cdfc8a3e6601885a4bc786d170242c3a

Sama dengan brader ni",311,1763346930.0
1oz3rin,np8yldj,StableLower9876,At least dia jujur haha,143,1763344873.0
1oz3rin,np92pmu,Dezpinefire,Win. Would actually come here for the sense of humour,123,1763346360.0
1oz3rin,np9d8ji,A4li11,They have a sense of humor. I like it.,52,1763350292.0
1oz3rin,np9bm5j,Upper_Ad7853,"Hey, as long as it works",33,1763349674.0
1oz3rin,np9cq2w,Suck-Carrot-653,So honest. I'd go there.,26,1763350097.0
1oz3rin,np9kg9w,PcGoDz_v2,https://preview.redd.it/7z3c9f1cuq1g1.jpeg?width=800&format=pjpg&auto=webp&s=3a587dcc9394fe238a4330abce3ba5d1350038a0,18,1763353180.0
1oz3rin,np9ozfv,Important_Mouse2980,tak tau.. saja je .. tak tau.. kann kak ros.. betul betul betul,9,1763355121.0
1oz3rin,np9jlq6,darkxhunter99,"Another best humor is that Daging Salai in Kuala Pilah (I MEANT SALAI!, NOT THE L TUKAR K)",5,1763352825.0
1oz3rin,np96cnu,deccan2008,Print own business name and phone number lah.,17,1763347673.0
1oz3rin,np9sypp,MechProto,Got permit ah?,3,1763357014.0
1oz3rin,npa348e,Psychological_Two425,Betul2 Genuine,3,1763362480.0
1oz3rin,npbbal3,DaeguPaksu,Honesty is the best policy,3,1763386563.0
1oz3rin,npa9ost,LeoChimaera,"As honest as honest can be! 👍👍👍
🤣🤣🤣",2,1763366380.0
1oz3rin,npapau8,ECU_wizard,"Best advertisment banner, 11/10",2,1763376255.0
1oz3rin,npb1xn8,Miyul,Ngl this is a good marketing,2,1763382827.0
1oz3rin,npl4e5o,YoshikoMatsuno,"Teringat yg kat Northbank Kuching kedai Nasi Lemak 🤣🤣🤣 letak bunting meme muka kucing and also ""makan free hari ahad, buka dri isnin-sabtu"" 🤣🤣🤣🤣",2,1763511385.0
1oz3rin,nqd02ib,Royal_Farmer7758,this is actually a very good marketing strategy. i would go there tbh,2,1763907812.0
1oz3rin,nqhq56x,trucism,Don't let this shop do your decals and vinyls,2,1763967224.0
1oz3rin,np9m4fh,merc_the_redditor,Perniagaan paling jujur 🙏,1,1763353869.0
1oz3rin,np9mwcy,hoimangkuk,Poorman awning,1,1763354191.0
1oz3rin,np9o1w3,PianistSpecialist474,Haha,1,1763354701.0
1oz3rin,np9s5cn,Squalo6920,Bro got it figured out,1,1763356610.0
1oz3rin,npb9e2z,ConsciousAd4964,"""pusat servis penyamun udara"" why i read like that ? 😭😭😭",1,1763385858.0
1oz3rin,npbir86,dopey_narwhal,Didn’t this banner got famous during mco when a shop owner printed the exact same words? It was a pet shop if not mistaken,1,1763389199.0
1oz3rin,npfvf7o,iamHumanRobot,"Lorem ipsum dolor sit amet, consectetur adipiscing elit, sed do eiusmod tempor incididunt ut labore et dolore magna aliqua.",1,1763439859.0
1oz3rin,nqbvt7k,goodsoup_9627,Honestly valid,1,1763887213.0
1oz3rin,np9rboq,caeinhacks,Mundane,-5,1763356212.0
sz84fv,hy28y3q,Puzzleheaded-Ad1898,Me who play Brawl Stars and Clash Royale:,250,1645591180.0
sz84fv,hy28pd3,Locksmith_Weekly,I play cod mobile. Never touched ml or pubg,125,1645591053.0
sz84fv,hy28bew,[deleted],"Well I do, I play the electric guitar and old games ftw",73,1645590853.0
sz84fv,hy29lx1,itzlondon,Me trying to find a Malaysian who plays jrpgs,68,1645591513.0
sz84fv,hy2999q,HotObligation8597,I know your feeling,42,1645591341.0
sz84fv,hy2e1ch,[deleted],[removed],39,1645593888.0
sz84fv,hy2cq7u,JamesonIsMyName,What about ......Eroge?,34,1645593142.0
sz84fv,hy2fczo,SniffyBliffy,"Hey that's me!!!

\*plays hitler hentai game\*",32,1645594659.0
sz84fv,hy29mhq,An_Asian_Throwaway,Reddit boleh anggap sebagai game kah?,23,1645591521.0
sz84fv,hy2avzr,lutfiboiii,*Laughs in Genshin Taking up so much space that’s the only game I play*,22,1645592181.0
sz84fv,hy2b84i,AncientMilk8304,Lol played priconne and fgo,22,1645592363.0
sz84fv,hy2cp33,first_name1001,Me who play wildrift: what's w*man?,15,1645593125.0
sz84fv,hy2dxem,Tough-Shower7304,"I play Princess Connect though, my first Gacha game and I am addicted to it hahaha",15,1645593824.0
sz84fv,hy291zy,spectre6610,"I don't play Pubg and ML, mobile games trash 🤮. Only shit I play is Gacha on mobile, I play games a lot on PC",39,1645591236.0
sz84fv,hy29acp,retarded-kancho,"Dont play both,but i do have a game that is a gamble addiction",12,1645591355.0
sz84fv,hy28izs,ChonkySnail,ن,11,1645590962.0
sz84fv,hy2l72n,ItsZhafran,"I play shin megami tensei,and persona series,also some minecraft",10,1645598449.0
sz84fv,hy2lift,AQVILLADOMINICVS,I’m a more going outside enjoyer,10,1645598670.0
sz84fv,hy29oll,heikimiy,I'm here don't worry,8,1645591551.0
sz84fv,hy2b4qf,Bruhness81,"I play Dead Cells, Clash Royale, YTTD, Danganronpa, Ace Attorney, Phantom Rose... Basically that isn't those 2 you mentioned",7,1645592313.0
1prwxpn,nv59jho,MalaySuccess,"American waiters : *Uses POS (Point Of Sale) systems to keep track of the order and sending said order to the kitchen* Malaysian waiters : With the power of a 555 notebook and a shout that can be heard across the peninsula; ""TEH TARIK TIGA!!!""

https://preview.redd.it/jqonc6tefh8g1.png?width=1080&format=png&auto=webp&s=41c436bec5f67a4f4b1dc6d5bc44dc1a7eb8b1d2",579,1766290137.0
1prwxpn,nv5kysa,danilafire1,"Woah, that escalated quickly. Helo semua, saya suami dia 😁 saya gembira untuk nampak sendiri di sini 🤭 

Maaf jika saya buat silap, saya belajar BM. 

Yours truly, orang botak",403,1766294956.0
1prwxpn,nv59v9k,_SBV_,https://preview.redd.it/hlwumsssfh8g1.png?width=1281&format=png&auto=webp&s=05b69124c776b86e3ac1a8661f368cd85522133c,174,1766290268.0
1prwxpn,nv58pn0,Halal_Adam,bolehland mendonia🇲🇾🇲🇾🇲🇾🇲🇾🇲🇾🇲🇾,69,1766289821.0
1prwxpn,nv56z40,awx10,Ya boss,64,1766289118.0
1prwxpn,nv5b8a3,randomkloud,They are among us.,43,1766290811.0
1prwxpn,nv59lg9,JosephTemplar,Hope he doesn't see the Darkside of bolehland.,56,1766290157.0
1prwxpn,nv5c0g7,Walter-dibs,"![gif](giphy|5z29u1997FMtXgABBD)

Durian maken?",25,1766291139.0
1prwxpn,nv5m7rg,tohff7,He looks like a slimmer version of SirActionSlacks,9,1766295550.0
1prwxpn,nv5dw4x,Roddin84,And I'm laughing at how shiny his bald head is. We all win. 🤣🤣🤣🤣,15,1766291865.0
1prwxpn,nv5dw9b,More-Bad-6917,Malayfication,9,1766291866.0
1prwxpn,nv5v1at,Ok_Statistician2730,odder bos!,6,1766300187.0
1prwxpn,nv64epg,Maxziro_,More reasons for bolehland to just post memes.,6,1766305705.0
1prwxpn,nv6gjha,One-handed_Swordman,![gif](giphy|Ae7SI3LoPYj8Q),3,1766313036.0
1prwxpn,nv8pmdo,Kooky_Sail_741,"Come on gais, we need to supply him with more memes",3,1766343484.0
1m72zh0,n4obn8i,Ok-Operation-2368,"Easy for someone who doesn't have to survive off of the lower salary in question to say.

I think maybe the leader of the most corrupt party in the country who only avoided jail time because his best friend the PM secured him a DNAA should stay quiet.",639,1753257208.0
1m72zh0,n4ocfip,jim_0605,Said the man with 47 corruption cases,306,1753257656.0
1m72zh0,n4oam0b,Tricky_Wait_6304,"Do I want to go home to Malaysia & work there? 

Yeah!

Do the company can offer almost the same salary & benefits while having a good work life balance as well? 

Hell no!

So the answer is No!!!!!!!!!",865,1753256620.0
1m72zh0,n4obxpd,Potatonized,My tahi this morning have more braincell than this guy.,373,1753257374.0
1m72zh0,n4ocl56,FaraYuki09,"Then he also should have a much lower salary as he doesn't really do his job anyways. Try living with a minimum wage, Mr Zahid. Without any subsidy and transport and house provided by the government. Buy your own groceries with the crazy prices of everything now. Do it for a year at least and remind yourself you gotta do this for your whole life. See how crippling it is for yourself.",120,1753257746.0
1m72zh0,n4ob07q,Fit_Republic_2277,"I am working as a doctor in Australia, getting almost 20x my salary in Malaysia. with 10000x better work-life balance.

Tough to say no to that Pak Jahid..",382,1753256847.0
1m72zh0,n4oazj9,WasteTreacle5879,this is stupidity at the highest level.,73,1753256836.0
1m72zh0,n4obrb9,NinjaTurtlejr22,Is he fucking kidding?,72,1753257272.0
1m72zh0,n4odivh,Negarakuku,"Kan sudah kata x suka boleh keluar. Aik, kenapa tertiba nak rayu untuk balik?",55,1753258287.0
1m72zh0,n4oceeh,Similar-Plenty-6429,Loll for lower pay?? Maybe do something about that first,27,1753257638.0
1m72zh0,n4oe9j9,dikantormama,"Instead of suggesting this, he should suggest this for MPs:  
1. MPs salary only RM5k.  
2. No extraordinary allowances, no allocated car & driver, no escorts.  
3. Remove pensions for MPs.

He should try this first la sia.",52,1753258717.0
1m72zh0,n4ocqls,Think-Past-7346,This mufu should be in jail,22,1753257833.0
1m72zh0,n4ocx1m,AngelBear1107,![gif](giphy|xpNwHHDRFwx0m3iYhK),20,1753257936.0
1m72zh0,n4oe05c,orz-_-orz,Ask the companies be patriotic by paying Malaysians more,19,1753258566.0
1m72zh0,n4obyah,TraditionalBar7824,At least offer to match the salary they got overseas. This is next level stupid,32,1753257383.0
1m72zh0,n4obz3r,CiplakIndeed1,"Walao damn fail wei his speech.

Even I won't tell my own siblings to comeback unless they sendiri want to do it.",25,1753257395.0
1m72zh0,n4odyt5,Sarutobi_,If delulu manifested as a human being,11,1753258544.0
1m72zh0,n4obt7w,Tooth_Dapper,"Serve our country yet still a 2nd rate citizen lmao , can't compete salary , can't revoke Ketuanan Melayu ,still have this audacity to talk loyalty.

Edit : ah yes , from 53upvotes to 25 , I wonder who downvoted",73,1753257303.0
1m72zh0,n4odob1,cheekeong001,Patriotism is useless when it can't put food on the table nor give your child a better future,20,1753258375.0
1m72zh0,n4oev79,Thenuuublet,"Ask him try salary 5k, installments for house n car to do. Work like a typical operation manager, eat, commute, get a JD of a typical ops manager. See if you can last a week or not. Sembang kacang tersekat dalam tahi je lebih. Employers don't appreciate progressive and responsible employees.",9,1753259067.0
1m72zh0,n4ocqk6,Hungry-Intention-482,Too much ketum..,9,1753257832.0
1m72zh0,n4odtsu,MyRodIsBig,Dgn kad binti zahid boleh la jadi board of directors.,9,1753258463.0
1m72zh0,n4of6bf,Longjumping_Bit6298,gaji starting civil engineering je pon tak sure kalau dapat RM3000 🙄,8,1753259247.0
1j34n8w,mfx66ng,Puzzleheaded_Bowl314,Sleeping is one thing. But to be praying daily and wishing all those Qur'an quotes on camera is just a whole another level.,171,1741070190.0
1j34n8w,mfxhm66,PristinePineapple87,"Of course lah bruh. Maths what?

Imagine if rasa bersalah tu berat 100kg. 

You buat Salah pada seorg kawan. You tanggung 100kg ÷ 1 person = you rasa beratnya 100kg.

Itu menteri buat Salah pada 30,000,000 rakyats.
Itu menteri tanggung 100kg ÷ 30,000,000 rakyats = itu menteri rasa beratnya 0.000003kg je. Hari nyamuk pun lagi berat ooo.",74,1741076971.0
1j34n8w,mfxaz86,MyRodIsBig,Some sleep on top of 170 million in cash.,60,1741072900.0
1j34n8w,mfxjmvc,No_Emergency7669,"Sabri: Skill issue

https://preview.redd.it/niaavuylzmme1.png?width=1440&format=png&auto=webp&s=6fbe747d106dd5f5c6e5365b451e1b228b243fb4",52,1741078277.0
1j34n8w,mfy0t35,[deleted],Every PM caught with corruption should be hung till death. After all it's treason of the highest order towards the country. Angkat sumpah with Agong right,22,1741088377.0
1j34n8w,mfxhou8,-OddLion-,"And they still want thoughts and prayers on top of the big donation.

![gif](giphy|10JhviFuU2gWD6)",20,1741077020.0
1j34n8w,mfxp1q3,princeofpirate,That's why they become a leader and you are not. There's some researcher that suggest most of the leaders are sociopath.,17,1741081668.0
1j34n8w,mg1lreg,[deleted],You know why..They gonna get dibebaskan Tanpa bicara..Or got pardoned Loh and still kept the money they stole ..Just ask bijan ..Until now money from Goldman Sachs can't be collected,3,1741127520.0
1j34n8w,mfy4a1m,UnusualBreadfruit306,"What is the Shariah punishment? Caning?, stoning?",2,1741090045.0
1j34n8w,mfz4efg,Ok-Application-hmmm,"They sleep and sound until assassination begins 

This is not a threat nor my attention just imagine how paranoid they would become",2,1741102689.0
1j34n8w,mg1ipft,Vast-Excitement-5059,I sometimes cannot even sleep because I cannot feed the cat at the mamak stall bcz I have no food left to give.,1,1741126624.0
1j34n8w,mg8kj5r,Stunning-Use5593,"Malaysia corrupt leader boleh lah. Rakyat Malaysia ni masih baik hati lagi. Kalau dekat US tu dah berapa banyak kali president assassination attempt? Yg mati ada, yang survive pun ada. Nasib diorang baik yang corrupt kat Malaysia ni.",1,1741217021.0
1j34n8w,mh5z7x4,Mann_Tap,Which leader youre referring to,1,1741677137.0
1j34n8w,mfz5yn3,Sigmaballs633,Only broke people complain about corrupt YB,-1,1741103133.0
140fqfp,jmvhyk0,Amirul_Anas02,"Is the car, alright?

I hope the Bezza can be repaired and used by the owner again.

Stay strong, Bezza owner 😓✊🏻",433,1685893604.0
140fqfp,jmvd62k,SorryTour8146,"Merah=Berhenti

Hijau=jalan",375,1685891514.0
140fqfp,jmvig54,Ear-Dry,"Anal saya tidak manja, selalu bersolat

Edit: meant to type anus",330,1685893820.0
140fqfp,jmvhfx0,[deleted],"alhamdulillah, dunia telah hilang satu lagi manusia bijak.",365,1685893379.0
140fqfp,jmvj6f8,Kareemster,"Istg it's these ""hobi kami mahal"" guys. I wanna fucking cave their skulls in. OF COURSE IT'S MAHAL YOU DUMB FUCK, YOU'RE RISKING YOUR LIFE FOR... ***ENTERTAINMENT?????***",119,1685894140.0
140fqfp,jmvea4y,NymphSosurim64,Muda-muda dah cepat sangat nak mampus pasal lumba haram ni.,105,1685891999.0
140fqfp,jmvdatt,NeoEvol,So who gonna pay for the car damage ?,201,1685891572.0
140fqfp,jmvgkjb,khairuldaniel664,Thats the most unusual way to commit suicide my guy 🤦. He even tried to drag the driver to the other side too what the hell.,141,1685893002.0
140fqfp,jmveuk5,[deleted],Average mat rempit fan,56,1685892245.0
140fqfp,jmvk1vz,goldwave84,Salam takziah....to the motorcycle. Could have been better used.,86,1685894520.0
140fqfp,jmviwy2,hoiz4,"What a pointless live he's been through. Wasting his parent money, wasting everyone time. The food given to him should be given to other sibling. Imagine the effort of his parent raising him from toddler to what he has become today. All that apparently isn't appreciate by this moron

If he had a death wish and need that adrenaline kick so much then people like this should be strap with suicide bomb vest and drop to Israel to save some innocent Palestinian baby getting killed rather than pointlessly living and wasting everyone oxygen",118,1685894028.0
140fqfp,jmvjdx5,NextVeterinarian3861,"Kids watch out how you make friends, choose the right guy that can lead you to become a human being not a daredevil like this one. Innalillah hi wa inna ilaihi raji'un.",43,1685894230.0
140fqfp,jmvjn40,kinwai,“Arwah baik orangnya.”,38,1685894341.0
140fqfp,jmvkgk3,Rei_Kanzen,Why do these young bikers look at a car-dominant infrastructure and think this is their territory,41,1685894701.0
140fqfp,jmvi6zc,xtinction14,"If I was there: DAMN!! Did you see that shit?!! That was the funniest shit I've seen this year so far

I'll say it once and I'll say it again, Mat rempit deserve to die nor do they deserve any sort of rights whatsoever. Infact, they should be treated as criminals.",92,1685893706.0
140fqfp,jmvjyim,QorstSynthion,"saw a post about gov planning to build race tracks...

hmm wonder if it'd be a good idea now",30,1685894478.0
140fqfp,jmvleu9,kirayuen120,Omg ini Berita baik 😍😍 1 orang yg bodoh hilang dari dunia ni. Kita patut celebrate dengan rumah terbuka ni oiii🎉🎉🎉🎉🎉🎉,25,1685895116.0
140fqfp,jmvi8x9,JotaroSenpai69,Natural selection,25,1685893730.0
140fqfp,jmvpifs,Elite-X03,"Them before: hell yeah jom race kat jalan raya
Them after they saw that: Ya Allah 

Baru la nk ingat tuhan",20,1685896888.0
140fqfp,jmvj50h,hoiz4,I feel sorry for that car for having to touch such a useless human being with its body. I hope the car recover,20,1685894124.0
140fqfp,jmvm5ux,Guilty_Struggle_2408,"Happened in front of their eyes. Still will do it again after a few weeks.

Dah accident, patah tulang belakang, lumpuh. Baru nak jadi orang. Truly the born to be leaders moment.",19,1685895443.0
140fqfp,jmvj85w,nist231,I mean atleast he superman his way to heaven,17,1685894161.0
1oakg0y,nka0xsu,soda_ais,Aku baca luahan ni semua dalam nada capslock.,458,1760863619.0
1oakg0y,nka0qok,MGZ1-NotABot,"Verified crashout. Babi betul, tampal cheese slice pastu siap mac and chesse. Nate tul. Aku bagi lipas, lipas pun tanak makan",445,1760863499.0
1oakg0y,nka0zxy,TopAdventurous3963,Crashout munasabah. Selalu beranikan diri panggil owner dan tunjuk beza gambar dan makanan. Harap harap dapat refund atau makan free,195,1760863655.0
1oakg0y,nka2tjq,raxeidea,A prego can of mac and cheese sauce costs around rm5. This is outrageous behavior,164,1760864778.0
1oakg0y,nka06vs,Seanwys,"They took ""mac and cheese"" way too literally",219,1760863166.0
1oakg0y,nka3v19,Longjumping-Fly6131,"Specific the kedai at the foodcourt please 

  
Report to kementerian pengguna",95,1760865425.0
1oakg0y,nka49zw,Wonderful_Letter_961,they literally get better food in penjara kajang,74,1760865682.0
1oakg0y,nka4rkk,TeBp242,"""sapot peniaga lokal""

peniaga lokal:",134,1760865986.0
1oakg0y,nka1xhc,amely_5ai,Namakan food court Putrajaya yang mana satu ni..,41,1760864223.0
1oakg0y,nka309v,McBoom0,Crashout berpatutan,28,1760864896.0
1oakg0y,nka3zcc,TraditionalBar7824,"Lol happened to me too. I was so angry that I erased it from my memory, until you reminded me with this post. Smh",25,1760865500.0
1oakg0y,nk9zyn5,Davidddsss,"ayam gepuk hater guy, is that you?",49,1760863026.0
1oakg0y,nk9zsqm,CiplakIndeed1,![gif](giphy|xT3i0Sg7gsfsrDnYOs),20,1760862924.0
1oakg0y,nka5a0j,Zuhalkun04,Aku rasa Prego instant Mac and cheese letak lagi banyak effort lol 💀,21,1760866305.0
1oakg0y,nka443x,LittleStarClove,Justified crashout. Apa haram sampah gitu rega namblas hinggit.,16,1760865583.0
1oakg0y,nka4lsv,WebConstant7922,Crashout yang wajib. Macam bangang makaroni nih,12,1760865888.0
1oakg0y,nka6ugg,WhyNeverNot,"You know what else that one restaurant charges rm16 for a basic item?

Water.

No seriously for a water bottle for Rm16. Just saw it thru Google Maps yesterday at Genting

Edit: my english is not englishing",11,1760867273.0
1oakg0y,nka12p3,Worldly_Horse7024,"bro nak cium mulut kau boleh tak

https://preview.redd.it/kbjasl9u71wf1.jpeg?width=1070&format=pjpg&auto=webp&s=6f605c2950121f67dc608671ce6f4bf840441584",33,1760863703.0
1oakg0y,nkc99cg,ariintheflesh,"Ni, aku lupa cakap Bismillah pun setan tetap xnak makan.",10,1760895127.0
1oakg0y,nkaa2ge,Zonzzzz,the writing is insane,10,1760869200.0
1oakg0y,nka5cj5,Just_Illustrator6906,"Name and shame lar OP!

![gif](giphy|HtOj3XhbSZrGSByRDu)",8,1760866348.0
1oakg0y,nkaxsnm,XxXMeatbunXxX,Lol 1 of the most entertaining and valid crashout ive read.,6,1760880361.0
1fladle,lo1h0o3,GaryLooiCW,correct me if im wrong but schools r now teaching students to follow by the book n not use their brain.,343,1726835047.0
1fladle,lo1f64n,anondan123,For real in Asian education systems,156,1726834254.0
1fladle,lo1h6n3,nabbe89,"So real. Dulu and sekarang. They say they want you to be critical thinkers but your jawapan lain sikit dari skema, x marks. 

I agree that maths trains problem solving skills but I don't think the way I was taught maths in school helped with that. Got all As for add maths/mod maths but when I was in pre U I realised I didn't really have a good grasp of fundamental maths if that makes sense. I was just memorizing patterns? lol. Now I have a special needs kid so I've had to relearn math concepts in a way that she can understand and I wish I learnt it this way in school.  

Also I rmb during my SPM we would memorize chemistry experiments word by word. Most useless thing ever. Did labwork for my masters, never once had to hafal anything. And everyone from my sv to the post docs would still be referring to the lab manuals when running experiments.",132,1726835118.0
1fladle,lo1fkba,[deleted],Schools are producing robots and drones.,50,1726834424.0
1fladle,lo1k9l9,No_Reality_190,"the new pendidikan moral marking system is horrendous, they make silly rules like you cannot use peribahasa and add imbuhan to nilai💀 contoh must be from textbook",41,1726836404.0
1fladle,lo1iy71,Dependent_Bad_1118,"True but shouldn’t be a demotivating factor to succeed in life.

If say ur good w creativity you can always go into arts stream and score good grades and find a college that takes u in w those grades.

Using that degree, the possibilities can be endless ;)",35,1726835861.0
1fladle,lo1knvv,luckytecture,I’m gonna rant again that malaysian schools rarely focus on arts and literature aka creative & critical thinking aka training your brain’s other half which is to me is a bad form.,29,1726836565.0
1fladle,lo20iw7,KingsProfit,"Yes. You ever wonder why during SPM preparation there's alot of those 'bengkel teknik menjawab' or how teachers take skema very very seriously, want you to always answer in a specific way that is similar to skema? 

Those are the effects of rote memorisation in education. Students basically have to reduce their level of thinking into rigid, repetitive process because pentaksir is rigid with skema. That's why teachers do all those bengkel and techniques to help you score rather than learn

Truth is, most students aren't really bright. They can't understand in depth of the things they learn, if everyone can do it I'm sure the answering scheme would change with an emphasis of understanding rather than memorization. So in order to cover this, they dumb it down, since the smart ones would know anyway and the less brighter ones can know how to score.

When you realise this, you'll understand why maths and science subjects usually are the worst performing subjects. Particularly maths, you'll realise maths is a subject with no fixed skema to memorize, you actually have to think to solve a problem (atleast for KBAT questions)

That's why addmaths and maths are 2 of the lowest scoring subjects, most students can't think in depth enough to score well. And due to the nature of maths, you can't make a fixed skema since maths have dozens of approaches. Which in the end, students cannot memorize to save their grades.",25,1726842302.0
1fladle,lo21eky,[deleted],yOu dOnT hAve tO mEmOrIzE yOu jUst hAve tO uNdeRsTanD,12,1726842595.0
1fladle,lo2a8ef,U1ys3s,"I recently graduated smk, so my memory is still fresh enough to comment.

I realised the meme's point as soon as I was somewhat old enough to look at things critically, but tbh we can't do much about it.

Now, if a student is competent, they'll realise that they can easily score marks through patterns for memorisation topics, i.e., Sej and Moral. I joined pure sci, so I can confidently say the same thing for the Sci subjects.

What actually separates the ""good"" students and the smart students is either a great teacher or a creative/independent mind. You can learn the patterns to easily ace your way through exams and guarantee a smooth school life in one part while striving to understand the fundamental concept behind every topic taught to you.

It's definitely possible to do both at the same time. If someone protests, they should, at the very least, recognise to work with the school system yet against their method of teaching at the same time.

If a student complains about the suppression of creativity yet fails his exams, they're either:

a) plain bad, thus give excuses

b) yet to embody the good points of paragraph 4

c) defiant to not follow the sch's concept of teaching, so they fail on purpose

a) I have nothing to say about that, b) all they have to do is think a little further, c) they're dumb enough to be as hardheaded as the memorisation students while withholding their potential, which makes them twice as worse.

In conclusion, you have to be proactive if you want to be more than just the average student. Just study the topics outside the box, and you'll find yourself able to solve questions more efficiently than the average student with minimum memorisation. 

P.S. that's how I got through the Sci subjects anyway. With the memorisation ones like Moral and Sej, you unfortunately still have to do hard memorisation, lol.
After all, it's hard to ""understand"" the topic when they demand you to name someone fully from a niche party.

Edit: one more point, you HAVE to read the latest skema for all the subjects you are taking at least once, in order to score the best possible marks even with your unconventional  understanding of the topic. As another comment said, however good you are, your answers are trash if they don't compare to the skema's. But hey, in the end, you nevertheless gotta cooperate somewhat, as per my paragraph four.",10,1726845458.0
1fladle,lo1j7ze,Aok_al,Did they get rid of KBAT or something?,15,1726835975.0
1fladle,lo1v9h8,Nafeels,"Tbh memorization is basically the Asian way of learning and _does_ extend to workplace ethics. It’s only in uni that you’re expected to learn how to problem solve questions which are basically SPM KBAT questions (application of theorem in real life). After that you’re expected to memorize the SOPs anyways while starting as a fresh grad, then pass knowledge to newbies. 

Case in point, almost every engineering sector including academics kind of requires you to memorize solutions so it’s quite easy to troubleshoot when you already have steps loading in your mind in real time. Even when introducing new tech/solution it’s still based on older SOPs to minimize complexity and downtime. 

Unless you work in groundbreaking research facilities Asians are most rewarded when it comes to work ethics, which makes us extremely complacent and a bit ego-ish when it comes to holding important positions.",6,1726840506.0
1fladle,lo3efwp,mistobutchi,"I remember in an English exam, I was asked to elaborate  ""my opinion,"" in which I disagreed with the statement of the question because that was my opinion. It was a KBAT type of question. I got marked as wrong because disagreeing with it wasn't in the answer scope. lmao! Then don't ask for opinion la!",6,1726858430.0
1fladle,lo1jan0,Joe_GG_44,Thank goodness it change as soon as I got into university,4,1726836005.0
1fladle,lo1ldv4,dushanthdanielray,"They want you to think, but teachers don't want to think too much while marking your papers.",5,1726836852.0
1fladle,lo1qxnm,Urakushi,"Yep,broken education system",5,1726838959.0
1fladle,lo23147,Waste_Tap_7852,That is the problem with standardized education. Standardize education would want to maximize overall performance regardless of a student strengths under a single system. Politician and policy makers don't want to admit there are such things because they are there because of that. Einstein drop out of school at 15 because he didn't like the rigid system. I think the next big thing would be personalize education and medicine. All men aren't equal.,4,1726843132.0
1fladle,lo1vgtz,Accomplished-Cold971,"Cannot relate enough.
It's quite crazy how everyone sees our grades on exams as our actual intelligence and our ability to flourish in the real world. It is standardised, yes, but sometimes it's unfair. Unfair, because now in government school I'm attending (in SMK form 4), we have 8 months or less (plus minus holidays and breaks) to finish all chapters for 9 subjects if you're taking science stream. I'm not targeting anyone, but if I am, I'm sorry: but these people who score good is because they simply have intensive tuitions every day after school. Some go to tuition centres which centers more on practices, practices, practices, latihan latihan 7 days a week etc.

I take private tuition which is around 5 tuition sessions per week across 5 subjects. I'm someone who WANTS and is PASSIONATE to understand my syllabus deeply - especially since we're using government textbooks. Which a lot of people can agree is sort of a shallow educational material.

In my physics tuition with my tutor who's an engineer, I don't just go over the syllabus with him. We talk about physics, I ask him STEM questions, and all and all I'm able to grasp the concept well which in turn helps me study smarter for exams. 

I also join a lot of extracurriculars which means I have extra support and experience with the subjects I'm taking, compared to people who SOLELY go on the textbook and study for the sake of exams.

I cry a lot because I never think I'm smart enough compared to my peers; even if they get higher than me by 4-5 percent on our peperiksaan. It pains me that being in the top class also, people cheer you for being smart in exams compared to when you have knowledge outside of your syllabus. Was never an engaging or an extroverted girl until this year, but I remembered how when my Sejarah teacher announced I got 100% on my test, everyone clapped so hard. You're only known if you're smart.

My tutors have advised me to not go over and beyond to relate to my studies. In some ways, I'm trying to navigate a balance between my habit of reading and researching, on the other hand limiting my studies to my syllabus. It's hard doing the latter but it is rewarding knowing you're just a little bit smarter than your peers (wowww academic validation 😒). 

I still find the syllabus quite hard even as someone who doesn't limit their studies within our textbooks. I still struggle to study and do homework, but I'm lucky I can be able to score as smart as anyone else in my top class without having to do 1000000 worksheets a day and have no life outside of studies.",4,1726840578.0
1fladle,lo1w4mj,FastWeaboo,"relieved sable fearless merciful glorious numerous melodic flag screw edge

 *This post was mass deleted and anonymized with [Redact](https://redact.dev/home)*",3,1726840804.0
1fladle,lo3a9fx,Ferretukas,there's no memorisation in addmaths lol,3,1726857069.0
1fladle,lo1p04d,alexjolliffe,"The issue of not remembering shit is a problem that can be solved, though, no?",3,1726838244.0
1fladle,lo383b3,ranransthrowaway999,"One more thing: corruption starts with Pengawas. You want to know who the future scumbags will be, it won't be the gangster and samseng samsul. It will be the Pengawas of the school.",3,1726856360.0
1fladle,lo1pms4,Katon_TGRL,"Thats why theres many copy cat and counterfeit, creativity is dead.",2,1726838481.0
1fladle,lo1rctw,Supermarket-Flat,Don’t forget the teacher’s pet or I would love to call them as Teacher’s butt lickers,2,1726839113.0
1481h0e,jnycc1e,KneeGearlol,Same feeling when you find actual biscuits in the tin rather than sewing kits,351,1686622541.0
1481h0e,jnypv8w,awang0akhmal,Dawg hidup di dunia alternatif,135,1686631132.0
1481h0e,jnyqo4q,aeman1100,Yo you missing out on the genuine Malaysian experience 😭😭😭,81,1686631761.0
1481h0e,jny2jze,tepung_,very rare indeed,156,1686616780.0
1481h0e,jnycowr,Evilkiey91,uno reverse is real lol,57,1686622749.0
1481h0e,jny624n,hakim_tahir,Redditvdownloader,36,1686618854.0
1481h0e,jnyv5dg,akif_09,Nah asal perangai dia macam member aku sial 😭,25,1686635527.0
1481h0e,jnyva1k,Firdausaznel,It happend to me once,28,1686635642.0
1481h0e,jnyvubt,Lekranom,Bro craving for fish but got a better bargain 😂,26,1686636155.0
1481h0e,jny3qc8,SniffyBliffy,"Everytime in my grandma's house, it's always fish in the ice-cream box",61,1686617479.0
1481h0e,jnyhpox,rif_lakar28,Saya menangis dan mengeletar selepas melihat ini,42,1686625658.0
1481h0e,jnyqv3q,WhyHowForWhat,"In my house, usually its sambal",14,1686631915.0
1481h0e,jnytbxh,fi9aro,Konten berkualiti. Hahaha,21,1686633950.0
1481h0e,jnywc49,Avanin_,"Jokes aside, anybody ever found strawberry flavour for this icecream? I only ever found chocolate, metro and the spiral one.",6,1686636600.0
1481h0e,jnz1xjg,midfielder9,Nobody goes in the kitchen & say “Macam nak makan ikan” ….,7,1686642089.0
1481h0e,jnzehp2,Real-Yak-4505,Podolski vibe,8,1686654927.0
1481h0e,jnymvmp,teho9999,😆😆,3,1686628984.0
1481h0e,jnz14wr,Grand_reaper658,Why wasn't it in the fridge?🤨🤨🤨,3,1686641256.0
1481h0e,jnz24ax,Ok-Application-hmmm,I have those bekas in frozen and idk if it is l aiskrim or frozen fish,3,1686642287.0
1481h0e,jnz47ru,shakirnafiz,uno reverse card,3,1686644508.0
1481h0e,jnzac1q,goldwave84,Inilah kita panggil....reverse Malaysian,3,1686651086.0
1481h0e,jnzapan,DuskyFlunky,do you guys scoop the ice cream horizontally or vertically,3,1686651456.0
1481h0e,jnys1vk,bread_with_jamidk,u/savevideo,2,1686632884.0
1481h0e,jnzle88,AnonIsAFangirl90,It’s the best feeling ever for sure! Hahaha,2,1686660046.0
1481h0e,jnzrp6a,BenHadjimi,"""in a parallel universe, you'll definitely find ice cream in that container.""",2,1686663996.0
1481h0e,jnzz957,CallMeZerou,alaaa aiskrim pulakkk 😔,2,1686668181.0
1481h0e,jo026cz,Huszon,Nein nein,2,1686669711.0
1481h0e,jo2qb93,[deleted],Monke!,2,1686724178.0
1481h0e,ltyy862,NixFujiwara86,Nk mkn ikan sekali bukak tukar fikiran nk maksn aiskrim 😂,1,1730008980.0
1481h0e,mafrqgr,Healthy-Ad-8842,knp ni rasa terlalu real?,1,1738443213.0
1481h0e,jnztn67,Impossible_Limit_333,Cringe af,-1,1686665122.0
1481h0e,jnyry1q,[deleted],[deleted],1,1686632797.0
1481h0e,jnz33sp,scheiber42069,"Thing started to chance when you hit 20

You know those illegal junk food your parent didn't want to you eat as kid

Now it a common accomandies in the refrigerator",1,1686643323.0
1481h0e,jnz89og,ScammingtonS321,Not to mention those tin biskut that are sewing kits,1,1686648971.0
1k3p7ts,mo3u0ah,monyet2,"What a terrible human being. Bet she has no friends. 

The mom probably knows what will happen (more drama) if she defends the son (like you did), so she chose to keep quiet. Glad you defended him. Hope he will overcome this traumatic experience and have a happy life.",490,1745163907.0
1k3p7ts,mo3yskh,purplepants009,"Ah.. the ""you can't hate me i was being honest!"" type.",156,1745165452.0
1k3p7ts,mo4450o,Rooney_72,"It is more common than you think. And, dare I say it is part of the chinese culture",111,1745167162.0
1k3p7ts,mo3w1bm,SpecificLong3351,To do that to a child how vile of a human being are you. This is the type of shit where sometimes I just say fuck asian culture man. How can the mom be silent...,118,1745164562.0
1k3p7ts,mo42504,[deleted],Poor boy 🥲🥹 He probably just keep it inside of his head and impact him thru his childhood. Kids remember these kind of things..  especially bcs this happen in public. I hope he is alright,43,1745166515.0
1k3p7ts,mo3ymhx,SengalBoy,"Man, it really takes guts to restrain yourself from calling the pig fat. I mean I get it's to jaga air muka but you know, sometimes we just wants to put assholes in its place.",68,1745165399.0
1k3p7ts,mo40d68,All_Gun_High,"I have no meme for this, just applause for you.",26,1745165952.0
1k3p7ts,mo48nyk,Glass-Tangerine7124,"Betul, sadly my mom is like this, but she doesn't think she's saying anything harsh or bad when she does it. Biggest demotivator in my life ❤️‍🩹",10,1745168598.0
1k3p7ts,mo3z76y,lokomanlokoman,Oh no... I didn't expect the story to turn out like this. 😭😭😭. I hope that kid had a better life after this. And I'm sorry for you for experiencing this thing..,22,1745165582.0
1k3p7ts,mo3zij2,The_Student_Official,You're a good person. I don't think I have enough composure to let that slide. Hopefully your message will stay in that kid's heart forever,19,1745165681.0
1k3p7ts,mo41eqb,Lopsided-Philosophy3,"Damn, thats is just being an asshole. Just running their mouth and say whatever they like. Blud is just a kid and you’re already beefing with one. I pray the best for the kid and hope his ambition doesn’t get pushed down and he still pursue his dream and passion even if he doesn’t show it yet. Sometimes a simple word of encouragement is all the power you need to motivate you.

Also, didn’t know Boey is on reddit. Cool man",20,1745166284.0
1k3p7ts,mo5xd50,lwlam,His aunt. Must be those char siew lookalikes that like to gossip in groups.,9,1745188799.0
1k3p7ts,mo5qbde,aemsea,Emotional Damage. Typical boomer style of parenting.,7,1745186218.0
1k3p7ts,mo62rvh,zakihazirah,"She doesnt know how much childhood treatment affect kids like that. Op i hope ur words and anger delivered to the kids and he knows that not all person is like his s*um of aunt. Usually 'loser' attitude is due to upbringing and constant barrage of demeaning treatment to the point the kids doesnt feel like doing anything.

Speaking from experience.",8,1745190775.0
1k3p7ts,mo5qjd5,iamnotdean,"I think you did the wise thing by not calling her fat. As gratifying as that would feel that would create a heated situation that would divert attention away from the real issue - the bullying of a child. 

  
It's great that you questioned the behavior (how do you know there is nothing going on in his head?), and gave him some encouraging words. I'm sure makes a difference for him to hear an adult stand up for him. Another thing we could consider doing in such situations is to call out the consequences of the behavior calmly (e.g. by giving a child labels at this tender age, we as adults can inflict lifelong confidence issues). By avoiding making it an ego issue and triggering defensiveness, there's a higher chance that the people hearing this feedback can realize the problem.",6,1745186296.0
1k3p7ts,mo6ppr8,[deleted],"Toxic aunt, unhinged mom yet wonder why their kids got mental illness later in their life.",6,1745198961.0
1k3p7ts,mo681zq,pm_for_cuddle_terapy,I had a cousins relative tell everyone her kid son is fugly and can't look good until he grows up when others complimented that he looked good in a shirt. Some adults are diabolical,5,1745192674.0
1k3p7ts,mo42ko6,Shiyazu_art,"I once lined up for a queue and this little girl maybe aged 8-10 y/o, excitedly saying she want to order this and that. She looks jolly n i cant help but smile but then her older sister (maybe) hit the top of the kid's head telling her to be quiet. It was too sudden n i am distraught. The girl immediately shut up with her head hung low after that.

Is that kinda violence normal? Or am i too soft? I get that children can be too excited and loud, but whats the most appropriate things to do to discipline them? Im sorry if this is off-topic, i wonder if complimenting them to be a quiet well-mannered kids can shape them too?",8,1745166655.0
1k3p7ts,mo4rknv,Luna2648,"Yeah lucky it's just the aunt, no parent would called their child that ""lazy"" maybe",4,1745174531.0
1k3p7ts,mo650e4,supaloopar,"If I were the author, I’d just say “Loser? Why would he want to be like you?”

And just start arguing from there",4,1745191589.0
1k3p7ts,mo68wcp,pm_for_cuddle_terapy,I would call her loser loser loser and if she argues tell her do better smh,4,1745192976.0
1k3p7ts,mo6jkeq,TheSodaVampire,He will but he also needs therapy down the road. I know cuz I’ve been through exactly what the boy went through all those years ago with my own mum. That aunt needs some scolding to say those words to the poor boy.,4,1745196770.0
1k3p7ts,mo41ktv,Ok_Statistician2730,i love how you draw all those into stories. it hits harder though cos i could actually imagine the situation. this is totally verbal abuse to that poor boy gosh.,7,1745166337.0
1k3p7ts,mo44rsb,Ploop_Plap,"It's still a shame that parents and relatives like these exist. Children are the future's hopes and dreams, why don't some people understand that? What you do or say to a child affects them greatly, both positively and negatively. As much as I hate to see it, this kind of human beings (should they even be worthy to be counted as one) are still not uncommon, be it in Malaysia, Asia, or the world, and the only part that I can play to make it better is to be a better parent/relative myself.",6,1745167364.0
1k3p7ts,mo4nswl,cinlung,"Man, that is one tough audience to face. Buy you have a great heart. I hope the kid sees your message and keep it in his heart.",3,1745173323.0
1k3p7ts,mo5pl9b,BYKC256th,I read your books six years ago,3,1745185960.0
1k3p7ts,mo6bokk,FaraYuki09,That shi**y aunt.. I've nothing good to say about her. Good for you for looking out for that boy. I also hope he turned out ok. Having toxic family members sucks the life out of you.,3,1745193987.0
1k3p7ts,mo6ess4,bad2dbone3,It is part of growing up in an enviroment that is different from yours. I understand how it must have felt but somehow hopefully your defense could somehow breakthrough to that child one day with the seed that you have planted in his mind to start sprouting in the future. Kudos,3,1745195097.0
1k3p7ts,mo6k555,UnusualBreadfruit306,How rempits are born,3,1745196967.0
1k3p7ts,mo6k73q,Virtual_Force_4398,"I believe all this started with kids died a lot. And mainly cause the spirits/gods/etc. take them away. In order to make them less attractive to said beings, the parents with give their kids bad nick names (Ah Kau = dog, Ah Chu = pig) and say bad things about them.

And so time went on. Until we've all forgotten why but still continue to bad mouth the little ones. Don't feel bad, it's a sign of love. ![gif](emote|free_emotes_pack|shrug)",3,1745196986.0
1iea0rc,ma5wzwz,KeeperOfUselessInfo,"https://preview.redd.it/qraotvubgage1.png?width=860&format=png&auto=webp&s=9356bedb735c15d368a791dcdec2c6d3faa913e7

nah, dah besar.",545,1738311439.0
1iea0rc,ma5wq44,whysoretard,"I cried the first time watching it. Fast forward today i cried even harder

https://i.redd.it/wl2zl17wfage1.gif",171,1738311275.0
1iea0rc,ma5w4jn,Nut_Screw_Gamer,Man... The ending was heartbreaking,124,1738310913.0
1iea0rc,ma5x1cw,gregyong,"And the boy is now a full grown woman now

https://preview.redd.it/a30uin0ogage1.png?width=862&format=png&auto=webp&s=fe32d108fc200046ef19f1999098e6dde42bdc89",192,1738311462.0
1iea0rc,ma5y72m,tofuboi4444,"That kid turns out it was a girl the whole time and not a boy

![gif](giphy|FP7g0JkFYO4gK9o4vr|downsized)",68,1738312166.0
1iea0rc,ma5w79z,Bright-Stomach-8091,I cried like a motherf*cker. Fak! it was so sad to watch!,48,1738310958.0
1iea0rc,ma5x1fn,RandomMalaysian,"Fun fact, the boy actor was an amoi",59,1738311464.0
1iea0rc,ma5xv8w,depressedunicorn_,I remember when CJ7 started shitting on the kid.,25,1738311967.0
1iea0rc,ma5x9bt,SoFool,Classic Stephen Chow film👌,19,1738311596.0
1iea0rc,ma5w4j6,Spare_Audience_1648,Where is the damn sequel!?,32,1738310913.0
1iea0rc,ma5xz84,Acceptable-Aspect-32,kejap. budak dalam cerita tu asalnya laki ke perempuan?,11,1738312034.0
1iea0rc,ma5xt63,Right-Assignment3759,"Just watch it yesterday on Hits

Still heartbreaking to watch ![gif](emote|free_emotes_pack|sob)",8,1738311932.0
1iea0rc,ma6alu9,stuff_happens_I_know,"I cried so hard when that thing died, snot and everything. I know the ending was cute and happy, but I was still mourning for the og one ahhahahah.",9,1738319914.0
1iea0rc,ma638w3,[deleted],[removed],7,1738315345.0
1iea0rc,ma5wy00,Gamerbendy550,"This movie was released on 2008 and according to my calculation

2008 - 1
2009 - 2
2010 - 3
2011 - 4
2012 - 5
2013 - 6
2014 - 7
2015 - 8
2016 - 9
2017 - 10
2018 - 11
2019 - 12
2020 - 13
2021 - 14
2022 - 15
2023 - 16
2024 - 17
2025 - 18

So therefore, it turn into 18 years old, meanwhile for animated movie it's gonna turn 16",19,1738311407.0
1iea0rc,ma5xypx,Shirakami_Fubuki00,"Thansk for posting this OP, im gonna rewatch this masterpiece after years of forgetting its existence.",6,1738312026.0
1sm0y23,ogaqw47,[deleted],"I lost my marbles commuting to and from Bangsar South for 3 years straight. 

One day I just snapped inside the car. It was raining, I had finished work at 5:30pm but it was 7:15pm and I hadn't reached home yet. I started shouting and screaming inside the car for about 2 minutes straight. 

That night I drafted my resignation letter (with no backup in mind) and sent it to my manager.  Then, I found a job that paid less but the commute was only 15 minutes from my place with 1 day WFH. 

It was the best decision I've made by far.",654,1776246670.0
1sm0y23,ogapnj8,RevolutionCapital359,Govt cannot enforce wfh for private companies unless via emergency declaration like covid. They can only enforce it for govt staff. Blame your employers instead,374,1776246032.0
1sm0y23,ogao7to,Material_Ordinary_20,Because we are so car-centric with Kelana Jaya line having disruptions monthly.,240,1776245263.0
1sm0y23,ogaoger,eq9953,MEF: Nope,73,1776245393.0
1sm0y23,ogasf4j,SerenityFey,WFH = Work from Highway,61,1776247441.0
1sm0y23,ogap3x7,[deleted],I built my life to avoid this. I genuinely can’t imagine what it’s like for those of us that’s stuck like this day in day out,49,1776245743.0
1sm0y23,ogaoq1x,Seanwys,"That pickup truck driver is a real baller lol

If it’s running diesel, bro is burning a few ringgit every minute he’s stuck in traffic",80,1776245535.0
1sm0y23,ogaogbq,salmonmilks,"oil still subsidized heavily, nobody would afford to care yet",47,1776245392.0
1sm0y23,ogavpyo,AzrulKebab,"Meanwhile me,

""Tauke, kerja WFH, boleh?""

""Mat, you contractor, you mau kerja wfh mana macam?""",19,1776249035.0
1sm0y23,ogaz09u,cravenfan32,"lol. I still remembered covid, WFH was encouraged. Boss still wanted the staff to come to office despite having no projects. Boss argument was since he paid us, he wants to see our faces in office. He didn't care if we did nothing, playing with our phones or watching movies on our computers. He just wants us present in office. I quit one week later.",17,1776250501.0
1sm0y23,ogauels,Healthy_Brick_4361,"A large number of companies and sme still their bosses with a mindset ""have to work in the office"" only considered as ""working"". Also old school companies don't want to invest in infrastructure that allows staff convenience. The boss says ""I pay you salary not to give you convenience"". Most businesses are still like that unfortunately.",15,1776248418.0
1sm0y23,ogas57k,syukara,"Msia private sector bosses be like

Ain't no war gonna make my staff from WFH. Thats a hoax.",27,1776247300.0
1sm0y23,ogaphtt,Abyss_Wanderer19,Either cut the subsidy to 100 litre or increase the subsidized price. This will eventually push employer to enforce WFH.,55,1776245948.0
1sm0y23,ogapcvg,obserwowanym,the govnt kowtow to MEF,10,1776245876.0
1sm0y23,ogawwqs,New-Air-8982,"https://preview.redd.it/ofql374x1cvg1.jpeg?width=3024&format=pjpg&auto=webp&s=b09cda75fac28a6b1b8dc207cf3b71c89bfff11b

Hello OP I’m here an hour later",9,1776249582.0
1sm0y23,ogarxdk,EValbonne,Somehow this week is more jam than usual. Tf,9,1776247190.0
1sm0y23,ogc7x80,Cold-Union3387,"Malaysian bosses when you ask to WFH: 'How I know you working?'

Meanwhile the 2 hours you spend in jam every day is perfectly fine productivity-wise 😭",7,1776265114.0
1sm0y23,ogao5ko,axlalucard,don’t complain... walamef will hunt you down,21,1776245229.0
1sm0y23,ogaq2cy,ise311,Remove the ron95 subsidy to see real effect,20,1776246250.0
1lqkl1x,n13g39z,[deleted],fuck kitkat all me homie eat WAFER DENGAN KRIM COKLAT,340,1751533081.0
1lqkl1x,n13fxth,tepung_,"i still buy until now, can get easily at aeon or giant

best part is they has halal jakim",261,1751532991.0
1lqkl1x,n13g8au,Calm-Contest2678,This chocolate waffles basically KitKat for 1980s - 2000s kids,78,1751533163.0
1lqkl1x,n13fttw,ChardCandid8387,the white one better,200,1751532927.0
1lqkl1x,n13fltu,CiplakIndeed1,I remember when one set cost RM1.,36,1751532798.0
1lqkl1x,n13h9x9,ZeneticX,"As far as I know, they never changed the packaging right? Kudos to them for that, part of our childhood is preserved and its so recognisable",19,1751533780.0
1lqkl1x,n13f3bu,Kazuriff_kun,Good stuff,42,1751532501.0
1lqkl1x,n13h9se,Ninjaofninja,you just revealed your age... that you are for sure not below 20.,17,1751533778.0
1lqkl1x,n13hbts,EternalGunplaWorks,Eating one now as of this post,8,1751533811.0
1lqkl1x,n13halm,ECU_wizard,"Bruh I still have a supply in my car, always took one when hungry during drives",7,1751533791.0
1lqkl1x,n13iig8,jay833,Children Day's gift pack.,5,1751534508.0
1lqkl1x,n13ikc7,jywye,"wym dont lie, we all did",4,1751534539.0
1lqkl1x,n13g162,nivak,I always remember my grandparents when I see this. They always gave one of this and a packet of Yeoh's soya bean (the white packet) to me and my brothers when we visited. Good times,3,1751533046.0
1lqkl1x,n13i91u,Silly_Bat_2318,"*we all ate this before

*edukasimasadepankita*",8,1751534354.0
1o8r0zc,njx0zvc,simpforTJ,Aku kesian la dekat budak yang ada adab tapi kurang pandai. Terpaksa bercampur dengan bodoh & takde adab,1206,1760673917.0
1o8r0zc,njx0o5i,popicebyyui,"Yep

Or easier

Jangan membiak kalau tak reti/mahu jaga anak.",308,1760673771.0
1o8r0zc,njx0xv7,sirgentleguy,"This looks ok-ish. At least they just sleep. I’ve seen classes where the pupils just go in and out of class like they own the place, even during exams.",265,1760673893.0
1o8r0zc,njx05yn,jerCSY,"The funny thing is that, this kind of students and classes has always been there.",73,1760673547.0
1o8r0zc,njx0wgw,[deleted],"NGL, i also sleep in class. thats cause asrama is so exhausting and we have class everyday, only some rest during prayer and eating. and biology is so boring. but i dont annoy other while doing so, sleep quietly at the back. teachers do get mad sometimes, but my SPM results also pretty decent cause I study back what i sleep in class.

as the last batch taking UPSR, i can already see the grades dropping significantly by gen alpha. what i miss in covid i already covered back, but kids miss a lot from early stage of their life which can't be easily teached now.

and in exam, especially in sejarah, i NEVER sleep. I dont get enough time to write everything I want to write.",62,1760673875.0
1o8r0zc,njx02mp,serpventime,next 10 years those sleeping kids will open thread dengan soalan bodoh in whatever social media platform that exists,98,1760673506.0
1o8r0zc,njx2v6l,otomennn,Pretty sure I have seen similar situation when I took my SPM 20 years ago.,24,1760674773.0
1o8r0zc,njx2xif,Conscious_Law_8647,">If you don't want to teach your child how to be a human, don't send to school. Send to zoo.

OP, I diasgreed with this statement...

****They shouldn't have kids in the first place****, if they dont know jackshit to raised a children",21,1760674803.0
1o8r0zc,njx3ufn,ysfmsf92,"Of course we can all rant and post here and there, but the reality is, there’s really nothing we can do. Inflation keeps going up, and both parents have to focus on earning just to survive. It’s hard to shift our minds fully to think about the kids. You also can’t just say ‘don’t have children’ because if no one has kids, the future will be even more devastating.",27,1760675234.0
1o8r0zc,njx6z6d,Glittering-Bed-882,the tidur gang is better than the nakal gang....,19,1760676748.0
1o8r0zc,njx30dw,Dizzy995,"it takes a village to raise a child.
Based on all the things happen lately, we are all at fault parents, teachers, ministers, society.
Lets all reflect on how we can be better so that the next generation will be better than the previous",7,1760674841.0
1o8r0zc,njxa0rj,Small-Complaint1768,Never should have removed UPSR and PMR,8,1760678303.0
1o8r0zc,njx1clz,Own_Struggle_1815,Millennials are the worst generation of parents ever. They raised these kids to be this bad. Most parents see their kids as little angels when these little shit act like the demon itself.,33,1760674077.0
1o8r0zc,njxfx71,cake4five,"Tbh, I dont even know why school still trying to divide “best” class and “worst” class, I always hate it even during my times, nothing scream more to those students “you guys are terrible”.

I choose to be in those “bad” class because I like arts *(yes arts class is consider as bad students)*, and I have classmates that are ‘gangsters’ but during exams they asked for tips and I always shared it with them and everyone turn out okay.

Never teach/show these kids what they want to do after school or what they have interest in, then throw them in Uni being clueless, and lastly school should not have removed UPSR and PMR, it teach students about the importance of sitting for proper exams.

Always blaming, and no solutions.",8,1760681487.0
1o8r0zc,njx3zow,potatocakesssss,"Lack of proper nutrition causing them to be sleepy. A lot of kids don't have breakfast, the canteen food is nasilemak with 1/4 egg rice also ciput size. What to expect ?",10,1760675303.0
1o8r0zc,njxf8pj,Winter_Nectarine_727,There shouldn't be a worst class in school. If everyone is lazy or naughty in the class.. They will continue to do so. Break them up into other classes and once they realize their peers are studying and they are fooling around.. They start to look stupid.,4,1760681110.0
1o8r0zc,njxgs82,ohmylordplskillme,"not from MY but during my time, i had this classmate back in sekolah menengah - she started working pt jobs when she was 13 mostly towards FNB mostly kerja banquet cause that's the only job u can get at 13. sometimes she would work till very late, she would end up falling in asleep in class - during exams too, kadang-kadang tk datang sekolah pun. we had to take our national exams when we were 16, pretty sure she only came for 1 of the papers then she just mysteriously disappeared during the rest, never to be seen again. i sometimes think about her and wonder how is she doing in life right now.

there were times in school where we had our disagreements but when it comes to this part of her, i genuinely feel bad because it was obvious she had to fend for herself at a young age. at this age, selalunya kita rely mak bapa to support us whether its financially or emotionally or physically but there's some people who unfortunately do not have that same privilege as us. i went to her house before and i knew she wasn't in good terms with her family other than her older sister who im pretty sure had to go thru the same thing as her.

i knew deep in her heart, she wanted to focus on studying alone and not work till she was much more older but because of unforeseen circumstances, she had no other choice.

i feel that as a society despite what country we are in, kita sepatutnya shouldn't judge one's background so easily because 1 person = 1 life. just because we have the privilege to have time to study, it doesn't mean other people have that privilege. im not saying sleeping in exams is justified, parents do have a part to play in their child's education but also we need to be more empathethic sebelum kita judge.",5,1760681967.0
1o8r0zc,njxrvdm,Monsta_Owl,"Hi OP, as frustrated as you are. Let's look at it from these kids perspective. Are they stupid? Absolutely not! They think study gets them nowhere by the looks of it. Dare i say might be, they are neglected (maybe), parents have money, doing things that are illegal currently online earning money making them think (so whats the point of going to school?) if all is but an obligation, and a multitude of different reasons which the list goes on and on, never ending.

  
Look at it from another angle, you say the kid from doing drug, he might like to work with his hands, or he might like programming. What you need to understand our education system is based on rote learning. If you teach these kids another way, it might work. or it might now.

  
I respect you for your profession. But if you think about it, don't be like our teachers, strive to be better OP. Maybe the kids talents is play football. Then you could say to them, would you like to at least a normal football player who could think like a normal adult? Or an idiot who talks nonsence but knows how to play football. Or tell them education is important, or else how to negotiate a better contract if you can't even read what you are signing. Kena tipu nanti. Tell them its already that bad nvm don't study for exam, just read for your personal growth. If you can't score better in the exam then so be it (case by case) but naturally, if they study without worrying about the exam but just for the knowledge, i think in the long run it will correct itself naturally.

  
I might be spewing bu11sh1t for all i know OP. It's just my opinion. We need many other people besides engineer, doctor and lawyer.",5,1760688500.0
1o8r0zc,njzuqoy,Conscious_Rip_6834,"If you’re a teacher speaking about 14 year old kids like this? Then you lack basic empathy. Of course kids don’t see the point of studying - especially if the teaching in general sucks. 

If you can’t motivate a bunch of children to study, I would say it speaks more to the motivator than the child",5,1760718183.0
1sk6sp8,ofwwrbo,Seanwys,"Bros really said “this is your future”

https://preview.redd.it/oc92t6cirxug1.jpeg?width=1206&format=pjpg&auto=webp&s=48651e727b76b629711c56304b2b525747ca21ce

Where is this masjid so I can donate",693,1776076574.0
1sk6sp8,ofww9w3,One-Analysis-,This is good visual aid to the rempits.,510,1776076342.0
1sk6sp8,ofwxbgy,kurangak,"last time polis took photos of motorbike accidents, and show them to rempits whenever they caught them

idk if they still do that. tbh they should still show them. a little bit of trauma can go a long way",306,1776076840.0
1sk6sp8,ofwy6f4,Dicky_Dicku,"Ini I support, btw bradda I jual insurance

Can we diskusi, put my poster banner etc? I provide of course",101,1776077225.0
1sk6sp8,ofwwud9,Longjumping-Fly6131,rempit moves to another jalan,83,1776076614.0
1sk6sp8,ofwyw3i,D-FX_77,Spawn camping customers,79,1776077537.0
1sk6sp8,ofx2p84,f4rdan1smyn4m3,"Ngl,that is a good action. I would just took a glance at the coffin and immediately slam down onto the brakes",42,1776079164.0
1sk6sp8,ofwzoax,Just_Tomatillo6295,Sadly it's possible that these rempits are either don't care or too dumb to get the message,37,1776077879.0
1sk6sp8,ofwyivy,Blindedbyman,Doesn't really work. Can't get through enough due to low IQ and thick numbskull,59,1776077377.0
1sk6sp8,ofwyprn,Easy_Mongoose2942,"should have add price tag. 

""the attack is effective""",21,1776077459.0
1sk6sp8,ofwzi1k,ProfessionalCoach996,![gif](giphy|zaB7dTEHx581vwPHPB|downsized),22,1776077801.0
1sk6sp8,ofwxw7e,soonersoup,Support this,35,1776077097.0
1sk6sp8,ofwzyxm,Away-Dust6440,"Lmao, where can I support this type of trolling",13,1776078006.0
1sk6sp8,ofwxw5u,momomelty,They should have erect it upwards for more visibility. Still a good message though,33,1776077097.0
1sk6sp8,ofwzvv5,Idunknowwhyimhere,they drive so fast and cannot see it clearly lol,12,1776077969.0
1sk6sp8,ofwz8tx,rudeeamin,Untung sangat tu dapat keranda kalau badan tak berkecai la.,13,1776077691.0
1sk6sp8,ofwzc1w,r1chreddit,![gif](giphy|uvfEYoOq7HPAA|downsized),7,1776077729.0
1sk6sp8,ofwzuzc,FunPeach5963,Before vs After,7,1776077959.0
1sk6sp8,ofy6gss,kinwai,"At first I thought it’s gonna be some cringe shit

I ended up giving my wholehearted support. Heck. Where is this masjid? I wanna make a donation",7,1776092041.0
1sk6sp8,ofypvvn,See_My_Level,"Send this template to their family members for near future use

https://preview.redd.it/4lngjggtgzug1.jpeg?width=371&format=pjpg&auto=webp&s=a979cc2fae273f4e0f0b6e7367497e774e4a734b",7,1776097190.0
1sk6sp8,ofx0nf4,Blacklist_777,"Ha ha ha ha... 30 over years of brain-dead can't be effected by small matters. 
    Those trills and dopamine are more realistic.",6,1776078304.0
1sk6sp8,ofx1t7m,aiaidy,letak kt bawah x nampak. angkat pastu jalan je kt tepi tu auto pandang,5,1776078794.0
1sk6sp8,og4axh8,AdRepresentative8723,"I know this would be deeply disrespectful to the deceased’s family, but I’m confident forcing all arrested mat rempits to attend a funeral involving a fellow mat rempit would do wonders. Make them sit through the entire funeral procession. 

The same applies to arrested drink drivers too. Make them attend a funeral of someone whose life was lost due to drink driving. 

That said, this would be plain disrespectful and inappropriate to the grieving families. 

*When I was in college, I attended a funeral of my classmate’s elder brother who died from driving under influence (of drugs). The wailing parents, teary-eyed girlfriend, solemn faces…the experience was genuinely harrowing, enough to scare the shit out of anyone who even thinks of driving under influence.*",4,1776169211.0
1sk6sp8,ofx2nwn,Loose_Ad5143,This type of rempit still need cofin? Can I just pill up and burn like the zombie in walkin dead?,4,1776079149.0
1sk6sp8,ofx7uq2,Illustrious_Worth692,Sudah standby 😂😂😂 lepas accident kubur terus,4,1776081232.0
1sk6sp8,ofxl7z2,moore927353,"**THE LIFE OF A MAT REMPIT**:

https://preview.redd.it/l02jtmeikyug1.jpeg?width=2832&format=pjpg&auto=webp&s=5bd7746be8fc38fa9c508790d2fc83b699c2f7e4

Ride fast, die young.  
And break their parent's heart.

---

The follwing was just posted 35 mins ago.

>*Tragedy in Kuantan: Teenagers Killed, Others Hurt in Illegal Race*  
[https://www.reddit.com/r/malaysia/s/mjd1B6tA5U](https://www.reddit.com/r/malaysia/s/mjd1B6tA5U)",7,1776085862.0
1sk6sp8,ofx92b9,iammissunnamed,"With that speed, don't think they'd be able to see the coffin. Very likely, they just see a white box lol",3,1776081681.0
128a373,jehxpro,PembacaSkrip,#100K upvotes and I will eat uranium-235 👍,569,1680321129.0
128a373,jehzrqe,Mr_Monji,1 UPVOTE AND I WILL WALK ALL DAY,195,1680322326.0
128a373,jei8cjd,Minimum_Slice_2808,"Mine not greedy, 10 upvotes I will go to sleep now",87,1680327952.0
128a373,jei2a03,Brad_Brace,"420 upvotes and I will attempt to 69 myself. Alternatively, 69 upvotes and I'll definitely 420 myself.",153,1680323858.0
128a373,jei33p3,Runthefool,I care OP so must down otw. 👎,30,1680324385.0
128a373,jehz7yf,Ok_External_1812,1M UPVOTES AND I WILL CRASH THE MOON TO EARTH,31,1680322002.0
128a373,jei3ccq,[deleted],"I care for your health so i downvoted, and I'm pretty sure 1k upvoted is pretty much impossible to achieve in this sub",19,1680324538.0
128a373,jeib38o,tepung_,1k in bolehland is reallyhard lol,14,1680330006.0
128a373,jei63fn,alexong5011,Easier to get that kind of attention at TikTok,6,1680326357.0
128a373,jeiknbj,Dismal_Caterpillar85,pura pura lagi...padahal habis sdah kau minum tu tadi...,6,1680338003.0
128a373,jei2ac5,PinkyP17,Don't bro nanti masuk ICU,5,1680323864.0
128a373,jei1ju1,Melodic_Dragonfly391,"I really hope you don't, but shoot if I don't want to know what it tastes like....",3,1680323409.0
128a373,jei9j78,Verbicz,I will not upvote this because I do not want you endanger yourself,3,1680328818.0
128a373,jeimwdr,ivanirisk123,Dude's turning into Steve1989MRE,3,1680340022.0
128a373,jej0dku,[deleted],jangan minum gila,3,1680350798.0
128a373,jei1vo1,CyberMark96,Wtf?! 🤣🤣,2,1680323616.0
128a373,jei7a74,CommitTaxEvasion,avogadro constant of upvotes and i eat OP 😳,2,1680327186.0
128a373,jeii7pz,VisualL0RD,Oh no,2,1680335854.0
128a373,jejhwxz,NoDifficulty1866,10 upvotes i will beat my meat to datin seri rosmah,2,1680359945.0
128a373,jekbaq1,Azzamno1,This going to turn into chubbyemu videos real quick,2,1680372291.0
128a373,jei62l1,iscreamsandwiches,Please buy [new bottle of it](https://s.lazada.com.my/s.5av3f?cc). Not worth 1k updoot :|,2,1680326340.0
128a373,jeikojp,lightningcold69,"Poor this OP, he must be lonely on weekend.",1,1680338032.0
128a373,jei5o4f,Axciotial_B,I will upvote if you drink clorox,-1,1680326058.0
128a373,jei1gds,Life_Chicken1396,690 upvotes and i will lose my virginity after ramadhan,-47,1680323349.0
1de48g5,l896n3c,Numanplayzfro,The war is over,441,1718191998.0
1de48g5,l897nxr,Lyzer_light,This is so wholesome holy shit,277,1718192520.0
1de48g5,l896hvg,WrongdoerReal8450,Is this real chat?,172,1718191922.0
1de48g5,l897vnp,wot130013135,They should make contents together. Surely will be a hit 🤣,165,1718192625.0
1de48g5,l8966g5,[deleted],"Woahh. The war is over.

Btw got any update ah? Like any of them got saman ke apa ke..?",115,1718191756.0
1de48g5,l898nnh,raiken92,"If this was an anime, they would've been best friends now ..",102,1718193008.0
1de48g5,l89fo2m,frootlooooop,"https://preview.redd.it/rsjrcvcjz46d1.jpeg?width=625&format=pjpg&auto=webp&s=0d2bc2fafd2c7deb458cec353cc26468e63e47fb

nah I'd win",87,1718196228.0
1de48g5,l899tl4,guest18_my,https://preview.redd.it/ogzj9njmr46d1.png?width=620&format=png&auto=webp&s=88ef5a79b3500d6a720b639a87ec2d9c9dc9da91,73,1718193569.0
1de48g5,l8986pq,[deleted],"Dulu lawan, sekarang kawan.",37,1718192778.0
1de48g5,l899jqv,UbiWan96,This is a better peace treaty than when Avatar Aang ended the 100 years war,32,1718193437.0
1de48g5,l89boo3,Playful_Ground_6527,SATU MALAYSIA!!!!! 🗣🗣🗣🗣🗣🔥🔥🔥🇲🇾🇲🇾🇲🇾🇲🇾,27,1718194453.0
1de48g5,l898h41,LyraSoulCore,The Good Ending,48,1718192919.0
1de48g5,l89bgfx,forcebubble,"""Dah, shake hands, berdamai""

""Okay, mari"".",22,1718194348.0
1de48g5,l89bkzg,[deleted],This is the most wholesome thing I've seen this year🥺,15,1718194405.0
1de48g5,l8999jx,CokodokPisang,That Long Beach shirt gonna be pricey af🤣,9,1718193301.0
1de48g5,l89atv7,nova9001,"Chinese Indian Malay. Unity.

See the smile on all 3 so fake. The police is like if you guys don't settle then go to jail. The other 2 guys like you watch out bro.",31,1718194053.0
1de48g5,l89rk7i,XxXKakekSugionoXxX,"I don't know if I must happy or dissapointed 

![gif](giphy|PFgqgWiifz879nqUBO|downsized)",5,1718200906.0
1ku3iq6,mtym61w,[deleted],"got femboy milk ?

https://preview.redd.it/zacoq78zvn2f1.png?width=720&format=png&auto=webp&s=2d2630ea7cdcb1779d04d8c0bfebba171d9aa08c",510,1748062730.0
1ku3iq6,mtynm98,Exact-Warthog6244,"How you getting on buddy, read your post a while ago about you being excommunicated from your family. Hope you're getting along OK. If I'm in the area I'll drop by to support you. All the best and keep up your entrepreneurial spirit.",302,1748063483.0
1ku3iq6,mtypm7z,hybridjunkie,Got femboy serving those drinks? I'm all in.,65,1748064558.0
1ku3iq6,mtyn7lg,GeniusGamer_M,Are you wearing your cross play as your work attire?,87,1748063268.0
1ku3iq6,mtyqjc2,Vegetable-Donkey1319,Why not use kukubird coffee?🙈,55,1748065064.0
1ku3iq6,mtynqrr,Saito_SinOfKind,https://i.redd.it/3x7wobweyn2f1.gif,78,1748063550.0
1ku3iq6,mtyrrk1,LinXueLian,"Imma open a mascgirl shop next to yours to complement ✅

We gonna turn Msia into a weeb den, yes we are",22,1748065746.0
1ku3iq6,mtyutul,Bombwriter17,This truly is Bolehland.,22,1748067510.0
1ku3iq6,mtyuae2,pudding567,I want to travel from SG to visit,19,1748067199.0
1ku3iq6,mtyqc4f,Paradigm_Shift_93,Using astolfo in a banner 😂,40,1748064952.0
1ku3iq6,mtypjz5,DramaticStudio4782,"![gif](giphy|3o7ZetIsjtbkgNE1I4)

OTW NOW",17,1748064524.0
1ku3iq6,mtyqnvs,Noob-Shit-s-A-God,All the best in your endeavours. I'll swing by if I'm around to support,18,1748065134.0
1ku3iq6,mtysv0m,Any-Scratch6353,drop the location op,13,1748066369.0
1ku3iq6,mtyso85,Dr_RatioHSR,"Aight, drop the location. I'll swing by after work .",11,1748066261.0
1ku3iq6,mtyzq37,thispersonnotrreally,https://preview.redd.it/fgtxvo3oio2f1.jpeg?width=1472&format=pjpg&auto=webp&s=40dbd120fa167ca50d16c5cd1798499d0e11bb5d,11,1748070362.0
1ku3iq6,mtyst50,Sociopathic_ninja,Oh hell yeahh… lokasi’,10,1748066339.0
1ku3iq6,mtytq4f,ilovetrapdick,Hope you are getting well...,9,1748066872.0
1ku3iq6,mtymheb,Saf751,Praying to God this doesnt get heavily criticised,58,1748062890.0
1ku3iq6,mtypnix,Past-Brother3030,Now THIS is my kind of place,17,1748064578.0
1ku3iq6,mtyqibx,amazing_D,half an hour away from me ;.;,9,1748065049.0
1ku3iq6,mtz8cme,ho4X3n,Pray to whatever god you believe in that you don't attract any horny religious nuts. They will cancel if they suddenly feel horny when they see you.,9,1748075590.0
1ku3iq6,mtysn01,Affectionate_Camp289,"Hey, good luck! Will visit you one day!",7,1748066241.0
1ku3iq6,mtym98s,Numerous_Brilliant_1,Where in specifically can I find this femboy milk,15,1748062775.0
1ku3iq6,mtytsli,ishlazz,"Do you use special milk?

Ok jokes aside, where tho? Damn shame i work at cyber early morning, dont think i can ever drop by 😮‍💨",7,1748066912.0
1ku3iq6,mtyx0vq,cursedanomalyofsteve,Yo you need a mascot 🙏,8,1748068788.0
1jokmpz,mksixid,Federal_Minute789,i live at the condo this video was taken and legit can feel the heat from here. heard the explosion too. crazy,347,1743473363.0
1jokmpz,mksl1vb,Byakuyahahah,Syaitan do be having a grand entrance,431,1743474162.0
1jokmpz,mksj1ab,FurubayashiSEA,"ngl, this is the most *happening* hari raya I seen for past decade.",494,1743473402.0
1jokmpz,mksj8qu,No-Vanilla7885,And we only started April of 2025,162,1743473479.0
1jokmpz,mkskaok,genryou,![gif](giphy|M5qk4eOz4fCXuXWJe4),91,1743473875.0
1jokmpz,mkskmv7,tyingnoose,That's a fire breathing dragon over there,82,1743474003.0
1jokmpz,mksonl2,kampfpuppy,"https://preview.redd.it/k73ka7lwz4se1.png?width=2948&format=png&auto=webp&s=fc97898f2135284ebb3fab966e96b035bd3e7f65

Staying 10km away near puchong-cyber, sand gets blown all the way here",78,1743475565.0
1jokmpz,mkszzwh,haywire090,"https://preview.redd.it/9xl6vh6ge5se1.jpeg?width=585&format=pjpg&auto=webp&s=a9a5a9f4f70f4109b43a4b1adb8e7c9bf1842ff3

A car from near the incident holy shiettt",70,1743480441.0
1jokmpz,mksjmjd,matreps,most lit raya in recent memory,71,1743473622.0
1jokmpz,mksk58o,Fiydarealone,Bro didn't say April Fools i think this might be real,111,1743473818.0
1jokmpz,mksp3v3,fkingprinter,"https://preview.redd.it/3n9b7uhh05se1.jpeg?width=3024&format=pjpg&auto=webp&s=045d4330c59cbc37ed4998918533b4c1cf2fa2a4

From USj1",42,1743475743.0
1jokmpz,mksl4fc,konaharuhi,kesian tech kena masuk kerja,31,1743474190.0
1jokmpz,mksz633,alphabetanuts,"Saw one vid near ground zero, looks like a nuclear fallout lmao",24,1743480052.0
1jokmpz,mksqdam,arian10iskandar,new Mercun raya just dropped 🗣️🔥🔥🔥,22,1743476247.0
1jokmpz,mktc075,Downtown_Marzipan404,"Saw Comments in tiktok, so toxic. Here in reddit still ok. This is why I rarely open tiktok now.",24,1743486785.0
1jokmpz,mksjmdq,fongky,[https://www.nst.com.my/news/nation/2025/04/1195774/fire-and-rescue-department-confirm-gas-pipeline-fire-puchong](https://www.nst.com.my/news/nation/2025/04/1195774/fire-and-rescue-department-confirm-gas-pipeline-fire-puchong),17,1743473621.0
1jokmpz,mkt6z0q,Emergency-Research69,![gif](giphy|WYf6iOlsqKdnDPMRNl),12,1743483935.0
1jokmpz,mkspehv,Past-Brother3030,"""Relax it's an April Fool's prank!""

The prank:",29,1743475860.0
1jokmpz,mkt96nq,[deleted],[deleted],8,1743485153.0
1jokmpz,mksougb,exquido,"Bro: Haha, april fool
The prank:",16,1743475639.0
1jokmpz,mkstjwq,CaterpillarFar763,"Beats Chinese new year fireworks, but hope no one is hurt.",15,1743477563.0
1jokmpz,mksjwyl,[deleted],Hell on earth. Rapture,12,1743473732.0
1hqtedo,m4sj9ks,Dip2pot4t0Ch1P,Osmosis berbalik aka filtered water. Man that thing either taste funky as shit or just straight up bitter.,334,1735698753.0
1hqtedo,m4si23m,adm_ashraf26,Kenapalah sekolah asyik beli botol air INI untuk kem motivasi? Kenapa?!,232,1735698250.0
1hqtedo,m4sfvc6,Due-Trouble-5149,White caps are shit,112,1735697339.0
1hqtedo,m4tqsjf,PatientClue1118,https://preview.redd.it/mbses7p0mcae1.jpeg?width=960&format=pjpg&auto=webp&s=586c6c1d84b5e064de4e9cf60c7f300b2b5d13e2,43,1735722460.0
1hqtedo,m4sjbyo,evescookies,and laboost too,34,1735698780.0
1hqtedo,m4sjrbq,chokyjep,Tk sedap bodo air ni 😭,81,1735698962.0
1hqtedo,m4sh2fl,RealElith,im just amazed that you tasted shit before.,86,1735697840.0
1hqtedo,m4simwb,Desperate_Bike4053,This one and summer ...I hate both,34,1735698492.0
1hqtedo,m4t18b8,flowing_laziness,"Taknak takpe, more for me... I'll drink and hoard it so you don't have to.",10,1735706868.0
1hqtedo,m4sjtac,WishIhad1Million,Since spritzer changed from 1.5 to 1.25 i drink im mad,7,1735698984.0
1hqtedo,m4t8eko,AaAddie,Especially if left under a hot sun all day. Smells funky too,7,1735710794.0
1hqtedo,m4sorp0,SicgoatEngineer,RiverMaster needed,7,1735701115.0
1hqtedo,m4t0d05,[deleted],I like it better than mineral water.,7,1735706432.0
1hqtedo,m4soev9,Cunnysseur_ToT,https://preview.redd.it/zsxi5i63uaae1.jpeg?width=566&format=pjpg&auto=webp&s=aa4820add9df0417e264e59f3c720510ce770e78,26,1735700959.0
1hqtedo,m4sp4o5,NyesTart1399,With honor,5,1735701273.0
1hqtedo,m4szj4j,Fledramon410,Dont white bottle cap la. Buy blue or green only,5,1735706019.0
1hqtedo,m4sl2kp,tuvokvutok,I can relate. Rasa macam air paip.,13,1735699516.0
1hqtedo,m4sq7wv,lifeinthesudolane,Hahaha.Yes! Weird coconut taste. I hate it.,4,1735701747.0
1hqtedo,m4tctk6,hornyfish0705,funnily enough I always like the taste,7,1735713437.0
1oqqr8q,nnkphxy,[deleted],😂 kelantan people blaming the woman for dressing like that now,631,1762511812.0
1oqqr8q,nnkth1e,Final-Gift-2299,"the man has a wife that laughed when he talked about molesting this woman's breasts and describing what he believes the woman's vagina looks like. THE WIFE. LAUGHED.

Ko tak malu ke kahwin dengan manusia jelik dengan jijik macam ni? Ewwwww sumpah perangai sampah masyarakat

![gif](giphy|7Fle9uyqBnzKvYRr3W)",140,1762514021.0
1oqqr8q,nnknyzr,Seanwys,"Don't stop there girly, lawyer up and sue his ass too 

https://preview.redd.it/jyhie2xu9tzf1.jpeg?width=830&format=pjpg&auto=webp&s=bac6f3e32b9fad8a79e1aa25490b36d5b585c57a",390,1762510920.0
1oqqr8q,nnkrm81,misconduxt,https://preview.redd.it/umd0zhj2gtzf1.jpeg?width=256&format=pjpg&auto=webp&s=cb664d4c3a33e4805370f2addf21f87d6fe26964,127,1762513009.0
1oqqr8q,nnkr770,nova9001,Hope police take these seriously. Creeps like these going around recording people without consent and making low class remarks.,124,1762512776.0
1oqqr8q,nnkpf4o,NymphSosurim64,Mapuh loh jatey Klate tu. Wak malu kat oghe Klate blako boh!,105,1762511767.0
1oqqr8q,nnksetc,EverydayMakeYouCry,"What makes it worse is he have family and kids.  
The wife also laugh it off as nothing happened.",49,1762513450.0
1oqqr8q,nnkoxl1,SheSaidOtaku,Sue till he even loses his clothes. Except his underwear. No one wants to see his tiny dick.,56,1762511481.0
1oqqr8q,nnkv2jn,Robin7861,Faxkkkk..she's Russian? I'll be darned is she's somehow related to their royal family.,29,1762514854.0
1oqqr8q,nnkpvhe,moore927353,"In the eye's of extremists, only the following women clothing are considered to be modest and acceptable:

https://preview.redd.it/a9ih6b06dtzf1.jpeg?width=940&format=pjpg&auto=webp&s=17acb44bb6fea6d7738d61c04a9be355b85cb81f

Good thing that most Malaysians 🇲🇾 are sensible modern people. 👍

And medieval political parties who demean Women's Rights will never be voted into Putrajaya.",104,1762512032.0
1oqqr8q,nnkrctu,MapBubbly5383,"Guys got any video what she said about this Russia girl? 
I didn't know what actually happen.",20,1762512864.0
1oqqr8q,nnksxje,ToneBitter1984,Shouldn’t blur that idiot face so  everyone knows him,18,1762513734.0
1sb2fld,oe0c2oy,PigsAlsoCanFly,At least he didn't have the TH remark.. berani untuk gagal..,605,1775187473.0
1sb2fld,oe0cn9q,EmittingLight,kepala buto usaha,848,1775187700.0
1sb2fld,oe0agxp,spaghetticode94,"I like how his dad's name is ""Mamat"".",394,1775186838.0
1sb2fld,oe0bn7i,GoldenSheepSheep,Theres a difference between trying and plain lazy. BM D also cuz of mark scheme.,180,1775187302.0
1sb2fld,oe0b6zm,Xxshadow-godxX,is it a satire post?,92,1775187123.0
1sb2fld,oe0e70k,manamajaff,"Jujur la cakap as someone that crammed in 80% of studying the week before spm, kalau ko betul2 study tu memang paling tak pun lulus semua ni

Semua G tu maksudnya langsung takde benda masuk otak somehow time studying atau dia ya2 je kata study",79,1775188321.0
1sb2fld,oe0co1o,Ownicwhan,"BM D, BI G dan bro cakap dia usaha padahal tu subjek paling asas, kau tk tryhard un boleh atas C-B💔🥀",74,1775187708.0
1sb2fld,oe0dmnn,Infinismegalis,"Pendidikan Islam gagal tapi probably grow up jadi penjuang agama against arak, Judi and x hormat orang puasa sahaja. Zina xlawan sbb itu dosa 'peribadi', rempit pula hobi, Xkan nak condemn.",252,1775188090.0
1sb2fld,oe0bl7t,Twerktilassbounce,"SPM is just one of many character stats, not rezeki. Rezeki is gacha. Git gud",112,1775187280.0
1sb2fld,oe0atjh,justplaypve,"CEFR A1, can goreng his mom and dad that he got at least an A1",111,1775186975.0
1sb2fld,oe0iwm5,AdRepresentative8723,"Unless OOP is genuinely challenged, macam mana blh ckp “*usaha dah*” with those kind of grades. Also, what good is “*doa*” if there isn’t hardwork.

Issue is, 10-15 years from now, people like him are more likely to sprout bitter or racist bs (but framed as “hard truths”), blaming the government or type C/I for their lack of success in life. SPM doesn’t determine one’s future, but one can tell a person’s attitude with those kind of grades. More crucially, OOP doesn’t even have a SPM cert to begin with, which is the bare minimum.",31,1775190301.0
1sb2fld,oe0cvcx,Jalabula69,Masuk politik PAS,61,1775187789.0
1sb2fld,oe0czxq,Faiz101,"My SPM back then terok gak so baik saya diam

https://preview.redd.it/akqdourucwsg1.jpeg?width=548&format=pjpg&auto=webp&s=eb1f38edfc3a1e3fc184c6301ff2aa5793785686",23,1775187840.0
1sb2fld,oe0ddhn,Ibadvapergrammar,Gen z busy mat rempit pstu bising score rendah hahah,24,1775187988.0
1sb2fld,oe0j9fk,otomennn,I am sorry. Is Bahasa Malaysia really hard for Malay boy?  It is in Malay.,18,1775190454.0
1sb2fld,oe0bhf2,No_Challenge_8098,hm mcm tak mencuba pun,17,1775187238.0
1sb2fld,oe0eore,ConversationTough308,"Arif yang ""kurang Arif""....",17,1775188523.0
1sb2fld,oe0h1kl,hybridjunkie,"""F students are inventors"" type ahh post",17,1775189502.0
1sb2fld,oe0e2wu,Dry-Baby315,Haha “ dah cuba sebaik mungkin” pala lancau,16,1775188274.0
1sb2fld,oe0efoa,skeptical_kitty,Bro probably complains about not being entitled to fuel subsidies while not having a license,15,1775188419.0
sgmu11,huxhgvt,Intelligent-Target25,Vine enjoyer😎 vs cringe fake prank cinta2 couple2 fans🤢🤮,264,1643590311.0
sgmu11,huxdfx5,Soraryn,Idek who those people are,139,1643588700.0
sgmu11,huxgh13,Conor_288,Who are these people lol i only know geng bas sekolah,128,1643589914.0
sgmu11,huxdh7b,Big-Olive-9470,Yang bawah nmpk cam geng Tik Tok orang putih,101,1643588715.0
sgmu11,huxas0m,[deleted],Sapa yal bawah tu?,112,1643587623.0
sgmu11,huxmr54,caparisme,Siapakah mangkuk-mangkuk hayun bawah umur ini?,36,1643592432.0
sgmu11,huxff7d,[deleted],[removed],29,1643589487.0
sgmu11,huxn6es,Arrmadas,Sila meninggal ⚡🧔🏿⚡,62,1643592610.0
sgmu11,huxlrei,FuyRina,who the fuck are those. btw Luqman ftw,29,1643592023.0
sgmu11,huxks7o,xhikari,BTS looks kinda different there don't they?,20,1643591626.0
sgmu11,huxkzq6,Additional_Drive6018,fuck ammar nazhan my homies hate ammar nazhan,22,1643591711.0
sgmu11,huxq1dg,ThatsNoTmE-3428,Two words.... Scripted pranks,22,1643593761.0
sgmu11,huxvz6p,TrafalgarSP,"Zaman kegemilangan Zukiee, Luqmanpodolski, Rezzadude youtuber skrang cringe nak mampus",21,1643596144.0
sgmu11,huy8z6o,Amirul_Ash,"Remember Kamus and Myvi?

Somehow he manage to make the dompet and lipas one.",18,1643601758.0
sgmu11,huxe24y,[deleted],The yassification of orang melayu,34,1643588949.0
sgmu11,huxgh0a,[deleted],Who the fuck are these people lmao,15,1643589914.0
sgmu11,huxfwic,[deleted],[deleted],15,1643589684.0
sgmu11,huyf7va,StunningLetterhead23,Why is everyone in the bottom picture wearing makeup,13,1643604916.0
v3t177,ib0j83e,Different-Tie-375,"As a form 3 student, this is quite funny",107,1654244270.0
v3t177,ib0c8ua,teacray71,Is that how to basic?,79,1654238100.0
v3t177,ib0ht2n,ops_weirduncle,Hahaha. Kelakar gila,28,1654242944.0
v3t177,ib0oobd,talimwasintomemesetc,Me when I had adhd and can’t solve a math problem,24,1654249349.0
v3t177,ib2cf2v,adm_ashraf26,Form 3 students crying with joy right now,14,1654280263.0
v3t177,ib1qmh7,aRedditorNamedZack,Me struggling math in highschool cuz I didn’t study almost 2 year,8,1654270802.0
v3t177,ib0jiri,A_Very_Burnt_Steak,I'm older than that,3,1654244537.0
v3t177,ib0k5cs,Objective-Ad7330,"I just go news of this today from teacher, damn.",3,1654245136.0
v3t177,ib0nnj3,Silver_Book_0707,Real shit?,3,1654248407.0
v3t177,ib0h858,LugerCarrier,u/savevideo,2,1654242408.0
v3t177,ib0nj8x,JustACasualGamer3343,"As a form 3 student, this is accurate",2,1654248294.0
v3t177,ib1c48m,fortressboi12345670,Bro i just finished my math exam today,2,1654264344.0
v3t177,ib2rtd2,Apprehensive_Data845,"Then how to decide student going to science or art stream? Or right now, anyone can go to either stream they want without considering their exam result?",2,1654287563.0
v3t177,ib31l9d,[deleted],"I am now form 4 and still terrible at math. although a little better than before. just a little.
I'm terrified of the upcoming SPM. Why is addmath a thing T_T",2,1654292485.0
v3t177,ib17oz9,tiny_food,"Surprisingly my maths got 74 ...
I don't even study",0,1654262209.0
v3t177,ib1rqxe,LaughFearless9068,Is this too keep the future rakyat dumb and easily manipulated/ influenced?,0,1654271272.0
v3t177,ib0hcdj,QurRr_lelaki,u/savevideobot,1,1654242515.0
v3t177,ib1jjhq,First-King-8870,What you said was too accurate,1,1654267721.0
v3t177,ib1ljrq,EarlyTHK,So that's how is done,1,1654268608.0
v3t177,ib2mq9u,sangdong322,Salute to the cameraman to adjust back and front accordingly,1,1654285110.0
v3t177,ib3aspj,Ok-Application-hmmm,But we asian,1,1654297446.0
v3t177,ib3c62y,15yearsTitanShifter,"Lol. To get students to ‘like’ Maths, it’s 60% from teachers(imo). Experience: F4, angry sensitive teacher. F5, wholesome wise teacher. Shet, i could still teach my Sis +Maths even dough I took Art course.",1,1654298208.0
v3t177,ib3fbcq,Shieng85,PT3 canceled we all became Zach King,1,1654300005.0
v3t177,ib3ilef,LAZUREX,As a from 1 student i dont get it what the joke?,1,1654301925.0
v3t177,ib3kpm2,Tamuture69,"As a year (international student) I never had it :p

IGCSE tho... :(",1,1654303147.0
v3t177,ib3ml3a,scheiber42069,"The final part really get me

That one friend next to you

Oii bro tiru siki",1,1654304220.0
v3t177,ib3no72,blowmexd,real,1,1654304835.0
1r9pc22,o6e075t,ImpressNervous4382,"Asik customer je support peniaga, bila peniaga nak support customer?

Orang berniaga ni pelik, bila harga barang naik, harga jual pon naik, bila turun, harga sama.

Ingatkan bila ekonomi lemah, semua susah, rupanya customer je yang susah.",514,1771575493.0
1r9pc22,o6dzykk,Gumuk_pindek,I am waiting for the yearly post of bazaar ramadhan mahal. Dont have the energy to go to any of them anymore. Would like to see this year inflation,189,1771575358.0
1r9pc22,o6dy9ig,SeiekiSakyubasu,"Quesillo from what i see, is just puding caramel made with cheese cream. Puding selalunya bubuh susu tapi yang quesillo ni dia tambah cream chesse, tu je. Baki lain semua hampir sama je.",98,1771574404.0
1r9pc22,o6dze71,Twerktilassbounce,Thank God for not making me a foodie and being content with the same routine everyday.,44,1771575036.0
1r9pc22,o6e07ye,RedRunner04,RM15 got me a full nasi kandar set from a mamak yesterday…,38,1771575505.0
1r9pc22,o6e2ikv,AsfiqIsKioshi,Lain macam kan melayu zaman sekarang meniaga,35,1771576816.0
1r9pc22,o6e035a,Longjumping-Fly6131,"tunggu tres leches dulce de leche pulak.... 

  
Huhuhu",33,1771575430.0
1r9pc22,o6e0b6u,BananaJoe_Ktard,Bazaar ramadhan nowadays becomes t5 food lol 😂. So expensive,23,1771575555.0
1r9pc22,o6e4hrf,firdnord,Lancau ah support kalau dah bangsa sendiri pun meniaga macam nak rompak duit orang,21,1771577937.0
1r9pc22,o6e4xjw,Seanwys,"I went to bazaar Ramadan last year, saw the prices and left lol

Bazaar Ramadan window shopping is the new trend 😭",22,1771578189.0
1r9pc22,o6dypjw,karlkry,quesillo vairellzz lima belas ringgit sepotong lmaoooo sama lah dengan karipap 3 biji 10 ringgit,39,1771574655.0
1r9pc22,o6e9t65,Crafty_Car_1721,"Pakcik taxi, peniaga bazar, peniaga kaki lima - semua mentaliti hauk..fikir untung dia je..sikit2 tak balik modal, dah kenapa customer nak kena pikir pasal untung kau. Jual tak ikhlas, cheese pun cheese instant paket, chocolate mai kilang OEM mana ntah dia guna pastu meratib “premium” memanjang..",17,1771580965.0
1r9pc22,o6dzw78,Sandalperson,Whew I thought he called him the n word,12,1771575321.0
1r9pc22,o6evvil,Specialist_Serve6661,"Aku tengok banyak orang mention pasal peniaga melayu complain pembeli tak sapot lokal tapi aku tak pernah pulak nampak peniaga actually complain benda tu

Tapi aku setuju yang peniaga Melayu ni memang jenis suka nak dapat untung cepat dan suka letak harga melampau",10,1771591600.0
1r9pc22,o6fmt0l,cyst16,"Don't underestimate my pettiness, seller. I might even open a booth right beside you just to undercut you",9,1771600350.0
1r9pc22,o6eni4q,nakduitkau,Asal tepek nama western je terus jadi mahal. Extra mahal kalau guna non-anglo western sounding name. Typical food scam in Malaysia.,7,1771588079.0
1r9pc22,o6ezwsg,edehlah,who still goes to bazaar? also im curious about prices on those that are on cheaper tapak bazaar in KL.,8,1771593092.0
1r9pc22,o6eajwo,[deleted],"Puting caramel cheese meleleh ..... Top up with susu pekat, susu cair sell it for rm20 t20 price",8,1771581371.0
1r9pc22,o6eefj5,PristinePineapple87,"Got no experience as Abg Kueh Bazar Ramadan, so need those with experience to explain.

Is sewa Bazar Ramadan very so expensive that you must jacked up price so much?
Or it's just greedy people charge greedy prices?

Thank you 😊",4,1771583509.0
1r9pc22,o6ekji5,Ok-Application-hmmm,Haven’t went to bazaar quite a long time…though I don’t know the situation,5,1771586670.0
1r9pc22,o6gp0ic,KneeGearlol,"""Support local, btw Air milo RM7""",4,1771610944.0
1r9pc22,o6h8a5k,wetbunny77,"I actually started baking Alot of stuff on my own when I realised how I could use better ingredients for better results and also play around with the recipes.
My wife made coconut flour based cheesecake just 3 days ago and I made vanilla sponge cake with strawberry jam layer and choco chips in it yesterday.",3,1771616249.0
1r9pc22,o6hz774,Mr_Resident,i support my own money . idc what race sell something i buy the cheapest one,3,1771624206.0
1r9pc22,o6kietv,Jumpy_Instance4683,"saya baru je masak pudding caramel, lagi berbaloi, penjual ni kadang kadang lagi noob dari kita sebenarnya 🤣",2,1771660980.0
1ifai0w,maefx19,KamiNari_252,"https://preview.redd.it/v0sa9c9j5kge1.jpeg?width=540&format=pjpg&auto=webp&s=2567b7fbd3d059a4a5856c87726643eb4ef553b5

Uiiaia this shit kiddo",456,1738428859.0
1ifai0w,maeisgf,StableLower9876,Context? Sorry I'm too old for this,150,1738429704.0
1ifai0w,maehc61,drakzsee,Otaknya berkulat,87,1738429274.0
1ifai0w,maefjpo,luna9wx,Dog: you talkin to me?,31,1738428751.0
1ifai0w,mah5ngv,Greenboy_1681,"Better than skibidi toilet alright, so appreciate about it",21,1738459237.0
1ifai0w,maemsk3,[deleted],i thought the kid just speaking child gibberish but damn tiktok,19,1738430898.0
1ifai0w,maff5b2,Appropriate_Pea_3822,I hate that I understand this without going to the comments 😅,18,1738439322.0
1ifai0w,maewga9,IOnlyKnowComment,It's not late to send your kid to an adoption center,9,1738433762.0
1ifai0w,mafa6om,xadasf,I tot is brain power but the spelling doesn't seem right kekw,7,1738437835.0
1ifai0w,magcqsz,ThothofTotems,Proof her kid has too much screen time,6,1738449822.0
1ifai0w,mah8rs7,OkPay1598,Hahahahahaha my daughter did this and my wife hates it. 🤣,5,1738460312.0
1ifai0w,mah0fa4,[deleted],"Cat memes are somehow tolerable, even entertaining.",5,1738457498.0
1ifai0w,mahfzoc,TwentyInsideTheSig,Brain rot,3,1738462757.0
1ifai0w,mahlf9i,CyberMark96,Butoh dia. 🤣🤣,3,1738464604.0
1ifai0w,mahvk15,WriterWhoWantedToDie,The children of the future will know memes far greater than ours,2,1738468098.0
1ifai0w,mai7ow8,Calvinooi,"Don't forget we had ""heckin' doggo"" back in the day",2,1738472939.0
1ifai0w,maii5xh,Used-Calligrapher565,Uiiiiaaaiiiauuuu,2,1738477503.0
1ifai0w,manyqzi,Familiar-Lobster-385,"Car Spin, Mom head aso spin",2,1738548296.0
1ifai0w,maoythp,Top_Wealth8581,https://preview.redd.it/0lsn8u9e4vge1.jpeg?width=776&format=pjpg&auto=webp&s=24e4957e732aba4d2613ab0b3cb23b8bcd0a085b,2,1738561652.0
1ifai0w,mb217uc,xanox1010,https://preview.redd.it/mg8w10wc49he1.png?width=720&format=png&auto=webp&s=30ecce6e94185fedf162ca08f8e8efd3a8ac98cd,2,1738731137.0
1ifai0w,mairtam,XMenPerseus56,"No joke, you know those ai cat animations with those meow-meow rendition of a song, one day I have gone to buy some groceries, only to hear a mother singing that meow-meow song to the child. I felt like the new generation is doomed.",3,1738482536.0
1ifai0w,maggw1x,luckytecture,I really thought this is a soad reference 😔,1,1738451157.0
1ifai0w,mahqv0j,Yellina_Kowrowski666,Damn My brain just read that.,1,1738466481.0
1ifai0w,mahwqr2,penpushingelf,Maybe the kid is trying to mouth out “Oyen”?,1,1738468531.0
1ifai0w,makkjkb,Mr_Resident,i only now this stupid meme from pink italian cat,1,1738512207.0
1ifai0w,maoodhk,phin999,I would say the oiia cat is better than skibidi,1,1738557193.0
1ifai0w,maoxbg7,AssistantBest3857,Idiocracy is getting nearer and nearer this days.,1,1738560948.0
1ifai0w,mapkj1e,Upsidedownrightthicc,Next generation is cooked,1,1738573922.0
